name,place_id,address,categories,place_types,current_popularity,popular_times,coordinates.lat,coordinates.lng,rating,rating_n,populartimes,time_wait,time_spent
828 Ng. 850 Đ. Láng,ChIJpz3Ryl2rNTERpSpv9Q0QZlA,"828 Ng. 850 Đ. Láng, Láng Thượng, Hoàn Kiếm, Hà Nội, Vietnam",,,,,21.0190871,105.8026428,,,,,
756 Đ. Láng,IjESLwoUChIJq43LXlyrNTERpRM69icQmbUQ9AUqFAoSCZeZs02DrDUxEUiFDEHN_GA9,"756 Đ. Láng, Yên Hoà, Đống Đa, Hà Nội, Vietnam",,,,,21.0204356,105.80156869999999,,,,,
1074/12 Đ. Láng,ChIJOxNvrkSrNTERu8RRErO1My4,"1074/12 Đ. Láng, Tổ Dân Phố Số 19, Đống Đa, Hà Nội, Vietnam",,,,,21.024348,105.7990748,,,,,
1068 Đ. Láng,ChIJoT-0TFurNTER_3HrLsYZwAc,"1068 Đ. Láng, Yên Hoà, Đống Đa, Hà Nội, Vietnam",,,,,21.0239482,105.79865149999999,,,,,
612 Đ. Láng,ChIJ11XcZWCrNTERQ3X763cBF64,"612 Đ. Láng, Trung Hoà, Cầu Giấy, Hà Nội, Vietnam",,,,,21.013896,105.806614,,,,,
474 Đ. Láng,ChIJMRbm6p2sNTERwJgHHsQikpw,"474 Đ. Láng, Trung Hoà, Cầu Giấy, Hà Nội, Vietnam",,,,,21.009726,105.812776,,,,,
1092 Đ. Láng,ChIJxcqbtkSrNTERuwyxZpG79cg,"1092 Đ. Láng, Láng Thượng, Đống Đa, Hà Nội, Vietnam",['Building'],[['compound_building']],,,21.0243808,105.79845019999999,,,,,
1130 Đ. Láng,ChIJb5v7jUSrNTERCaV9taJs2jE,"1130 Đ. Láng, Yên Hoà, Cầu Giấy, Hà Nội, Vietnam",,,,,21.026180999999998,105.79854999999999,,,,,
1130 Đ. Láng,ChIJb5v7jUSrNTERCaV9taJs2jE,"1130 Đ. Láng, Yên Hoà, Cầu Giấy, Hà Nội, Vietnam",,,,,21.026180999999998,105.79854999999999,,,,,
808 Đ. Láng,ChIJaWYVNFyrNTERE_odlPTvQVI,"808 Đ. Láng, Trung Hoà, Cầu Giấy, Hà Nội, Vietnam",,,,,21.0182787,105.80298359999999,,,,,
876 Đ. Láng,ChIJCcvbT1yrNTER4zUV2Cy1n3w,"876 Đ. Láng, Láng Thượng, Đống Đa, Hà Nội, Vietnam",,,,,21.0200316,105.8020727,,,,,
676 Đ. Láng,ChIJG7siKl6rNTERo2XzlmtBG6g,"676 Đ. Láng, Trung Hoà, Cầu Giấy, Hà Nội, Vietnam",,,,,21.014948,105.80545199999999,,,,,
868 Đ. Láng,ChIJP1t5TlyrNTERdvk1oD_2ux0,"868 Đ. Láng, Yên Hoà, Đống Đa, Hà Nội, Vietnam",,,,,21.0200051,105.8020834,,,,,
600 Đ. Láng,ChIJu3ZFYWCrNTERDuIUM5Q3Ewg,"600 Đ. Láng, Láng Hạ, Đống Đa, Hà Nội 10000, Vietnam",['Building'],[['compound_building']],,,21.014203,105.8067051,,,,,
986 Đ. Láng,ChIJ52ApoVyrNTER9cuLai2P2dc,"986 Đ. Láng, Yên Hoà, Cầu Giấy, Hà Nội, Vietnam",,,,,21.022738999999998,105.799877,,,,,
760 Đ. Láng,ChIJo0kucV6rNTERcznbpZGme6I,"760 Đ. Láng, Trung Hoà, Đống Đa, Hà Nội, Vietnam",,,,,21.017309299999997,105.8035688,,,,,
660 Đ. Láng,ChIJbx2ShGCrNTERyaGWdpaz_N0,"660 Đ. Láng, Láng Hạ, Đống Đa, Hà Nội, Vietnam",['Building'],[['compound_building']],,,21.0151781,105.8059713,,,,,
702 Đ. Láng,ChIJ7TGEFF6rNTERGNvMoQbWBZg,"702 Đ. Láng, Trung Hoà, Đống Đa, Hà Nội, Vietnam",['Building'],[['compound_building']],,,21.016470899999998,105.80427449999999,,,,,
1174 Đ. Láng,ChIJC9IsII6rNTER4PwapFAk8Dk,"1174 Đ. Láng, Yên Hoà, Đống Đa, Hà Nội, Vietnam",,,,,21.0271796,105.7997721,,,,,
356 Đ. Láng,ChIJ1eJ0BJ2sNTERDn7fMEegDow,"356 Đ. Láng, Nhân Chính, Thanh Xuân, Hà Nội, Vietnam",,,,,21.008318,105.81482,,,,,
Ng. 1150 Đ. Láng/78 Đ. Láng,ChIJ6zf5qUSrNTERMeMvgdQLvVQ,"Ng. 1150 Đ. Láng/78 Đ. Láng, Tổ Dân Phố Số 16+Tổ Dân Phố Số 17, Đống Đa, Hà Nội, Vietnam",,,,,21.0242452,105.7996362,,,,,
30 Ngh. 3,ChIJU3o0sl2rNTERL4H1XoGLMaM,"30 Ngh. 3, Láng Thượng, Đống Đa, Hà Nội, Vietnam",,,,,21.0197631,105.8028899,,,,,
159 Ng. 1194 Đ. Láng,ChIJy_KWyVyrNTER-WUzlWp0j7g,"159 Ng. 1194 Đ. Láng, Láng Thượng, Đống Đa, Hà Nội, Vietnam",,,,,21.0232788,105.80126489999999,,,,,
61 Ng. 1194 Đ. Láng,ChIJ1dr3vEOrNTERNkq1JNVuoEo,"61 Ng. 1194 Đ. Láng, Láng Thượng, Đống Đa, Hà Nội, Vietnam",,,,,21.027757899999997,105.80140589999999,,,,,
28 Ng. 426 Đ. Láng,ChIJk4fvkp2sNTERF60Gajj5Npc,"28 Ng. 426 Đ. Láng, Láng Hạ, Đống Đa, Hà Nội, Vietnam",,,,,21.0101422,105.8130226,,,,,
424 Đ. Láng,ChIJGRrAmZ2sNTERrjgz5UxqNzU,"424 Đ. Láng, Láng Hạ, Đống Đa, Hà Nội, Vietnam",['Building'],[['compound_building']],,,21.0097819,105.8136992,,,,,
1 Ng. 1160 Đ. Láng,ChIJ8zZIh0SrNTERz9R-TZav21Y,"1 Ng. 1160 Đ. Láng, Láng Thượng, Đống Đa, Hà Nội, Vietnam",,,,,21.026752899999998,105.799191,,,,,
4 Đ. Láng,ChIJyxuKZmCrNTER84TWiRieFIA,"4 Đ. Láng, hiển linh, Hoài Đức, Hà Nội, Vietnam",,,,,21.0139679,105.80671869999999,,,,,
626 Đ. Láng,ChIJv2TrfGCrNTER7jHjxrydj_0,"626 Đ. Láng, Trung Hoà, Cầu Giấy, Hà Nội, Vietnam",,,,,21.014295999999998,105.806168,,,,,
,,,,,,,,,,,,,
69 Đ. Láng,ChIJCVQEu0OrNTERooctaJEoloE,"69 Đ. Láng, Láng Thượng, Đống Đa, Hà Nội, Vietnam",['Building'],[['compound_building']],,,21.027455099999997,105.80166609999999,,,,,
2 Đ. Láng,ChIJy3QT0V2rNTERr5LhurLpgwQ,"2 Đ. Láng, Láng Thượng, Đống Đa, Hà Nội, Vietnam",,,,,21.018231,105.80308099999999,,,,,
11 Đ. Láng,ChIJ8-Zysl2rNTERis5tyxaizSg,"11 Đ. Láng, Láng Thượng, Đống Đa, Hà Nội, Vietnam",,,,,21.019912599999998,105.80287419999999,,,,,
64 Đ. Láng,ChIJZSREjkOrNTERca614bkFfis,"64 Đ. Láng, Láng Thượng, Đống Đa, Hà Nội, Vietnam",,,,,21.0276741,105.800294,,,,,
124 Đ. Láng,ChIJAWAspoSsNTERDXySkwa8fsg,"124 Đ. Láng, Thịnh Quang, Đống Đa, Hà Nội, Vietnam",['Building'],[['compound_building']],,,21.0045695,105.8180563,,,,,
532 Đ. Láng,ChIJ9_d_42GrNTERE_MmY67qzsk,"532 Đ. Láng, Láng Hạ, Đống Đa, Hà Nội, Vietnam",,,,,21.0115517,105.81054379999999,,,,,
452 Đ. Láng,ChIJm57evZ2sNTERU_nUkmuLKgA,"452 Đ. Láng, Trung Hoà, Cầu Giấy, Hà Nội, Vietnam",,,,,21.009432999999998,105.81327399999999,,,,,
45 Đ. Láng,ChIJSRsnvISsNTERhf_3wnw6rJo,"45 Đ. Láng, Thượng Đình, Thanh Xuân, Hà Nội, Vietnam",,,,,21.003619,105.818512,,,,,
Ng. 1194 Đ. Láng,ChIJ5ZuuRkOrNTERmM-4QytkTmo,"Láng Thượng, Đống Đa, Hanoi, Vietnam",,,,,21.025379299999997,105.8010317,,,,,
1194 Đ. Láng,ChIJq6rGG52sNTERMysDKGX1OZ4,"1194 Đ. Láng, Thịnh Quang, Đống Đa, Hà Nội 100000, Vietnam",,,,,21.0083657,105.8153847,,,,,
,,,,,,,,,,,,,
,,,,,,,,,,,,,
14 Ng. 850 Đ. Láng,IjASLgoUChIJSV1nsl2rNTEROXM7JhIzPEAQDioUChIJ-TuWTFyrNTERqy-tN7iOiho,"14 Ng. 850 Đ. Láng, Láng Thượng, Đống Đa, Hà Nội, Vietnam",,,,,21.0198358,105.8028453,,,,,
726 Đ. Láng,ChIJ12g2bV6rNTER04BoF2nlnic,"726 Đ. Láng, Láng Thượng, Đống Đa, Hà Nội, Vietnam",['Building'],[['compound_building']],,,21.0168322,105.80404519999999,,,,,
740 Ng. 850 Đ. Láng,IjESLwoUChIJ9z2PS1yrNTER-fnSA--3oYcQ5AUqFAoSCfk7lkxcqzUxEasvrTe4jooa,"740 Ng. 850 Đ. Láng, Đống Đa, Hà Nội, Vietnam",,,,,21.0196097,105.8024423,,,,,
500 Đ. Láng,ChIJ51Yd8J2sNTERHQivmf9Q60M,"500 Đ. Láng, Láng Hạ, Đống Đa, Hà Nội 100000, Vietnam",['Building'],[['compound_building']],,,21.010370899999998,105.81220289999999,,,,,
1194/Đ. Láng/34 63,ChIJ-3-GrkOrNTERaPi334oHbkQ,"1194/Đ. Láng/34 63, Tổ 02, Đống Đa, Hà Nội, Vietnam",,,,,21.0270471,105.8022106,,,,,
145 Ng. 562 Đ. Láng,IjESLwoUChIJTxmMkGGrNTERVNE_qqfitQAQkQEqFAoSCUv5o_dgqzUxEX3IDhwbSLaO,"145 Ng. 562 Đ. Láng, Láng Hạ, Đống Đa, Hà Nội, Vietnam",,,,,21.0132522,105.81036979999999,,,,,
468 Đ. Láng,ChIJF4Ukvp2sNTER1-ZDHf4Hv_8,"468 Đ. Láng, Trung Hoà, Cầu Giấy, Hà Nội, Vietnam",,,,,21.009515999999998,105.81313499999999,,,,,
,,,,,,,,,,,,,
73 Ng. 1194 Đ. Láng,ChIJy9iQo0OrNTERtftLWYyL_Xo,"73 Ng. 1194 Đ. Láng, Láng Thượng, Đống Đa, Hà Nội, Vietnam",['Building'],[['compound_building']],,,21.0270847,105.80145399999999,,,,,
892 Đ. Láng,ChIJCQK9SVyrNTERyTGMWkO14dk,"892 Đ. Láng, Láng Thượng, Đống Đa, Hà Nội, Vietnam",,,,,21.020590199999997,105.8017699,,,,,
45 Đ. Láng,ChIJSRsnvISsNTERhf_3wnw6rJo,"45 Đ. Láng, Thượng Đình, Thanh Xuân, Hà Nội, Vietnam",,,,,21.003619,105.818512,,,,,
145 Ng. 562 Đ. Láng,IjESLwoUChIJTxmMkGGrNTERVNE_qqfitQAQkQEqFAoSCUv5o_dgqzUxEX3IDhwbSLaO,"145 Ng. 562 Đ. Láng, Láng Hạ, Đống Đa, Hà Nội, Vietnam",,,,,21.0132522,105.81036979999999,,,,,
740 Ng. 850 Đ. Láng,IjESLwoUChIJ9z2PS1yrNTER-fnSA--3oYcQ5AUqFAoSCfk7lkxcqzUxEasvrTe4jooa,"740 Ng. 850 Đ. Láng, Đống Đa, Hà Nội, Vietnam",,,,,21.0196097,105.8024423,,,,,
438 Đ. Láng,ChIJVaKtvZ2sNTERXRyFP2Kv4wg,"438 Đ. Láng, Trung Hoà, Cầu Giấy, Hà Nội, Vietnam",,,,,21.009359999999997,105.813396,,,,,
Ng. 562 Đ. Láng/25 Đ. Láng,ChIJg8Zlx2GrNTERiWsGNeqCFDI,"Ng. 562 Đ. Láng/25 Đ. Láng, Tổ 58, Đống Đa, Hà Nội 100000, Vietnam",,,,,21.0127606,105.80946399999999,,,,,
188 Đ. Láng,ChIJ9XgiwZysNTERns2CLUb4aR8,"188 Đ. Láng, Nhân Chính, Thanh Xuân, Hà Nội, Vietnam",,,,,21.006534,105.816035,,,,,
106 Đ. Láng,ChIJ19asqpysNTERHGFgTWlQTIw,"106 Đ. Láng, Thượng Đình, Thanh Xuân, Hà Nội, Vietnam",,,,,21.004845,105.817286,,,,,
20 Ng. 538 Đ. Láng,ChIJ0VrZ7mGrNTERt376ZkHnwi0,"20 Ng. 538 Đ. Láng, Láng Hạ, Đống Đa, Hà Nội, Vietnam",,,,,21.0121878,105.8103821,,,,,
202 Đ. Láng,ChIJv4RywZysNTER_ItlwDlVMaQ,"202 Đ. Láng, Nhân Chính, Thanh Xuân, Hà Nội, Vietnam",,,,,21.006659,105.816048,,,,,
7 Ng. 122 Đ. Láng,ChIJG6wVp4SsNTER0NvNRnq6SUY,"7 Ng. 122 Đ. Láng, Thịnh Quang, Đống Đa, Hà Nội, Vietnam",,,,,21.0046335,105.8182734,,,,,
738 Đ. Láng,ChIJ_WV2el6rNTERE6XPw7UADgU,"738 Đ. Láng, Láng Thượng, Đống Đa, Hà Nội, Vietnam",,,,,21.0170276,105.8037839,,,,,
486 Đ. Láng,ChIJWVAw6Z2sNTERFxEVS0ai0Gw,"486 Đ. Láng, Trung Hoà, Cầu Giấy, Hà Nội, Vietnam",,,,,21.009949,105.8123899,,,,,
34 Đ. Láng,ChIJsRwMkZ2sNTERUhRbAkQslWs,"34 Đ. Láng, Láng Hạ, Đống Đa, Hà Nội, Vietnam",['Building'],[['compound_building']],,,21.0100388,105.81337819999999,,,,,
1150 Đ. Láng,ChIJe9FQkUSrNTERca62k7VP4ew,"1150 Đ. Láng, Láng Thượng, Đống Đa, Hà Nội, Vietnam",['Building'],[['compound_building']],,,21.025816799999998,105.7985877,,,,,
1174 Đ. Láng,ChIJC9IsII6rNTER4PwapFAk8Dk,"1174 Đ. Láng, Yên Hoà, Đống Đa, Hà Nội, Vietnam",,,,,21.0271796,105.7997721,,,,,
111 Đ. Láng,ChIJw6JVRp2sNTEROHhcTLdLx8Y,"111 Đ. Láng, Thịnh Quang, Đống Đa, Hà Nội, Vietnam",,,,,21.009439999999998,105.81637699999999,,,,,
526 Đ. Láng,ChIJY2mTB56sNTERqAWf-b8x6LM,"526 Đ. Láng, Trung Hoà, Cầu Giấy, Hà Nội, Vietnam",,,,,21.0105429,105.811353,,,,,
570 Đ. Láng,ChIJA-xbSmCrNTERfpp7iuCGgIo,"570 Đ. Láng, Láng Hạ, Đống Đa, Hà Nội, Vietnam",['Building'],[['compound_building']],,,21.013023999999998,105.8082759,,,,,
1174 Đ. Láng,ChIJC9IsII6rNTER4PwapFAk8Dk,"1174 Đ. Láng, Yên Hoà, Đống Đa, Hà Nội, Vietnam",,,,,21.0271796,105.7997721,,,,,
570 Đ. Láng,ChIJA-xbSmCrNTERfpp7iuCGgIo,"570 Đ. Láng, Láng Hạ, Đống Đa, Hà Nội, Vietnam",['Building'],[['compound_building']],,,21.013023999999998,105.8082759,,,,,
188 Đ. Láng,ChIJ9XgiwZysNTERns2CLUb4aR8,"188 Đ. Láng, Nhân Chính, Thanh Xuân, Hà Nội, Vietnam",,,,,21.006534,105.816035,,,,,
Đ. Láng,Ii4qLAoUChIJl5mzTYOsNTERSIUMQc38YD0SFAoSCQNUdEFdqzUxEbu744_iF3e_,"Láng Thượng, Đống Đa, Hanoi, Vietnam",,,,,21.0215775,105.80108299999999,,,,,
808 Đ. Láng,ChIJaWYVNFyrNTERE_odlPTvQVI,"808 Đ. Láng, Trung Hoà, Cầu Giấy, Hà Nội, Vietnam",,,,,21.0182787,105.80298359999999,,,,,
470 Đ. Láng,ChIJm0-nk52sNTERdlPlvHewaHw,"470 Đ. Láng, Láng Hạ, Đống Đa, Hà Nội 100000, Vietnam",,,,,21.0099145,105.8129439,,,,,
Đ. Láng,Ii4qLAoUChIJl5mzTYOsNTERSIUMQc38YD0SFAoSCW8_YSChrDUxESAiOCoVuKoR,"Trung Hoà, Cầu Giấy, Hanoi, Vietnam",,,,,21.012852799999997,105.8082338,,,,,
Đối Diện 498 Đường Láng,ChIJleut5Z2sNTERu-U9v4iEt-I,"Đối diện 498 Đ. Láng, Trung Hoà, Đống Đa, Hà Nội, Vietnam",['Bus stop'],[['bus_stop']],,"[[7, [[4, 19, 'Usually not busy', '', '4\u202fAM', None, '3a'], [5, 19, 'Usually not busy', '', '5\u202fAM', None, '3a'], [6, 23, 'Usually not too busy', '', '6\u202fAM', None, '6a'], [7, 33, 'Usually not too busy', '', '7\u202fAM', None, '6a'], [8, 44, 'Usually not too busy', '', '8\u202fAM', None, '6a'], [9, 51, 'Usually a little busy', '', '9\u202fAM', None, '9a'], [10, 51, 'Usually a little busy', '', '10\u202fAM', None, '9a'], [11, 49, 'Usually not too busy', '', '11\u202fAM', None, '9a'], [12, 45, 'Usually not too busy', '', '12\u202fPM', None, '12p'], [13, 45, 'Usually not too busy', '', '1\u202fPM', None, '12p'], [14, 50, 'Usually a little busy', '', '2\u202fPM', None, '12p'], [15, 55, 'Usually a little busy', '', '3\u202fPM', None, '3p'], [16, 57, 'Usually a little busy', '', '4\u202fPM', None, '3p'], [17, 58, 'Usually a little busy', '', '5\u202fPM', None, '3p'], [18, 56, 'Usually a little busy', '', '6\u202fPM', None, '6p'], [19, 59, 'Usually a little busy', '', '7\u202fPM', None, '6p'], [20, 61, 'Usually a little busy', '', '8\u202fPM', None, '6p'], [21, 64, 'Usually a little busy', '', '9\u202fPM', None, '9p'], [22, 62, 'Usually a little busy', '', '10\u202fPM', None, '9p'], [23, 57, 'Usually a little busy', '', '11\u202fPM', None, '9p'], [0, 37, 'Usually not too busy', '', '12\u202fAM', None, '12a'], [1, 26, 'Usually not too busy', '', '1\u202fAM', None, '12a'], [2, 18, 'Usually not busy', '', '2\u202fAM', None, '12a'], [3, 18, 'Usually not busy', '', '3\u202fAM', None, '3a']], 0], [1, [[4, 15, 'Usually not busy', '', '4\u202fAM', None, '3a'], [5, 25, 'Usually not too busy', '', '5\u202fAM', None, '3a'], [6, 42, 'Usually not too busy', '', '6\u202fAM', None, '6a'], [7, 61, 'Usually a little busy', '', '7\u202fAM', None, '6a'], [8, 71, 'Usually a little busy', '', '8\u202fAM', None, '6a'], [9, 69, 'Usually a little busy', '', '9\u202fAM', None, '9a'], [10, 67, 'Usually a little busy', '', '10\u202fAM', None, '9a'], [11, 65, 'Usually a little busy', '', '11\u202fAM', None, '9a'], [12, 64, 'Usually a little busy', '', '12\u202fPM', None, '12p'], [13, 59, 'Usually a little busy', '', '1\u202fPM', None, '12p'], [14, 64, 'Usually a little busy', '', '2\u202fPM', None, '12p'], [15, 75, 'Usually a little busy', '', '3\u202fPM', None, '3p'], [16, 89, 'Usually as busy as it gets', '', '4\u202fPM', None, '3p'], [17, 100, 'Usually as busy as it gets', '', '5\u202fPM', None, '3p'], [18, 92, 'Usually as busy as it gets', '', '6\u202fPM', None, '6p'], [19, 80, 'Usually as busy as it gets', '', '7\u202fPM', None, '6p'], [20, 71, 'Usually a little busy', '', '8\u202fPM', None, '6p'], [21, 70, 'Usually a little busy', '', '9\u202fPM', None, '9p'], [22, 69, 'Usually a little busy', '', '10\u202fPM', None, '9p'], [23, 62, 'Usually a little busy', '', '11\u202fPM', None, '9p'], [0, 39, 'Usually not too busy', '', '12\u202fAM', None, '12a'], [1, 23, 'Usually not too busy', '', '1\u202fAM', None, '12a'], [2, 15, 'Usually not busy', '', '2\u202fAM', None, '12a'], [3, 14, 'Usually not busy', '', '3\u202fAM', None, '3a']], 0], [2, [[4, 18, 'Usually not busy', '', '4\u202fAM', None, '3a'], [5, 28, 'Usually not too busy', '', '5\u202fAM', None, '3a'], [6, 42, 'Usually not too busy', '', '6\u202fAM', None, '6a'], [7, 62, 'Usually a little busy', '', '7\u202fAM', None, '6a'], [8, 71, 'Usually a little busy', '', '8\u202fAM', None, '6a'], [9, 71, 'Usually a little busy', '', '9\u202fAM', None, '9a'], [10, 62, 'Usually a little busy', '', '10\u202fAM', None, '9a'], [11, 59, 'Usually a little busy', '', '11\u202fAM', None, '9a'], [12, 61, 'Usually a little busy', '', '12\u202fPM', None, '12p'], [13, 59, 'Usually a little busy', '', '1\u202fPM', None, '12p'], [14, 64, 'Usually a little busy', '', '2\u202fPM', None, '12p'], [15, 69, 'Usually a little busy', '', '3\u202fPM', None, '3p'], [16, 83, 'Usually as busy as it gets', '', '4\u202fPM', None, '3p'], [17, 95, 'Usually as busy as it gets', '', '5\u202fPM', None, '3p'], [18, 99, 'Usually as busy as it gets', '', '6\u202fPM', None, '6p'], [19, 87, 'Usually as busy as it gets', '', '7\u202fPM', None, '6p'], [20, 80, 'Usually as busy as it gets', '', '8\u202fPM', None, '6p'], [21, 76, 'Usually a little busy', '', '9\u202fPM', None, '9p'], [22, 71, 'Usually a little busy', '', '10\u202fPM', None, '9p'], [23, 62, 'Usually a little busy', '', '11\u202fPM', None, '9p'], [0, 38, 'Usually not too busy', '', '12\u202fAM', None, '12a'], [1, 24, 'Usually not too busy', '', '1\u202fAM', None, '12a'], [2, 16, 'Usually not busy', '', '2\u202fAM', None, '12a'], [3, 17, 'Usually not busy', '', '3\u202fAM', None, '3a']], 0], [3, [[4, 14, 'Usually not busy', '', '4\u202fAM', None, '3a'], [5, 24, 'Usually not too busy', '', '5\u202fAM', None, '3a'], [6, 43, 'Usually not too busy', '', '6\u202fAM', None, '6a'], [7, 65, 'Usually a little busy', '', '7\u202fAM', None, '6a'], [8, 74, 'Usually a little busy', '', '8\u202fAM', None, '6a'], [9, 68, 'Usually a little busy', '', '9\u202fAM', None, '9a'], [10, 64, 'Usually a little busy', '', '10\u202fAM', None, '9a'], [11, 64, 'Usually a little busy', '', '11\u202fAM', None, '9a'], [12, 62, 'Usually a little busy', '', '12\u202fPM', None, '12p'], [13, 62, 'Usually a little busy', '', '1\u202fPM', None, '12p'], [14, 64, 'Usually a little busy', '', '2\u202fPM', None, '12p'], [15, 75, 'Usually a little busy', '', '3\u202fPM', None, '3p'], [16, 85, 'Usually as busy as it gets', '', '4\u202fPM', None, '3p'], [17, 89, 'Usually as busy as it gets', '', '5\u202fPM', None, '3p'], [18, 87, 'Usually as busy as it gets', '', '6\u202fPM', None, '6p'], [19, 78, 'Usually a little busy', '', '7\u202fPM', None, '6p'], [20, 73, 'Usually a little busy', '', '8\u202fPM', None, '6p'], [21, 71, 'Usually a little busy', '', '9\u202fPM', None, '9p'], [22, 70, 'Usually a little busy', '', '10\u202fPM', None, '9p'], [23, 61, 'Usually a little busy', '', '11\u202fPM', None, '9p'], [0, 38, 'Usually not too busy', '', '12\u202fAM', None, '12a'], [1, 23, 'Usually not too busy', '', '1\u202fAM', None, '12a'], [2, 15, 'Usually not busy', '', '2\u202fAM', None, '12a'], [3, 13, 'Usually not busy', '', '3\u202fAM', None, '3a']], 0], [4, [[4, 19, 'Usually not busy', '', '4\u202fAM', None, '3a'], [5, 29, 'Usually not too busy', '', '5\u202fAM', None, '3a'], [6, 48, 'Usually not too busy', '', '6\u202fAM', None, '6a'], [7, 67, 'Usually a little busy', '', '7\u202fAM', None, '6a'], [8, 76, 'Usually a little busy', '', '8\u202fAM', None, '6a'], [9, 73, 'Usually a little busy', '', '9\u202fAM', None, '9a'], [10, 66, 'Usually a little busy', '', '10\u202fAM', None, '9a'], [11, 62, 'Usually a little busy', '', '11\u202fAM', None, '9a'], [12, 59, 'Usually a little busy', '', '12\u202fPM', None, '12p'], [13, 59, 'Usually a little busy', '', '1\u202fPM', None, '12p'], [14, 62, 'Usually a little busy', '', '2\u202fPM', None, '12p'], [15, 71, 'Usually a little busy', '', '3\u202fPM', None, '3p'], [16, 81, 'Usually as busy as it gets', '', '4\u202fPM', None, '3p'], [17, 92, 'Usually as busy as it gets', '', '5\u202fPM', None, '3p'], [18, 93, 'Usually as busy as it gets', '', '6\u202fPM', None, '6p'], [19, 85, 'Usually as busy as it gets', '', '7\u202fPM', None, '6p'], [20, 78, 'Usually a little busy', '', '8\u202fPM', None, '6p'], [21, 77, 'Usually a little busy', '', '9\u202fPM', None, '9p'], [22, 73, 'Usually a little busy', '', '10\u202fPM', None, '9p'], [23, 61, 'Usually a little busy', '', '11\u202fPM', None, '9p'], [0, 35, 'Usually not too busy', '', '12\u202fAM', None, '12a'], [1, 21, 'Usually not too busy', '', '1\u202fAM', None, '12a'], [2, 16, 'Usually not busy', '', '2\u202fAM', None, '12a'], [3, 17, 'Usually not busy', '', '3\u202fAM', None, '3a']], 0], [5, [[4, 19, 'Usually not busy', '', '4\u202fAM', None, '3a'], [5, 28, 'Usually not too busy', '', '5\u202fAM', None, '3a'], [6, 44, 'Usually not too busy', '', '6\u202fAM', None, '6a'], [7, 59, 'Usually a little busy', '', '7\u202fAM', None, '6a'], [8, 66, 'Usually a little busy', '', '8\u202fAM', None, '6a'], [9, 63, 'Usually a little busy', '', '9\u202fAM', None, '9a'], [10, 57, 'Usually a little busy', '', '10\u202fAM', None, '9a'], [11, 53, 'Usually a little busy', '', '11\u202fAM', None, '9a'], [12, 53, 'Usually a little busy', '', '12\u202fPM', None, '12p'], [13, 54, 'Usually a little busy', '', '1\u202fPM', None, '12p'], [14, 62, 'Usually a little busy', '', '2\u202fPM', None, '12p'], [15, 72, 'Usually a little busy', '', '3\u202fPM', None, '3p'], [16, 86, 'Usually as busy as it gets', '', '4\u202fPM', None, '3p'], [17, 97, 'Usually as busy as it gets', '', '5\u202fPM', None, '3p'], [18, 98, 'Usually as busy as it gets', '', '6\u202fPM', None, '6p'], [19, 91, 'Usually as busy as it gets', '', '7\u202fPM', None, '6p'], [20, 81, 'Usually as busy as it gets', '', '8\u202fPM', None, '6p'], [21, 81, 'Usually as busy as it gets', '', '9\u202fPM', None, '9p'], [22, 83, 'Usually as busy as it gets', '', '10\u202fPM', None, '9p'], [23, 75, 'Usually a little busy', '', '11\u202fPM', None, '9p'], [0, 50, 'Usually not too busy', '', '12\u202fAM', None, '12a'], [1, 33, 'Usually not too busy', '', '1\u202fAM', None, '12a'], [2, 21, 'Usually not too busy', '', '2\u202fAM', None, '12a'], [3, 18, 'Usually not busy', '', '3\u202fAM', None, '3a']], 0], [6, [[4, 17, 'Usually not busy', '', '4\u202fAM', None, '3a'], [5, 25, 'Usually not too busy', '', '5\u202fAM', None, '3a'], [6, 37, 'Usually not too busy', '', '6\u202fAM', None, '6a'], [7, 54, 'Usually a little busy', '', '7\u202fAM', None, '6a'], [8, 66, 'Usually a little busy', '', '8\u202fAM', None, '6a'], [9, 71, 'Usually a little busy', '', '9\u202fAM', None, '9a'], [10, 67, 'Usually a little busy', '', '10\u202fAM', None, '9a'], [11, 63, 'Usually a little busy', '', '11\u202fAM', None, '9a'], [12, 59, 'Usually a little busy', '', '12\u202fPM', None, '12p'], [13, 61, 'Usually a little busy', '', '1\u202fPM', None, '12p'], [14, 65, 'Usually a little busy', '', '2\u202fPM', None, '12p'], [15, 72, 'Usually a little busy', '', '3\u202fPM', None, '3p'], [16, 80, 'Usually as busy as it gets', '', '4\u202fPM', None, '3p'], [17, 83, 'Usually as busy as it gets', '', '5\u202fPM', None, '3p'], [18, 77, 'Usually a little busy', '', '6\u202fPM', None, '6p'], [19, 72, 'Usually a little busy', '', '7\u202fPM', None, '6p'], [20, 71, 'Usually a little busy', '', '8\u202fPM', None, '6p'], [21, 69, 'Usually a little busy', '', '9\u202fPM', None, '9p'], [22, 67, 'Usually a little busy', '', '10\u202fPM', None, '9p'], [23, 55, 'Usually a little busy', '', '11\u202fPM', None, '9p'], [0, 35, 'Usually not too busy', '', '12\u202fAM', None, '12a'], [1, 26, 'Usually not too busy', '', '1\u202fAM', None, '12a'], [2, 20, 'Usually not too busy', '', '2\u202fAM', None, '12a'], [3, 19, 'Usually not busy', '', '3\u202fAM', None, '3a']], 0]]",21.0101326,105.81182199999999,2.6,9.0,"[{'name': 'Monday', 'data': [37, 26, 18, 18, 15, 25, 42, 61, 71, 69, 67, 65, 64, 59, 64, 75, 89, 100, 92, 80, 71, 70, 69, 62]}, {'name': 'Tuesday', 'data': [39, 23, 15, 14, 18, 28, 42, 62, 71, 71, 62, 59, 61, 59, 64, 69, 83, 95, 99, 87, 80, 76, 71, 62]}, {'name': 'Wednesday', 'data': [38, 24, 16, 17, 14, 24, 43, 65, 74, 68, 64, 64, 62, 62, 64, 75, 85, 89, 87, 78, 73, 71, 70, 61]}, {'name': 'Thursday', 'data': [38, 23, 15, 13, 19, 29, 48, 67, 76, 73, 66, 62, 59, 59, 62, 71, 81, 92, 93, 85, 78, 77, 73, 61]}, {'name': 'Friday', 'data': [35, 21, 16, 17, 19, 28, 44, 59, 66, 63, 57, 53, 53, 54, 62, 72, 86, 97, 98, 91, 81, 81, 83, 75]}, {'name': 'Saturday', 'data': [50, 33, 21, 18, 17, 25, 37, 54, 66, 71, 67, 63, 59, 61, 65, 72, 80, 83, 77, 72, 71, 69, 67, 55]}, {'name': 'Sunday', 'data': [35, 26, 20, 19, 19, 19, 23, 33, 44, 51, 51, 49, 45, 45, 50, 55, 57, 58, 56, 59, 61, 64, 62, 57]}]",,
Đ. Láng,Ii4qLAoUChIJl5mzTYOsNTERSIUMQc38YD0SFAoSCYU603FQqzUxEWEbH0x7q7IR,"Yen Hoa, Cầu Giấy, Hanoi, Vietnam",,,,,21.0228882,105.7998597,,,,,
41 Đ. Láng,ChIJaUhZHZ2sNTERUfRwdaikbjw,"41 Đ. Láng, Nhân Chính, Đống Đa, Hà Nội, Vietnam",,,,,21.0079297,105.81515279999999,,,,,
144 Đ. Láng,ChIJT-BTqISsNTERRkcjKGbF9E4,"144 Đ. Láng, Thịnh Quang, Đống Đa, Hà Nội, Vietnam",,,,,21.004629299999998,105.8178832,,,,,
1072 Đ. Láng,ChIJk9RYs0SrNTERTfFX5Tlcpkk,"1072 Đ. Láng, Yên Hoà, Đống Đa, Hà Nội, Vietnam",,,,,21.0240548,105.7986332,,,,,
21 Ng. 1194 Đ. Láng,ChIJ6y2YkUOrNTER6F5Z_iKH3GM,"21 Ng. 1194 Đ. Láng, Láng Thượng, Đống Đa, Hà Nội 117000, Vietnam",['Building'],[['compound_building']],,,21.0276902,105.8005597,,,,,
Ng. 1150 Đ. Láng,Ii4qLAoUChIJRxWRkESrNTERhAFCPnrdTSMSFAoSCevpixeCqzUxEXW9Sa7-BJFC,"Láng Thượng, Đống Đa, Hanoi, Vietnam",,,,,21.0250551,105.7990646,,,,,
540 Đ. Láng,ChIJCY1_52GrNTERbpcLrGVP_vQ,"540 Đ. Láng, Trung Hoà, Đống Đa, Hà Nội, Vietnam",['Building'],[['compound_building']],,,21.011825899999998,105.80996379999999,,,,,
766 Ng. 850 Đ. Láng,ChIJXXl5TFyrNTER-SGqqRouT8o,"766 Ng. 850 Đ. Láng, Láng Thượng, Đống Đa, Hà Nội 10000, Vietnam",['Building'],[['compound_building']],,,21.019642599999997,105.8023999,,,,,
926 Đ. Láng,ChIJqZ2ZjVyrNTERc5sTuzbW4pQ,"926 Đ. Láng, Yên Hoà, Cầu Giấy, Hà Nội, Vietnam",,,,,21.0217383,105.8010711,,,,,
558 Đ. Láng,ChIJ9aat22GrNTERwT6oy-9XtiA,"558 Đ. Láng, Trung Hoà, Cầu Giấy, Hà Nội, Vietnam",,,,,21.01186,105.809412,,,,,
1194/Đ. Láng/5 Ngách 61/3,ChIJjdzbwEOrNTERR1aitOloAlg,"1194/Đ. Láng/5 Ngách 61/3, Tổ 3+Tổ 4, Đống Đa, Hà Nội, Vietnam",['Building'],[['compound_building']],,,21.0281941,105.80145399999999,,,,,
904 Đ. Láng,ChIJPwx79FyrNTERC_79R4oeVQA,"904 Đ. Láng, Yên Hoà, Đống Đa, Hà Nội, Vietnam",,,,,21.0211982,105.8013979,,,,,
558 Đ. Láng,ChIJ9aat22GrNTERwT6oy-9XtiA,"558 Đ. Láng, Trung Hoà, Cầu Giấy, Hà Nội, Vietnam",,,,,21.01186,105.809412,,,,,
,,,,,,,,,,,,,
11 Ng. 122 Đ. Láng,ChIJBfYdWYOsNTERUf9TlxGt5_k,"11 Ng. 122 Đ. Láng, Thịnh Quang, Đống Đa, Hà Nội, Vietnam",,,,,21.0049253,105.8183112,,,,,
1a Ng. 538 Đ. Láng,ChIJ9-I_7GGrNTER0OHBDGZ0rRg,"1a Ng. 538 Đ. Láng, Láng Hạ, Đống Đa, Hà Nội, Vietnam",['Building'],[['compound_building']],,,21.012449399999998,105.81039709999999,,,,,
538 Đ. Láng,ChIJj3FBjGGrNTERgVY6KWzo0cY,"538 Đ. Láng, Láng Hạ, Đống Đa, Hà Nội, Vietnam",,,,,21.011799,105.8102382,,,,,
,,,,,,,,,,,,,
East Sea Seafood Restaurant,ChIJ4_L5k1yrNTERWlfAlRrCR8Y,"794 Đ. Láng, P, Đống Đa, Hà Nội, Vietnam",['Seafood restaurant'],"[['seafood_restaurant', 'Seafood']]",100.0,"[[7, [[6, 0, '', 'None', '6\u202fAM', 'No wait', '6a'], [7, 0, '', 'None', '7\u202fAM', 'No wait', '6a'], [8, 17, 'Usually not busy', 'None', '8\u202fAM', 'No wait', '6a'], [9, 18, 'Usually not busy', 'None', '9\u202fAM', 'No wait', '9a'], [10, 21, 'Usually not too busy', 'None', '10\u202fAM', 'No wait', '9a'], [11, 24, 'Usually not too busy', 'None', '11\u202fAM', 'No wait', '9a'], [12, 22, 'Usually not too busy', 'None', '12\u202fPM', 'No wait', '12p'], [13, 21, 'Usually not too busy', 'None', '1\u202fPM', 'No wait', '12p'], [14, 22, 'Usually not too busy', 'None', '2\u202fPM', 'No wait', '12p'], [15, 24, 'Usually not too busy', 'None', '3\u202fPM', 'No wait', '3p'], [16, 33, 'Usually not too busy', 'None', '4\u202fPM', 'No wait', '3p'], [17, 44, 'Usually not too busy', 'None', '5\u202fPM', 'No wait', '3p'], [18, 56, 'Usually a little busy', 'None', '6\u202fPM', 'No wait', '6p'], [19, 55, 'Usually a little busy', 'None', '7\u202fPM', 'No wait', '6p'], [20, 47, 'Usually not too busy', 'None', '8\u202fPM', 'No wait', '6p'], [21, 31, 'Usually not too busy', 'None', '9\u202fPM', 'No wait', '9p'], [22, 0, '', 'None', '10\u202fPM', 'No wait', '9p'], [23, 0, '', 'None', '11\u202fPM', 'No wait', '9p']], 0, ['No wait']], [1, [[6, 0, '', 'None', '6\u202fAM', 'No wait', '6a'], [7, 0, '', 'None', '7\u202fAM', 'No wait', '6a'], [8, 14, 'Usually not busy', 'None', '8\u202fAM', 'No wait', '6a'], [9, 18, 'Usually not busy', 'None', '9\u202fAM', 'No wait', '9a'], [10, 16, 'Usually not busy', 'None', '10\u202fAM', 'No wait', '9a'], [11, 22, 'Usually not too busy', 'None', '11\u202fAM', 'No wait', '9a'], [12, 29, 'Usually not too busy', 'None', '12\u202fPM', 'No wait', '12p'], [13, 32, 'Usually not too busy', 'None', '1\u202fPM', 'No wait', '12p'], [14, 24, 'Usually not too busy', 'None', '2\u202fPM', 'No wait', '12p'], [15, 22, 'Usually not too busy', 'None', '3\u202fPM', 'No wait', '3p'], [16, 21, 'Usually not too busy', 'None', '4\u202fPM', 'No wait', '3p'], [17, 33, 'Usually not too busy', 'None', '5\u202fPM', 'No wait', '3p'], [18, 37, 'Usually not too busy', 'None', '6\u202fPM', 'No wait', '6p'], [19, 52, 'Usually a little busy', 'None', '7\u202fPM', 'No wait', '6p'], [20, 52, 'Usually a little busy', 'None', '8\u202fPM', 'No wait', '6p'], [21, 45, 'Usually not too busy', 'None', '9\u202fPM', 'No wait', '9p'], [22, 0, '', 'None', '10\u202fPM', 'No wait', '9p'], [23, 0, '', 'None', '11\u202fPM', 'No wait', '9p']], 0, ['No wait']], [2, [[6, 0, '', 'None', '6\u202fAM', 'No wait', '6a'], [7, 0, '', 'None', '7\u202fAM', 'No wait', '6a'], [8, 27, 'Usually not too busy', 'None', '8\u202fAM', 'No wait', '6a'], [9, 25, 'Usually not too busy', 'None', '9\u202fAM', 'No wait', '9a'], [10, 31, 'Usually not too busy', 'None', '10\u202fAM', 'No wait', '9a'], [11, 45, 'Usually not too busy', 'None', '11\u202fAM', 'No wait', '9a'], [12, 50, 'Usually not too busy', 'None', '12\u202fPM', 'No wait', '12p'], [13, 44, 'Usually not too busy', 'None', '1\u202fPM', 'No wait', '12p'], [14, 27, 'Usually not too busy', 'None', '2\u202fPM', 'No wait', '12p'], [15, 16, 'Usually not busy', 'None', '3\u202fPM', 'No wait', '3p'], [16, 16, 'Usually not busy', 'None', '4\u202fPM', 'No wait', '3p'], [17, 35, 'Usually not too busy', 'None', '5\u202fPM', 'No wait', '3p'], [18, 60, 'Usually a little busy', 'None', '6\u202fPM', 'No wait', '6p'], [19, 75, 'Usually a little busy', 'None', '7\u202fPM', 'No wait', '6p'], [20, 72, 'Usually a little busy', 'None', '8\u202fPM', 'No wait', '6p'], [21, 58, 'Usually a little busy', 'None', '9\u202fPM', 'No wait', '9p'], [22, 0, '', 'None', '10\u202fPM', 'No wait', '9p'], [23, 0, '', 'None', '11\u202fPM', 'No wait', '9p']], 0, ['No wait']], [3, [[6, 0, '', 'None', '6\u202fAM', 'No wait', '6a'], [7, 0, '', 'None', '7\u202fAM', 'No wait', '6a'], [8, 25, 'Usually not too busy', 'None', '8\u202fAM', 'No wait', '6a'], [9, 21, 'Usually not too busy', 'None', '9\u202fAM', 'No wait', '9a'], [10, 17, 'Usually not busy', 'None', '10\u202fAM', 'No wait', '9a'], [11, 28, 'Usually not too busy', 'None', '11\u202fAM', 'No wait', '9a'], [12, 36, 'Usually not too busy', 'None', '12\u202fPM', 'No wait', '12p'], [13, 41, 'Usually not too busy', 'None', '1\u202fPM', 'No wait', '12p'], [14, 31, 'Usually not too busy', 'None', '2\u202fPM', 'No wait', '12p'], [15, 24, 'Usually not too busy', 'None', '3\u202fPM', 'No wait', '3p'], [16, 27, 'Usually not too busy', 'None', '4\u202fPM', 'No wait', '3p'], [17, 39, 'Usually not too busy', 'None', '5\u202fPM', 'No wait', '3p'], [18, 45, 'Usually not too busy', 'None', '6\u202fPM', 'No wait', '6p'], [19, 64, 'Usually a little busy', 'None', '7\u202fPM', 'No wait', '6p'], [20, 58, 'Usually a little busy', 'None', '8\u202fPM', 'No wait', '6p'], [21, 45, 'Usually not too busy', 'None', '9\u202fPM', 'No wait', '9p'], [22, 0, '', 'None', '10\u202fPM', 'No wait', '9p'], [23, 0, '', 'None', '11\u202fPM', 'No wait', '9p']], 0, ['No wait']], [4, [[6, 0, '', 'None', '6\u202fAM', 'No wait', '6a'], [7, 0, '', 'None', '7\u202fAM', 'No wait', '6a'], [8, 18, 'Usually not busy', 'None', '8\u202fAM', 'No wait', '6a'], [9, 21, 'Usually not too busy', 'None', '9\u202fAM', 'No wait', '9a'], [10, 33, 'Usually not too busy', 'None', '10\u202fAM', 'No wait', '9a'], [11, 45, 'Usually not too busy', 'None', '11\u202fAM', 'No wait', '9a'], [12, 47, 'Usually not too busy', 'None', '12\u202fPM', 'No wait', '12p'], [13, 35, 'Usually not too busy', 'None', '1\u202fPM', 'No wait', '12p'], [14, 24, 'Usually not too busy', 'None', '2\u202fPM', 'No wait', '12p'], [15, 18, 'Usually not busy', 'Usually none', '3\u202fPM', 'Usually no wait', '3p'], [16, 29, 'Usually not too busy', 'None', '4\u202fPM', 'No wait', '3p'], [17, 41, 'Usually not too busy', 'None', '5\u202fPM', 'No wait', '3p'], [18, 58, 'Usually a little busy', 'None', '6\u202fPM', 'No wait', '6p'], [19, 66, 'Usually a little busy', 'None', '7\u202fPM', 'No wait', '6p'], [20, 64, 'Usually a little busy', 'None', '8\u202fPM', 'No wait', '6p'], [21, 50, 'Usually not too busy', 'None', '9\u202fPM', 'No wait', '9p'], [22, 0, '', 'None', '10\u202fPM', 'No wait', '9p'], [23, 0, '', 'None', '11\u202fPM', 'No wait', '9p']], 0, ['No wait']], [5, [[6, 0, '', 'None', '6\u202fAM', 'No wait', '6a'], [7, 0, '', 'None', '7\u202fAM', 'No wait', '6a'], [8, 13, 'Usually not busy', 'None', '8\u202fAM', 'No wait', '6a'], [9, 25, 'Usually not too busy', 'None', '9\u202fAM', 'No wait', '9a'], [10, 33, 'Usually not too busy', 'None', '10\u202fAM', 'No wait', '9a'], [11, 44, 'Usually not too busy', 'None', '11\u202fAM', 'No wait', '9a'], [12, 55, 'Usually a little busy', 'None', '12\u202fPM', 'No wait', '12p'], [13, 45, 'Usually not too busy', 'None', '1\u202fPM', 'No wait', '12p'], [14, 43, 'Usually not too busy', 'None', '2\u202fPM', 'No wait', '12p'], [15, 33, 'Usually not too busy', 'None', '3\u202fPM', 'No wait', '3p'], [16, 39, 'Usually not too busy', 'None', '4\u202fPM', 'No wait', '3p'], [17, 58, 'Usually a little busy', 'None', '5\u202fPM', 'No wait', '3p'], [18, 86, 'Usually as busy as it gets', 'Up to 15 min', '6\u202fPM', 'Up to 15 min wait', '6p'], [19, 100, 'Usually as busy as it gets', 'Up to 15 min', '7\u202fPM', 'Up to 15 min wait', '6p'], [20, 97, 'Usually as busy as it gets', 'Up to 15 min', '8\u202fPM', 'Up to 15 min wait', '6p'], [21, 74, 'Usually a little busy', 'None', '9\u202fPM', 'No wait', '9p'], [22, 0, '', 'None', '10\u202fPM', 'No wait', '9p'], [23, 0, '', 'None', '11\u202fPM', 'No wait', '9p']], 0, ['Peak wait up to 15 min from 6:30\u202fPM–8:30\u202fPM', [[16, 22, [[5]]]]]], [6, [[6, 0, '', 'None', '6\u202fAM', 'No wait', '6a'], [7, 0, '', 'None', '7\u202fAM', 'No wait', '6a'], [8, 25, 'Usually not too busy', 'None', '8\u202fAM', 'No wait', '6a'], [9, 32, 'Usually not too busy', 'None', '9\u202fAM', 'No wait', '9a'], [10, 33, 'Usually not too busy', 'None', '10\u202fAM', 'No wait', '9a'], [11, 32, 'Usually not too busy', 'None', '11\u202fAM', 'No wait', '9a'], [12, 24, 'Usually not too busy', 'None', '12\u202fPM', 'No wait', '12p'], [13, 24, 'Usually not too busy', 'None', '1\u202fPM', 'No wait', '12p'], [14, 24, 'Usually not too busy', 'None', '2\u202fPM', 'No wait', '12p'], [15, 36, 'Usually not too busy', 'None', '3\u202fPM', 'No wait', '3p'], [16, 51, 'Usually a little busy', 'None', '4\u202fPM', 'No wait', '3p'], [17, 63, 'Usually a little busy', 'None', '5\u202fPM', 'No wait', '3p'], [18, 64, 'Usually a little busy', 'None', '6\u202fPM', 'No wait', '6p'], [19, 58, 'Usually a little busy', 'None', '7\u202fPM', 'No wait', '6p'], [20, 40, 'Usually not too busy', 'None', '8\u202fPM', 'No wait', '6p'], [21, 27, 'Usually not too busy', 'None', '9\u202fPM', 'No wait', '9p'], [22, 0, '', 'None', '10\u202fPM', 'No wait', '9p'], [23, 0, '', 'None', '11\u202fPM', 'No wait', '9p']], 0, ['No wait']]]",21.0181447,105.8030711,4.6,1460.0,"[{'name': 'Monday', 'data': [0, 0, 0, 0, 0, 0, 0, 0, 14, 18, 16, 22, 29, 32, 24, 22, 21, 33, 37, 52, 52, 45, 0, 0]}, {'name': 'Tuesday', 'data': [0, 0, 0, 0, 0, 0, 0, 0, 27, 25, 31, 45, 50, 44, 27, 16, 16, 35, 60, 75, 72, 58, 0, 0]}, {'name': 'Wednesday', 'data': [0, 0, 0, 0, 0, 0, 0, 0, 25, 21, 17, 28, 36, 41, 31, 24, 27, 39, 45, 64, 58, 45, 0, 0]}, {'name': 'Thursday', 'data': [0, 0, 0, 0, 0, 0, 0, 0, 18, 21, 33, 45, 47, 35, 24, 18, 29, 41, 58, 66, 64, 50, 0, 0]}, {'name': 'Friday', 'data': [0, 0, 0, 0, 0, 0, 0, 0, 13, 25, 33, 44, 55, 45, 43, 33, 39, 58, 86, 100, 97, 74, 0, 0]}, {'name': 'Saturday', 'data': [0, 0, 0, 0, 0, 0, 0, 0, 25, 32, 33, 32, 24, 24, 24, 36, 51, 63, 64, 58, 40, 27, 0, 0]}, {'name': 'Sunday', 'data': [0, 0, 0, 0, 0, 0, 0, 0, 17, 18, 21, 24, 22, 21, 22, 24, 33, 44, 56, 55, 47, 31, 0, 0]}]","[{'name': 'Monday', 'data': [0, 0, 0, 0, 0, 0, 0, 0, 0, 0, 0, 0, 0, 0, 0, 0, 0, 0, 0, 0, 0, 0, 0, 0]}, {'name': 'Tuesday', 'data': [0, 0, 0, 0, 0, 0, 0, 0, 0, 0, 0, 0, 0, 0, 0, 0, 0, 0, 0, 0, 0, 0, 0, 0]}, {'name': 'Wednesday', 'data': [0, 0, 0, 0, 0, 0, 0, 0, 0, 0, 0, 0, 0, 0, 0, 0, 0, 0, 0, 0, 0, 0, 0, 0]}, {'name': 'Thursday', 'data': [0, 0, 0, 0, 0, 0, 0, 0, 0, 0, 0, 0, 0, 0, 0, 0, 0, 0, 0, 0, 0, 0, 0, 0]}, {'name': 'Friday', 'data': [0, 0, 0, 0, 0, 0, 0, 0, 0, 0, 0, 0, 0, 0, 0, 0, 0, 0, 15, 15, 15, 0, 0, 0]}, {'name': 'Saturday', 'data': [0, 0, 0, 0, 0, 0, 0, 0, 0, 0, 0, 0, 0, 0, 0, 0, 0, 0, 0, 0, 0, 0, 0, 0]}, {'name': 'Sunday', 'data': [0, 0, 0, 0, 0, 0, 0, 0, 0, 0, 0, 0, 0, 0, 0, 0, 0, 0, 0, 0, 0, 0, 0, 0]}]","[90, 180]"
85 Đ. Láng,ChIJ_aAauZysNTERBN-fk07XXKI,"85 Đ. Láng, Thượng Đình, Thanh Xuân, Hà Nội, Vietnam",,,,,21.0039826,105.81776289999999,,,,,
1002/Đ. Láng/85 5,ChIJ6d3GWEOrNTERXCD44rLA4lQ,"1002/Đ. Láng/85 5, Tổ 20, Đống Đa, Hà Nội, Vietnam",,,,,21.024881699999998,105.799763,,,,,
7 Ngõ 942 Đường Láng,ChIJzYQv61yrNTERR1CTodtJ59A,"7 Ngõ 942 Đường Láng, Yên Hoà, Đống Đa, Hà Nội, Vietnam",,,,,21.0220593,105.8011875,,,,,
976 Đ. Láng,ChIJvcJSvFyrNTER2zDZ_rzZGCU,"976 Đ. Láng, Yên Hoà, Đống Đa, Hà Nội, Vietnam",['Building'],[['compound_building']],,,21.0225217,105.8006285,,,,,
790 Đ. Láng,ChIJ5xDe1l2rNTER1OC7sSOc1hc,"790 Đ. Láng, Trung Hoà, Đống Đa, Hà Nội, Vietnam",['Building'],[['compound_building']],,,21.0180212,105.8031451,,,,,
1116 Đ. Láng,ChIJ8zJxuESrNTERivhVbar5-hw,"1116 Đ. Láng, Láng Thượng, Đống Đa, Hà Nội, Vietnam",,,,,21.024844899999998,105.7982821,,,,,
152 Đ. Láng,ChIJp_ZoFp2sNTER20Lu8PH51FA,"152 Đ. Láng, Thịnh Quang, Đống Đa, Hà Nội, Vietnam",,,,,21.008875099999997,105.81568519999999,,,,,
980 Đ. Láng,ChIJWb7avFyrNTERP6fCPWgVHjg,"980 Đ. Láng, Láng Thượng, Đống Đa, Hà Nội, Vietnam",['Building'],[['compound_building']],,,21.0225595,105.800468,,,,,
540 Đ. Láng,ChIJCY1_52GrNTERbpcLrGVP_vQ,"540 Đ. Láng, Trung Hoà, Đống Đa, Hà Nội, Vietnam",['Building'],[['compound_building']],,,21.011825899999998,105.80996379999999,,,,,
Cơm Chay Âu Lạc,ChIJv9jMDaqtNTERJvMJXm_6S4s,"nhà 10 ngõ, 318 Đ. Láng, Nhân Chính, Đống Đa, Hà Nội, Vietnam",['Vegan restaurant'],"[['vegan_restaurant', 'Vegan']]",,"[[7, [[6, 0, '', 'None', '6\u202fAM', 'No wait', '6a'], [7, 57, 'Usually a little busy', 'None', '7\u202fAM', 'No wait', '6a'], [8, 90, 'Usually as busy as it gets', 'Up to 15 min', '8\u202fAM', 'Up to 15 min wait', '6a'], [9, 100, 'Usually as busy as it gets', 'Up to 15 min', '9\u202fAM', 'Up to 15 min wait', '9a'], [10, 80, 'Usually as busy as it gets', 'Up to 15 min', '10\u202fAM', 'Up to 15 min wait', '9a'], [11, 66, 'Usually not too busy', 'Up to 15 min', '11\u202fAM', 'Up to 15 min wait', '9a'], [12, 52, 'Usually not too busy', 'Up to 15 min', '12\u202fPM', 'Up to 15 min wait', '12p'], [13, 61, 'Usually not too busy', 'Up to 15 min', '1\u202fPM', 'Up to 15 min wait', '12p'], [14, 76, 'Usually not too busy', 'Up to 15 min', '2\u202fPM', 'Up to 15 min wait', '12p'], [15, 85, 'Usually as busy as it gets', 'Up to 15 min', '3\u202fPM', 'Up to 15 min wait', '3p'], [16, 52, 'Usually not too busy', 'Up to 15 min', '4\u202fPM', 'Up to 15 min wait', '3p'], [17, 23, 'Usually not too busy', 'None', '5\u202fPM', 'No wait', '3p'], [18, 4, 'Usually not busy', 'None', '6\u202fPM', 'No wait', '6p'], [19, 4, 'Usually not busy', 'None', '7\u202fPM', 'No wait', '6p'], [20, 0, '', 'None', '8\u202fPM', 'No wait', '6p'], [21, 0, '', 'None', '9\u202fPM', 'No wait', '9p'], [22, 0, '', 'None', '10\u202fPM', 'No wait', '9p'], [23, 0, '', 'None', '11\u202fPM', 'No wait', '9p']], 0, ['Peak wait up to 15 min from 8:00\u202fAM–4:30\u202fPM', [[16, 22, [[5]]]]]], [1, [[6, 0, '', 'None', '6\u202fAM', 'No wait', '6a'], [7, 14, 'Usually not busy', 'None', '7\u202fAM', 'No wait', '6a'], [8, 19, 'Usually not busy', 'None', '8\u202fAM', 'No wait', '6a'], [9, 9, 'Usually not busy', 'None', '9\u202fAM', 'No wait', '9a'], [10, 14, 'Usually not busy', 'None', '10\u202fAM', 'No wait', '9a'], [11, 19, 'Usually not busy', 'None', '11\u202fAM', 'No wait', '9a'], [12, 38, 'Usually not too busy', 'None', '12\u202fPM', 'No wait', '12p'], [13, 19, 'Usually not busy', 'None', '1\u202fPM', 'No wait', '12p'], [14, 14, 'Usually not busy', 'None', '2\u202fPM', 'No wait', '12p'], [15, 4, 'Usually not busy', 'None', '3\u202fPM', 'No wait', '3p'], [16, 19, 'Usually not busy', 'None', '4\u202fPM', 'No wait', '3p'], [17, 19, 'Usually not busy', 'None', '5\u202fPM', 'No wait', '3p'], [18, 9, 'Usually not busy', 'None', '6\u202fPM', 'No wait', '6p'], [19, 14, 'Usually not busy', 'None', '7\u202fPM', 'No wait', '6p'], [20, 0, '', 'None', '8\u202fPM', 'No wait', '6p'], [21, 0, '', 'None', '9\u202fPM', 'No wait', '9p'], [22, 0, '', 'None', '10\u202fPM', 'No wait', '9p'], [23, 0, '', 'None', '11\u202fPM', 'No wait', '9p']], 0, ['No wait']], [2, [[6, 0, '', 'None', '6\u202fAM', 'No wait', '6a'], [7, 38, 'Usually not too busy', 'None', '7\u202fAM', 'No wait', '6a'], [8, 33, 'Usually not too busy', 'None', '8\u202fAM', 'No wait', '6a'], [9, 42, 'Usually not too busy', 'None', '9\u202fAM', 'No wait', '9a'], [10, 28, 'Usually not too busy', 'None', '10\u202fAM', 'No wait', '9a'], [11, 38, 'Usually not too busy', 'None', '11\u202fAM', 'No wait', '9a'], [12, 28, 'Usually not too busy', 'None', '12\u202fPM', 'No wait', '12p'], [13, 9, 'Usually not busy', 'None', '1\u202fPM', 'No wait', '12p'], [14, 0, '', 'None', '2\u202fPM', 'No wait', '12p'], [15, 4, 'Usually not busy', 'None', '3\u202fPM', 'No wait', '3p'], [16, 0, '', 'None', '4\u202fPM', 'No wait', '3p'], [17, 9, 'Usually not busy', 'None', '5\u202fPM', 'No wait', '3p'], [18, 28, 'Usually not too busy', 'None', '6\u202fPM', 'No wait', '6p'], [19, 42, 'Usually not too busy', 'None', '7\u202fPM', 'No wait', '6p'], [20, 0, '', 'None', '8\u202fPM', 'No wait', '6p'], [21, 0, '', 'None', '9\u202fPM', 'No wait', '9p'], [22, 0, '', 'None', '10\u202fPM', 'No wait', '9p'], [23, 0, '', 'None', '11\u202fPM', 'No wait', '9p']], 0, ['No wait']], [3, [[6, 0, '', 'None', '6\u202fAM', 'No wait', '6a'], [7, 57, 'Usually a little busy', 'None', '7\u202fAM', 'No wait', '6a'], [8, 57, 'Usually a little busy', 'None', '8\u202fAM', 'No wait', '6a'], [9, 42, 'Usually not too busy', 'None', '9\u202fAM', 'No wait', '9a'], [10, 33, 'Usually not too busy', 'None', '10\u202fAM', 'No wait', '9a'], [11, 33, 'Usually not too busy', 'None', '11\u202fAM', 'No wait', '9a'], [12, 28, 'Usually not too busy', 'None', '12\u202fPM', 'No wait', '12p'], [13, 14, 'Usually not busy', 'None', '1\u202fPM', 'No wait', '12p'], [14, 9, 'Usually not busy', 'None', '2\u202fPM', 'No wait', '12p'], [15, 23, 'Usually not too busy', 'None', '3\u202fPM', 'No wait', '3p'], [16, 28, 'Usually not too busy', 'None', '4\u202fPM', 'No wait', '3p'], [17, 33, 'Usually not too busy', 'None', '5\u202fPM', 'No wait', '3p'], [18, 14, 'Usually not busy', 'None', '6\u202fPM', 'No wait', '6p'], [19, 4, 'Usually not busy', 'None', '7\u202fPM', 'No wait', '6p'], [20, 0, '', 'None', '8\u202fPM', 'No wait', '6p'], [21, 0, '', 'None', '9\u202fPM', 'No wait', '9p'], [22, 0, '', 'None', '10\u202fPM', 'No wait', '9p'], [23, 0, '', 'None', '11\u202fPM', 'No wait', '9p']], 0, ['No wait']], [4, [[6, 0, '', 'None', '6\u202fAM', 'No wait', '6a'], [7, 38, 'Usually not too busy', 'None', '7\u202fAM', 'No wait', '6a'], [8, 66, 'Usually a little busy', 'None', '8\u202fAM', 'No wait', '6a'], [9, 85, 'Usually as busy as it gets', 'None', '9\u202fAM', 'No wait', '9a'], [10, 85, 'Usually as busy as it gets', 'None', '10\u202fAM', 'No wait', '9a'], [11, 76, 'Usually a little busy', 'None', '11\u202fAM', 'No wait', '9a'], [12, 57, 'Usually a little busy', 'None', '12\u202fPM', 'No wait', '12p'], [13, 33, 'Usually not too busy', 'None', '1\u202fPM', 'No wait', '12p'], [14, 33, 'Usually not too busy', 'None', '2\u202fPM', 'No wait', '12p'], [15, 38, 'Usually not too busy', 'Usually none', '3\u202fPM', 'Usually no wait', '3p'], [16, 61, 'Usually a little busy', 'None', '4\u202fPM', 'No wait', '3p'], [17, 71, 'Usually a little busy', 'None', '5\u202fPM', 'No wait', '3p'], [18, 47, 'Usually not too busy', 'None', '6\u202fPM', 'No wait', '6p'], [19, 33, 'Usually not too busy', 'None', '7\u202fPM', 'No wait', '6p'], [20, 0, '', 'None', '8\u202fPM', 'No wait', '6p'], [21, 0, '', 'None', '9\u202fPM', 'No wait', '9p'], [22, 0, '', 'None', '10\u202fPM', 'No wait', '9p'], [23, 0, '', 'None', '11\u202fPM', 'No wait', '9p']], 0, ['No wait']], [5, [[6, 0, '', 'None', '6\u202fAM', 'No wait', '6a'], [7, 47, 'Usually not too busy', 'None', '7\u202fAM', 'No wait', '6a'], [8, 42, 'Usually not too busy', 'None', '8\u202fAM', 'No wait', '6a'], [9, 33, 'Usually not too busy', 'None', '9\u202fAM', 'No wait', '9a'], [10, 42, 'Usually not too busy', 'None', '10\u202fAM', 'No wait', '9a'], [11, 38, 'Usually not too busy', 'None', '11\u202fAM', 'No wait', '9a'], [12, 42, 'Usually not too busy', 'None', '12\u202fPM', 'No wait', '12p'], [13, 19, 'Usually not busy', 'None', '1\u202fPM', 'No wait', '12p'], [14, 9, 'Usually not busy', 'None', '2\u202fPM', 'No wait', '12p'], [15, 4, 'Usually not busy', 'None', '3\u202fPM', 'No wait', '3p'], [16, 14, 'Usually not busy', 'None', '4\u202fPM', 'No wait', '3p'], [17, 33, 'Usually not too busy', 'None', '5\u202fPM', 'No wait', '3p'], [18, 47, 'Usually not too busy', 'None', '6\u202fPM', 'No wait', '6p'], [19, 42, 'Usually not too busy', 'None', '7\u202fPM', 'No wait', '6p'], [20, 0, '', 'None', '8\u202fPM', 'No wait', '6p'], [21, 0, '', 'None', '9\u202fPM', 'No wait', '9p'], [22, 0, '', 'None', '10\u202fPM', 'No wait', '9p'], [23, 0, '', 'None', '11\u202fPM', 'No wait', '9p']], 0, ['No wait']], [6, [[6, 0, '', 'None', '6\u202fAM', 'No wait', '6a'], [7, 66, 'Usually a little busy', 'None', '7\u202fAM', 'No wait', '6a'], [8, 71, 'Usually a little busy', 'None', '8\u202fAM', 'No wait', '6a'], [9, 76, 'Usually a little busy', 'None', '9\u202fAM', 'No wait', '9a'], [10, 71, 'Usually a little busy', 'None', '10\u202fAM', 'No wait', '9a'], [11, 42, 'Usually not too busy', 'None', '11\u202fAM', 'No wait', '9a'], [12, 33, 'Usually not too busy', 'None', '12\u202fPM', 'No wait', '12p'], [13, 9, 'Usually not busy', 'None', '1\u202fPM', 'No wait', '12p'], [14, 4, 'Usually not busy', 'None', '2\u202fPM', 'No wait', '12p'], [15, 4, 'Usually not busy', 'None', '3\u202fPM', 'No wait', '3p'], [16, 9, 'Usually not busy', 'None', '4\u202fPM', 'No wait', '3p'], [17, 19, 'Usually not busy', 'None', '5\u202fPM', 'No wait', '3p'], [18, 9, 'Usually not busy', 'None', '6\u202fPM', 'No wait', '6p'], [19, 9, 'Usually not busy', 'None', '7\u202fPM', 'No wait', '6p'], [20, 0, '', 'None', '8\u202fPM', 'No wait', '6p'], [21, 0, '', 'None', '9\u202fPM', 'No wait', '9p'], [22, 0, '', 'None', '10\u202fPM', 'No wait', '9p'], [23, 0, '', 'None', '11\u202fPM', 'No wait', '9p']], 0, ['No wait']]]",21.007783399999997,105.81541419999999,4.4,36.0,"[{'name': 'Monday', 'data': [0, 0, 0, 0, 0, 0, 0, 14, 19, 9, 14, 19, 38, 19, 14, 4, 19, 19, 9, 14, 0, 0, 0, 0]}, {'name': 'Tuesday', 'data': [0, 0, 0, 0, 0, 0, 0, 38, 33, 42, 28, 38, 28, 9, 0, 4, 0, 9, 28, 42, 0, 0, 0, 0]}, {'name': 'Wednesday', 'data': [0, 0, 0, 0, 0, 0, 0, 57, 57, 42, 33, 33, 28, 14, 9, 23, 28, 33, 14, 4, 0, 0, 0, 0]}, {'name': 'Thursday', 'data': [0, 0, 0, 0, 0, 0, 0, 38, 66, 85, 85, 76, 57, 33, 33, 38, 61, 71, 47, 33, 0, 0, 0, 0]}, {'name': 'Friday', 'data': [0, 0, 0, 0, 0, 0, 0, 47, 42, 33, 42, 38, 42, 19, 9, 4, 14, 33, 47, 42, 0, 0, 0, 0]}, {'name': 'Saturday', 'data': [0, 0, 0, 0, 0, 0, 0, 66, 71, 76, 71, 42, 33, 9, 4, 4, 9, 19, 9, 9, 0, 0, 0, 0]}, {'name': 'Sunday', 'data': [0, 0, 0, 0, 0, 0, 0, 57, 90, 100, 80, 66, 52, 61, 76, 85, 52, 23, 4, 4, 0, 0, 0, 0]}]","[{'name': 'Monday', 'data': [0, 0, 0, 0, 0, 0, 0, 0, 0, 0, 0, 0, 0, 0, 0, 0, 0, 0, 0, 0, 0, 0, 0, 0]}, {'name': 'Tuesday', 'data': [0, 0, 0, 0, 0, 0, 0, 0, 0, 0, 0, 0, 0, 0, 0, 0, 0, 0, 0, 0, 0, 0, 0, 0]}, {'name': 'Wednesday', 'data': [0, 0, 0, 0, 0, 0, 0, 0, 0, 0, 0, 0, 0, 0, 0, 0, 0, 0, 0, 0, 0, 0, 0, 0]}, {'name': 'Thursday', 'data': [0, 0, 0, 0, 0, 0, 0, 0, 0, 0, 0, 0, 0, 0, 0, 0, 0, 0, 0, 0, 0, 0, 0, 0]}, {'name': 'Friday', 'data': [0, 0, 0, 0, 0, 0, 0, 0, 0, 0, 0, 0, 0, 0, 0, 0, 0, 0, 0, 0, 0, 0, 0, 0]}, {'name': 'Saturday', 'data': [0, 0, 0, 0, 0, 0, 0, 0, 0, 0, 0, 0, 0, 0, 0, 0, 0, 0, 0, 0, 0, 0, 0, 0]}, {'name': 'Sunday', 'data': [0, 0, 0, 0, 0, 0, 0, 0, 15, 15, 15, 15, 15, 15, 15, 15, 15, 0, 0, 0, 0, 0, 0, 0]}]","[25, 25]"
942 Đ. Láng,ChIJ8ZX0lFyrNTERiiabNnBvzCA,"942 Đ. Láng, Yên Hoà, Đống Đa, Hà Nội 100000, Vietnam",['Building'],[['compound_building']],,,21.0220341,105.80099539999999,,,,,
366 Đ. Láng,ChIJae06h8ytNTER0q1LO4TmIwE,"366 Đ. Láng, Nhân Chính, Đống Đa, Hà Nội 11500, Vietnam",,,,,21.00845,105.81468199999999,,,,,
Cơm Chay Thiên Tâm,ChIJV8YDtl2rNTERq41S79rSt1c,"số nhà 10,ngách 1,ngõ 814 Đường Láng quận đống đa, Gần nhà sách tiến thọ, Hà Nội, Vietnam","['Bistro', 'Vegan restaurant']","[['bistro'], ['vegan_restaurant', 'Vegan']]",,,21.0199575,105.8023932,4.1,53.0,,,
1254 Đ. Láng,ChIJxdXy3kOrNTERYV-I5d-eGV8,"1254 Đ. Láng, Láng Thượng, Đống Đa, Hà Nội, Vietnam",,,,,21.0292472,105.8013751,,,,,
,,,,,,,,,,,,,
Cơm Chay Âu Lạc,ChIJv9jMDaqtNTERJvMJXm_6S4s,"nhà 10 ngõ, 318 Đ. Láng, Nhân Chính, Đống Đa, Hà Nội, Vietnam",['Vegan restaurant'],"[['vegan_restaurant', 'Vegan']]",,"[[7, [[6, 0, '', 'None', '6\u202fAM', 'No wait', '6a'], [7, 57, 'Usually a little busy', 'None', '7\u202fAM', 'No wait', '6a'], [8, 90, 'Usually as busy as it gets', 'Up to 15 min', '8\u202fAM', 'Up to 15 min wait', '6a'], [9, 100, 'Usually as busy as it gets', 'Up to 15 min', '9\u202fAM', 'Up to 15 min wait', '9a'], [10, 80, 'Usually as busy as it gets', 'Up to 15 min', '10\u202fAM', 'Up to 15 min wait', '9a'], [11, 66, 'Usually not too busy', 'Up to 15 min', '11\u202fAM', 'Up to 15 min wait', '9a'], [12, 52, 'Usually not too busy', 'Up to 15 min', '12\u202fPM', 'Up to 15 min wait', '12p'], [13, 61, 'Usually not too busy', 'Up to 15 min', '1\u202fPM', 'Up to 15 min wait', '12p'], [14, 76, 'Usually not too busy', 'Up to 15 min', '2\u202fPM', 'Up to 15 min wait', '12p'], [15, 85, 'Usually as busy as it gets', 'Up to 15 min', '3\u202fPM', 'Up to 15 min wait', '3p'], [16, 52, 'Usually not too busy', 'Up to 15 min', '4\u202fPM', 'Up to 15 min wait', '3p'], [17, 23, 'Usually not too busy', 'None', '5\u202fPM', 'No wait', '3p'], [18, 4, 'Usually not busy', 'None', '6\u202fPM', 'No wait', '6p'], [19, 4, 'Usually not busy', 'None', '7\u202fPM', 'No wait', '6p'], [20, 0, '', 'None', '8\u202fPM', 'No wait', '6p'], [21, 0, '', 'None', '9\u202fPM', 'No wait', '9p'], [22, 0, '', 'None', '10\u202fPM', 'No wait', '9p'], [23, 0, '', 'None', '11\u202fPM', 'No wait', '9p']], 0, ['Peak wait up to 15 min from 8:00\u202fAM–4:30\u202fPM', [[16, 22, [[5]]]]]], [1, [[6, 0, '', 'None', '6\u202fAM', 'No wait', '6a'], [7, 14, 'Usually not busy', 'None', '7\u202fAM', 'No wait', '6a'], [8, 19, 'Usually not busy', 'None', '8\u202fAM', 'No wait', '6a'], [9, 9, 'Usually not busy', 'None', '9\u202fAM', 'No wait', '9a'], [10, 14, 'Usually not busy', 'None', '10\u202fAM', 'No wait', '9a'], [11, 19, 'Usually not busy', 'None', '11\u202fAM', 'No wait', '9a'], [12, 38, 'Usually not too busy', 'None', '12\u202fPM', 'No wait', '12p'], [13, 19, 'Usually not busy', 'None', '1\u202fPM', 'No wait', '12p'], [14, 14, 'Usually not busy', 'None', '2\u202fPM', 'No wait', '12p'], [15, 4, 'Usually not busy', 'None', '3\u202fPM', 'No wait', '3p'], [16, 19, 'Usually not busy', 'None', '4\u202fPM', 'No wait', '3p'], [17, 19, 'Usually not busy', 'None', '5\u202fPM', 'No wait', '3p'], [18, 9, 'Usually not busy', 'None', '6\u202fPM', 'No wait', '6p'], [19, 14, 'Usually not busy', 'None', '7\u202fPM', 'No wait', '6p'], [20, 0, '', 'None', '8\u202fPM', 'No wait', '6p'], [21, 0, '', 'None', '9\u202fPM', 'No wait', '9p'], [22, 0, '', 'None', '10\u202fPM', 'No wait', '9p'], [23, 0, '', 'None', '11\u202fPM', 'No wait', '9p']], 0, ['No wait']], [2, [[6, 0, '', 'None', '6\u202fAM', 'No wait', '6a'], [7, 38, 'Usually not too busy', 'None', '7\u202fAM', 'No wait', '6a'], [8, 33, 'Usually not too busy', 'None', '8\u202fAM', 'No wait', '6a'], [9, 42, 'Usually not too busy', 'None', '9\u202fAM', 'No wait', '9a'], [10, 28, 'Usually not too busy', 'None', '10\u202fAM', 'No wait', '9a'], [11, 38, 'Usually not too busy', 'None', '11\u202fAM', 'No wait', '9a'], [12, 28, 'Usually not too busy', 'None', '12\u202fPM', 'No wait', '12p'], [13, 9, 'Usually not busy', 'None', '1\u202fPM', 'No wait', '12p'], [14, 0, '', 'None', '2\u202fPM', 'No wait', '12p'], [15, 4, 'Usually not busy', 'None', '3\u202fPM', 'No wait', '3p'], [16, 0, '', 'None', '4\u202fPM', 'No wait', '3p'], [17, 9, 'Usually not busy', 'None', '5\u202fPM', 'No wait', '3p'], [18, 28, 'Usually not too busy', 'None', '6\u202fPM', 'No wait', '6p'], [19, 42, 'Usually not too busy', 'None', '7\u202fPM', 'No wait', '6p'], [20, 0, '', 'None', '8\u202fPM', 'No wait', '6p'], [21, 0, '', 'None', '9\u202fPM', 'No wait', '9p'], [22, 0, '', 'None', '10\u202fPM', 'No wait', '9p'], [23, 0, '', 'None', '11\u202fPM', 'No wait', '9p']], 0, ['No wait']], [3, [[6, 0, '', 'None', '6\u202fAM', 'No wait', '6a'], [7, 57, 'Usually a little busy', 'None', '7\u202fAM', 'No wait', '6a'], [8, 57, 'Usually a little busy', 'None', '8\u202fAM', 'No wait', '6a'], [9, 42, 'Usually not too busy', 'None', '9\u202fAM', 'No wait', '9a'], [10, 33, 'Usually not too busy', 'None', '10\u202fAM', 'No wait', '9a'], [11, 33, 'Usually not too busy', 'None', '11\u202fAM', 'No wait', '9a'], [12, 28, 'Usually not too busy', 'None', '12\u202fPM', 'No wait', '12p'], [13, 14, 'Usually not busy', 'None', '1\u202fPM', 'No wait', '12p'], [14, 9, 'Usually not busy', 'None', '2\u202fPM', 'No wait', '12p'], [15, 23, 'Usually not too busy', 'None', '3\u202fPM', 'No wait', '3p'], [16, 28, 'Usually not too busy', 'None', '4\u202fPM', 'No wait', '3p'], [17, 33, 'Usually not too busy', 'None', '5\u202fPM', 'No wait', '3p'], [18, 14, 'Usually not busy', 'None', '6\u202fPM', 'No wait', '6p'], [19, 4, 'Usually not busy', 'None', '7\u202fPM', 'No wait', '6p'], [20, 0, '', 'None', '8\u202fPM', 'No wait', '6p'], [21, 0, '', 'None', '9\u202fPM', 'No wait', '9p'], [22, 0, '', 'None', '10\u202fPM', 'No wait', '9p'], [23, 0, '', 'None', '11\u202fPM', 'No wait', '9p']], 0, ['No wait']], [4, [[6, 0, '', 'None', '6\u202fAM', 'No wait', '6a'], [7, 38, 'Usually not too busy', 'None', '7\u202fAM', 'No wait', '6a'], [8, 66, 'Usually a little busy', 'None', '8\u202fAM', 'No wait', '6a'], [9, 85, 'Usually as busy as it gets', 'None', '9\u202fAM', 'No wait', '9a'], [10, 85, 'Usually as busy as it gets', 'None', '10\u202fAM', 'No wait', '9a'], [11, 76, 'Usually a little busy', 'None', '11\u202fAM', 'No wait', '9a'], [12, 57, 'Usually a little busy', 'None', '12\u202fPM', 'No wait', '12p'], [13, 33, 'Usually not too busy', 'None', '1\u202fPM', 'No wait', '12p'], [14, 33, 'Usually not too busy', 'None', '2\u202fPM', 'No wait', '12p'], [15, 38, 'Usually not too busy', 'Usually none', '3\u202fPM', 'Usually no wait', '3p'], [16, 61, 'Usually a little busy', 'None', '4\u202fPM', 'No wait', '3p'], [17, 71, 'Usually a little busy', 'None', '5\u202fPM', 'No wait', '3p'], [18, 47, 'Usually not too busy', 'None', '6\u202fPM', 'No wait', '6p'], [19, 33, 'Usually not too busy', 'None', '7\u202fPM', 'No wait', '6p'], [20, 0, '', 'None', '8\u202fPM', 'No wait', '6p'], [21, 0, '', 'None', '9\u202fPM', 'No wait', '9p'], [22, 0, '', 'None', '10\u202fPM', 'No wait', '9p'], [23, 0, '', 'None', '11\u202fPM', 'No wait', '9p']], 0, ['No wait']], [5, [[6, 0, '', 'None', '6\u202fAM', 'No wait', '6a'], [7, 47, 'Usually not too busy', 'None', '7\u202fAM', 'No wait', '6a'], [8, 42, 'Usually not too busy', 'None', '8\u202fAM', 'No wait', '6a'], [9, 33, 'Usually not too busy', 'None', '9\u202fAM', 'No wait', '9a'], [10, 42, 'Usually not too busy', 'None', '10\u202fAM', 'No wait', '9a'], [11, 38, 'Usually not too busy', 'None', '11\u202fAM', 'No wait', '9a'], [12, 42, 'Usually not too busy', 'None', '12\u202fPM', 'No wait', '12p'], [13, 19, 'Usually not busy', 'None', '1\u202fPM', 'No wait', '12p'], [14, 9, 'Usually not busy', 'None', '2\u202fPM', 'No wait', '12p'], [15, 4, 'Usually not busy', 'None', '3\u202fPM', 'No wait', '3p'], [16, 14, 'Usually not busy', 'None', '4\u202fPM', 'No wait', '3p'], [17, 33, 'Usually not too busy', 'None', '5\u202fPM', 'No wait', '3p'], [18, 47, 'Usually not too busy', 'None', '6\u202fPM', 'No wait', '6p'], [19, 42, 'Usually not too busy', 'None', '7\u202fPM', 'No wait', '6p'], [20, 0, '', 'None', '8\u202fPM', 'No wait', '6p'], [21, 0, '', 'None', '9\u202fPM', 'No wait', '9p'], [22, 0, '', 'None', '10\u202fPM', 'No wait', '9p'], [23, 0, '', 'None', '11\u202fPM', 'No wait', '9p']], 0, ['No wait']], [6, [[6, 0, '', 'None', '6\u202fAM', 'No wait', '6a'], [7, 66, 'Usually a little busy', 'None', '7\u202fAM', 'No wait', '6a'], [8, 71, 'Usually a little busy', 'None', '8\u202fAM', 'No wait', '6a'], [9, 76, 'Usually a little busy', 'None', '9\u202fAM', 'No wait', '9a'], [10, 71, 'Usually a little busy', 'None', '10\u202fAM', 'No wait', '9a'], [11, 42, 'Usually not too busy', 'None', '11\u202fAM', 'No wait', '9a'], [12, 33, 'Usually not too busy', 'None', '12\u202fPM', 'No wait', '12p'], [13, 9, 'Usually not busy', 'None', '1\u202fPM', 'No wait', '12p'], [14, 4, 'Usually not busy', 'None', '2\u202fPM', 'No wait', '12p'], [15, 4, 'Usually not busy', 'None', '3\u202fPM', 'No wait', '3p'], [16, 9, 'Usually not busy', 'None', '4\u202fPM', 'No wait', '3p'], [17, 19, 'Usually not busy', 'None', '5\u202fPM', 'No wait', '3p'], [18, 9, 'Usually not busy', 'None', '6\u202fPM', 'No wait', '6p'], [19, 9, 'Usually not busy', 'None', '7\u202fPM', 'No wait', '6p'], [20, 0, '', 'None', '8\u202fPM', 'No wait', '6p'], [21, 0, '', 'None', '9\u202fPM', 'No wait', '9p'], [22, 0, '', 'None', '10\u202fPM', 'No wait', '9p'], [23, 0, '', 'None', '11\u202fPM', 'No wait', '9p']], 0, ['No wait']]]",21.007783399999997,105.81541419999999,4.4,36.0,"[{'name': 'Monday', 'data': [0, 0, 0, 0, 0, 0, 0, 14, 19, 9, 14, 19, 38, 19, 14, 4, 19, 19, 9, 14, 0, 0, 0, 0]}, {'name': 'Tuesday', 'data': [0, 0, 0, 0, 0, 0, 0, 38, 33, 42, 28, 38, 28, 9, 0, 4, 0, 9, 28, 42, 0, 0, 0, 0]}, {'name': 'Wednesday', 'data': [0, 0, 0, 0, 0, 0, 0, 57, 57, 42, 33, 33, 28, 14, 9, 23, 28, 33, 14, 4, 0, 0, 0, 0]}, {'name': 'Thursday', 'data': [0, 0, 0, 0, 0, 0, 0, 38, 66, 85, 85, 76, 57, 33, 33, 38, 61, 71, 47, 33, 0, 0, 0, 0]}, {'name': 'Friday', 'data': [0, 0, 0, 0, 0, 0, 0, 47, 42, 33, 42, 38, 42, 19, 9, 4, 14, 33, 47, 42, 0, 0, 0, 0]}, {'name': 'Saturday', 'data': [0, 0, 0, 0, 0, 0, 0, 66, 71, 76, 71, 42, 33, 9, 4, 4, 9, 19, 9, 9, 0, 0, 0, 0]}, {'name': 'Sunday', 'data': [0, 0, 0, 0, 0, 0, 0, 57, 90, 100, 80, 66, 52, 61, 76, 85, 52, 23, 4, 4, 0, 0, 0, 0]}]","[{'name': 'Monday', 'data': [0, 0, 0, 0, 0, 0, 0, 0, 0, 0, 0, 0, 0, 0, 0, 0, 0, 0, 0, 0, 0, 0, 0, 0]}, {'name': 'Tuesday', 'data': [0, 0, 0, 0, 0, 0, 0, 0, 0, 0, 0, 0, 0, 0, 0, 0, 0, 0, 0, 0, 0, 0, 0, 0]}, {'name': 'Wednesday', 'data': [0, 0, 0, 0, 0, 0, 0, 0, 0, 0, 0, 0, 0, 0, 0, 0, 0, 0, 0, 0, 0, 0, 0, 0]}, {'name': 'Thursday', 'data': [0, 0, 0, 0, 0, 0, 0, 0, 0, 0, 0, 0, 0, 0, 0, 0, 0, 0, 0, 0, 0, 0, 0, 0]}, {'name': 'Friday', 'data': [0, 0, 0, 0, 0, 0, 0, 0, 0, 0, 0, 0, 0, 0, 0, 0, 0, 0, 0, 0, 0, 0, 0, 0]}, {'name': 'Saturday', 'data': [0, 0, 0, 0, 0, 0, 0, 0, 0, 0, 0, 0, 0, 0, 0, 0, 0, 0, 0, 0, 0, 0, 0, 0]}, {'name': 'Sunday', 'data': [0, 0, 0, 0, 0, 0, 0, 0, 15, 15, 15, 15, 15, 15, 15, 15, 15, 0, 0, 0, 0, 0, 0, 0]}]","[25, 25]"
1002/Đ. Láng/85 5,ChIJ6d3GWEOrNTERXCD44rLA4lQ,"1002/Đ. Láng/85 5, Tổ 20, Đống Đa, Hà Nội, Vietnam",,,,,21.024881699999998,105.799763,,,,,
East Sea Seafood Restaurant,ChIJ4_L5k1yrNTERWlfAlRrCR8Y,"794 Đ. Láng, P, Đống Đa, Hà Nội, Vietnam",['Seafood restaurant'],"[['seafood_restaurant', 'Seafood']]",100.0,"[[7, [[6, 0, '', 'None', '6\u202fAM', 'No wait', '6a'], [7, 0, '', 'None', '7\u202fAM', 'No wait', '6a'], [8, 17, 'Usually not busy', 'None', '8\u202fAM', 'No wait', '6a'], [9, 18, 'Usually not busy', 'None', '9\u202fAM', 'No wait', '9a'], [10, 21, 'Usually not too busy', 'None', '10\u202fAM', 'No wait', '9a'], [11, 24, 'Usually not too busy', 'None', '11\u202fAM', 'No wait', '9a'], [12, 22, 'Usually not too busy', 'None', '12\u202fPM', 'No wait', '12p'], [13, 21, 'Usually not too busy', 'None', '1\u202fPM', 'No wait', '12p'], [14, 22, 'Usually not too busy', 'None', '2\u202fPM', 'No wait', '12p'], [15, 24, 'Usually not too busy', 'None', '3\u202fPM', 'No wait', '3p'], [16, 33, 'Usually not too busy', 'None', '4\u202fPM', 'No wait', '3p'], [17, 44, 'Usually not too busy', 'None', '5\u202fPM', 'No wait', '3p'], [18, 56, 'Usually a little busy', 'None', '6\u202fPM', 'No wait', '6p'], [19, 55, 'Usually a little busy', 'None', '7\u202fPM', 'No wait', '6p'], [20, 47, 'Usually not too busy', 'None', '8\u202fPM', 'No wait', '6p'], [21, 31, 'Usually not too busy', 'None', '9\u202fPM', 'No wait', '9p'], [22, 0, '', 'None', '10\u202fPM', 'No wait', '9p'], [23, 0, '', 'None', '11\u202fPM', 'No wait', '9p']], 0, ['No wait']], [1, [[6, 0, '', 'None', '6\u202fAM', 'No wait', '6a'], [7, 0, '', 'None', '7\u202fAM', 'No wait', '6a'], [8, 14, 'Usually not busy', 'None', '8\u202fAM', 'No wait', '6a'], [9, 18, 'Usually not busy', 'None', '9\u202fAM', 'No wait', '9a'], [10, 16, 'Usually not busy', 'None', '10\u202fAM', 'No wait', '9a'], [11, 22, 'Usually not too busy', 'None', '11\u202fAM', 'No wait', '9a'], [12, 29, 'Usually not too busy', 'None', '12\u202fPM', 'No wait', '12p'], [13, 32, 'Usually not too busy', 'None', '1\u202fPM', 'No wait', '12p'], [14, 24, 'Usually not too busy', 'None', '2\u202fPM', 'No wait', '12p'], [15, 22, 'Usually not too busy', 'None', '3\u202fPM', 'No wait', '3p'], [16, 21, 'Usually not too busy', 'None', '4\u202fPM', 'No wait', '3p'], [17, 33, 'Usually not too busy', 'None', '5\u202fPM', 'No wait', '3p'], [18, 37, 'Usually not too busy', 'None', '6\u202fPM', 'No wait', '6p'], [19, 52, 'Usually a little busy', 'None', '7\u202fPM', 'No wait', '6p'], [20, 52, 'Usually a little busy', 'None', '8\u202fPM', 'No wait', '6p'], [21, 45, 'Usually not too busy', 'None', '9\u202fPM', 'No wait', '9p'], [22, 0, '', 'None', '10\u202fPM', 'No wait', '9p'], [23, 0, '', 'None', '11\u202fPM', 'No wait', '9p']], 0, ['No wait']], [2, [[6, 0, '', 'None', '6\u202fAM', 'No wait', '6a'], [7, 0, '', 'None', '7\u202fAM', 'No wait', '6a'], [8, 27, 'Usually not too busy', 'None', '8\u202fAM', 'No wait', '6a'], [9, 25, 'Usually not too busy', 'None', '9\u202fAM', 'No wait', '9a'], [10, 31, 'Usually not too busy', 'None', '10\u202fAM', 'No wait', '9a'], [11, 45, 'Usually not too busy', 'None', '11\u202fAM', 'No wait', '9a'], [12, 50, 'Usually not too busy', 'None', '12\u202fPM', 'No wait', '12p'], [13, 44, 'Usually not too busy', 'None', '1\u202fPM', 'No wait', '12p'], [14, 27, 'Usually not too busy', 'None', '2\u202fPM', 'No wait', '12p'], [15, 16, 'Usually not busy', 'None', '3\u202fPM', 'No wait', '3p'], [16, 16, 'Usually not busy', 'None', '4\u202fPM', 'No wait', '3p'], [17, 35, 'Usually not too busy', 'None', '5\u202fPM', 'No wait', '3p'], [18, 60, 'Usually a little busy', 'None', '6\u202fPM', 'No wait', '6p'], [19, 75, 'Usually a little busy', 'None', '7\u202fPM', 'No wait', '6p'], [20, 72, 'Usually a little busy', 'None', '8\u202fPM', 'No wait', '6p'], [21, 58, 'Usually a little busy', 'None', '9\u202fPM', 'No wait', '9p'], [22, 0, '', 'None', '10\u202fPM', 'No wait', '9p'], [23, 0, '', 'None', '11\u202fPM', 'No wait', '9p']], 0, ['No wait']], [3, [[6, 0, '', 'None', '6\u202fAM', 'No wait', '6a'], [7, 0, '', 'None', '7\u202fAM', 'No wait', '6a'], [8, 25, 'Usually not too busy', 'None', '8\u202fAM', 'No wait', '6a'], [9, 21, 'Usually not too busy', 'None', '9\u202fAM', 'No wait', '9a'], [10, 17, 'Usually not busy', 'None', '10\u202fAM', 'No wait', '9a'], [11, 28, 'Usually not too busy', 'None', '11\u202fAM', 'No wait', '9a'], [12, 36, 'Usually not too busy', 'None', '12\u202fPM', 'No wait', '12p'], [13, 41, 'Usually not too busy', 'None', '1\u202fPM', 'No wait', '12p'], [14, 31, 'Usually not too busy', 'None', '2\u202fPM', 'No wait', '12p'], [15, 24, 'Usually not too busy', 'None', '3\u202fPM', 'No wait', '3p'], [16, 27, 'Usually not too busy', 'None', '4\u202fPM', 'No wait', '3p'], [17, 39, 'Usually not too busy', 'None', '5\u202fPM', 'No wait', '3p'], [18, 45, 'Usually not too busy', 'None', '6\u202fPM', 'No wait', '6p'], [19, 64, 'Usually a little busy', 'None', '7\u202fPM', 'No wait', '6p'], [20, 58, 'Usually a little busy', 'None', '8\u202fPM', 'No wait', '6p'], [21, 45, 'Usually not too busy', 'None', '9\u202fPM', 'No wait', '9p'], [22, 0, '', 'None', '10\u202fPM', 'No wait', '9p'], [23, 0, '', 'None', '11\u202fPM', 'No wait', '9p']], 0, ['No wait']], [4, [[6, 0, '', 'None', '6\u202fAM', 'No wait', '6a'], [7, 0, '', 'None', '7\u202fAM', 'No wait', '6a'], [8, 18, 'Usually not busy', 'None', '8\u202fAM', 'No wait', '6a'], [9, 21, 'Usually not too busy', 'None', '9\u202fAM', 'No wait', '9a'], [10, 33, 'Usually not too busy', 'None', '10\u202fAM', 'No wait', '9a'], [11, 45, 'Usually not too busy', 'None', '11\u202fAM', 'No wait', '9a'], [12, 47, 'Usually not too busy', 'None', '12\u202fPM', 'No wait', '12p'], [13, 35, 'Usually not too busy', 'None', '1\u202fPM', 'No wait', '12p'], [14, 24, 'Usually not too busy', 'None', '2\u202fPM', 'No wait', '12p'], [15, 18, 'Usually not busy', 'Usually none', '3\u202fPM', 'Usually no wait', '3p'], [16, 29, 'Usually not too busy', 'None', '4\u202fPM', 'No wait', '3p'], [17, 41, 'Usually not too busy', 'None', '5\u202fPM', 'No wait', '3p'], [18, 58, 'Usually a little busy', 'None', '6\u202fPM', 'No wait', '6p'], [19, 66, 'Usually a little busy', 'None', '7\u202fPM', 'No wait', '6p'], [20, 64, 'Usually a little busy', 'None', '8\u202fPM', 'No wait', '6p'], [21, 50, 'Usually not too busy', 'None', '9\u202fPM', 'No wait', '9p'], [22, 0, '', 'None', '10\u202fPM', 'No wait', '9p'], [23, 0, '', 'None', '11\u202fPM', 'No wait', '9p']], 0, ['No wait']], [5, [[6, 0, '', 'None', '6\u202fAM', 'No wait', '6a'], [7, 0, '', 'None', '7\u202fAM', 'No wait', '6a'], [8, 13, 'Usually not busy', 'None', '8\u202fAM', 'No wait', '6a'], [9, 25, 'Usually not too busy', 'None', '9\u202fAM', 'No wait', '9a'], [10, 33, 'Usually not too busy', 'None', '10\u202fAM', 'No wait', '9a'], [11, 44, 'Usually not too busy', 'None', '11\u202fAM', 'No wait', '9a'], [12, 55, 'Usually a little busy', 'None', '12\u202fPM', 'No wait', '12p'], [13, 45, 'Usually not too busy', 'None', '1\u202fPM', 'No wait', '12p'], [14, 43, 'Usually not too busy', 'None', '2\u202fPM', 'No wait', '12p'], [15, 33, 'Usually not too busy', 'None', '3\u202fPM', 'No wait', '3p'], [16, 39, 'Usually not too busy', 'None', '4\u202fPM', 'No wait', '3p'], [17, 58, 'Usually a little busy', 'None', '5\u202fPM', 'No wait', '3p'], [18, 86, 'Usually as busy as it gets', 'Up to 15 min', '6\u202fPM', 'Up to 15 min wait', '6p'], [19, 100, 'Usually as busy as it gets', 'Up to 15 min', '7\u202fPM', 'Up to 15 min wait', '6p'], [20, 97, 'Usually as busy as it gets', 'Up to 15 min', '8\u202fPM', 'Up to 15 min wait', '6p'], [21, 74, 'Usually a little busy', 'None', '9\u202fPM', 'No wait', '9p'], [22, 0, '', 'None', '10\u202fPM', 'No wait', '9p'], [23, 0, '', 'None', '11\u202fPM', 'No wait', '9p']], 0, ['Peak wait up to 15 min from 6:30\u202fPM–8:30\u202fPM', [[16, 22, [[5]]]]]], [6, [[6, 0, '', 'None', '6\u202fAM', 'No wait', '6a'], [7, 0, '', 'None', '7\u202fAM', 'No wait', '6a'], [8, 25, 'Usually not too busy', 'None', '8\u202fAM', 'No wait', '6a'], [9, 32, 'Usually not too busy', 'None', '9\u202fAM', 'No wait', '9a'], [10, 33, 'Usually not too busy', 'None', '10\u202fAM', 'No wait', '9a'], [11, 32, 'Usually not too busy', 'None', '11\u202fAM', 'No wait', '9a'], [12, 24, 'Usually not too busy', 'None', '12\u202fPM', 'No wait', '12p'], [13, 24, 'Usually not too busy', 'None', '1\u202fPM', 'No wait', '12p'], [14, 24, 'Usually not too busy', 'None', '2\u202fPM', 'No wait', '12p'], [15, 36, 'Usually not too busy', 'None', '3\u202fPM', 'No wait', '3p'], [16, 51, 'Usually a little busy', 'None', '4\u202fPM', 'No wait', '3p'], [17, 63, 'Usually a little busy', 'None', '5\u202fPM', 'No wait', '3p'], [18, 64, 'Usually a little busy', 'None', '6\u202fPM', 'No wait', '6p'], [19, 58, 'Usually a little busy', 'None', '7\u202fPM', 'No wait', '6p'], [20, 40, 'Usually not too busy', 'None', '8\u202fPM', 'No wait', '6p'], [21, 27, 'Usually not too busy', 'None', '9\u202fPM', 'No wait', '9p'], [22, 0, '', 'None', '10\u202fPM', 'No wait', '9p'], [23, 0, '', 'None', '11\u202fPM', 'No wait', '9p']], 0, ['No wait']]]",21.0181447,105.8030711,4.6,1460.0,"[{'name': 'Monday', 'data': [0, 0, 0, 0, 0, 0, 0, 0, 14, 18, 16, 22, 29, 32, 24, 22, 21, 33, 37, 52, 52, 45, 0, 0]}, {'name': 'Tuesday', 'data': [0, 0, 0, 0, 0, 0, 0, 0, 27, 25, 31, 45, 50, 44, 27, 16, 16, 35, 60, 75, 72, 58, 0, 0]}, {'name': 'Wednesday', 'data': [0, 0, 0, 0, 0, 0, 0, 0, 25, 21, 17, 28, 36, 41, 31, 24, 27, 39, 45, 64, 58, 45, 0, 0]}, {'name': 'Thursday', 'data': [0, 0, 0, 0, 0, 0, 0, 0, 18, 21, 33, 45, 47, 35, 24, 18, 29, 41, 58, 66, 64, 50, 0, 0]}, {'name': 'Friday', 'data': [0, 0, 0, 0, 0, 0, 0, 0, 13, 25, 33, 44, 55, 45, 43, 33, 39, 58, 86, 100, 97, 74, 0, 0]}, {'name': 'Saturday', 'data': [0, 0, 0, 0, 0, 0, 0, 0, 25, 32, 33, 32, 24, 24, 24, 36, 51, 63, 64, 58, 40, 27, 0, 0]}, {'name': 'Sunday', 'data': [0, 0, 0, 0, 0, 0, 0, 0, 17, 18, 21, 24, 22, 21, 22, 24, 33, 44, 56, 55, 47, 31, 0, 0]}]","[{'name': 'Monday', 'data': [0, 0, 0, 0, 0, 0, 0, 0, 0, 0, 0, 0, 0, 0, 0, 0, 0, 0, 0, 0, 0, 0, 0, 0]}, {'name': 'Tuesday', 'data': [0, 0, 0, 0, 0, 0, 0, 0, 0, 0, 0, 0, 0, 0, 0, 0, 0, 0, 0, 0, 0, 0, 0, 0]}, {'name': 'Wednesday', 'data': [0, 0, 0, 0, 0, 0, 0, 0, 0, 0, 0, 0, 0, 0, 0, 0, 0, 0, 0, 0, 0, 0, 0, 0]}, {'name': 'Thursday', 'data': [0, 0, 0, 0, 0, 0, 0, 0, 0, 0, 0, 0, 0, 0, 0, 0, 0, 0, 0, 0, 0, 0, 0, 0]}, {'name': 'Friday', 'data': [0, 0, 0, 0, 0, 0, 0, 0, 0, 0, 0, 0, 0, 0, 0, 0, 0, 0, 15, 15, 15, 0, 0, 0]}, {'name': 'Saturday', 'data': [0, 0, 0, 0, 0, 0, 0, 0, 0, 0, 0, 0, 0, 0, 0, 0, 0, 0, 0, 0, 0, 0, 0, 0]}, {'name': 'Sunday', 'data': [0, 0, 0, 0, 0, 0, 0, 0, 0, 0, 0, 0, 0, 0, 0, 0, 0, 0, 0, 0, 0, 0, 0, 0]}]","[90, 180]"
7 Ngõ 942 Đường Láng,ChIJzYQv61yrNTERR1CTodtJ59A,"7 Ngõ 942 Đường Láng, Yên Hoà, Đống Đa, Hà Nội, Vietnam",,,,,21.0220593,105.8011875,,,,,
Cơm Chay Thiên Tâm,ChIJV8YDtl2rNTERq41S79rSt1c,"số nhà 10,ngách 1,ngõ 814 Đường Láng quận đống đa, Gần nhà sách tiến thọ, Hà Nội, Vietnam","['Bistro', 'Vegan restaurant']","[['bistro'], ['vegan_restaurant', 'Vegan']]",,,21.0199575,105.8023932,4.1,53.0,,,
1116 Đ. Láng,ChIJ8zJxuESrNTERivhVbar5-hw,"1116 Đ. Láng, Láng Thượng, Đống Đa, Hà Nội, Vietnam",,,,,21.024844899999998,105.7982821,,,,,
980 Đ. Láng,ChIJWb7avFyrNTERP6fCPWgVHjg,"980 Đ. Láng, Láng Thượng, Đống Đa, Hà Nội, Vietnam",['Building'],[['compound_building']],,,21.0225595,105.800468,,,,,
Ng. 562 Đ. Láng/65 Đ. Láng,ChIJ5xGxuWGrNTERDiXXRfkXE8Y,"Ng. 562 Đ. Láng/65 Đ. Láng, Tổ 58, Đống Đa, Hà Nội 100000, Vietnam",,,,,21.0130212,105.8093392,,,,,
976 Đ. Láng,ChIJvcJSvFyrNTER2zDZ_rzZGCU,"976 Đ. Láng, Yên Hoà, Đống Đa, Hà Nội, Vietnam",['Building'],[['compound_building']],,,21.0225217,105.8006285,,,,,
790 Đ. Láng,ChIJ5xDe1l2rNTER1OC7sSOc1hc,"790 Đ. Láng, Trung Hoà, Đống Đa, Hà Nội, Vietnam",['Building'],[['compound_building']],,,21.0180212,105.8031451,,,,,
198 Đ. Láng,ChIJ81ptwZysNTERnXpCdBCA6kk,"198 Đ. Láng, Thịnh Quang, Đống Đa, Hà Nội, Vietnam",,,,,21.0055737,105.81706989999999,,,,,
152 Đ. Láng,ChIJp_ZoFp2sNTER20Lu8PH51FA,"152 Đ. Láng, Thịnh Quang, Đống Đa, Hà Nội, Vietnam",,,,,21.008875099999997,105.81568519999999,,,,,
12 Ng. 898 Đ. Láng,ChIJC7oM-1yrNTER1UJXO-HW7mA,"12 Ng. 898 Đ. Láng, Láng Thượng, Đống Đa, Hà Nội, Vietnam",['Building'],[['compound_building']],,,21.0213142,105.8021419,,,,,
540 Đ. Láng,ChIJCY1_52GrNTERbpcLrGVP_vQ,"540 Đ. Láng, Trung Hoà, Đống Đa, Hà Nội, Vietnam",['Building'],[['compound_building']],,,21.011825899999998,105.80996379999999,,,,,
Ng. 1150 Đ. Láng/80 Đ. Láng,ChIJoeRMqESrNTERF-NNcvSf-H4,"Ng. 1150 Đ. Láng/80 Đ. Láng, Tổ Dân Phố Số 16+Tổ Dân Phố Số 17, Đống Đa, Hà Nội, Vietnam",['Building'],[['compound_building']],,,21.024435,105.79955079999999,,,,,
Laika Cafe,ChIJtR_JdVCtNTER61KoDrd4JPA,"64 Đ. Láng, Thịnh Quang, Đống Đa, Hà Nội 117130, Vietnam","['Cafe', 'Coffee shop']","[['cafe'], ['coffee_shop']]",4.0,"[[7, [[6, 0, '', '', '6\u202fAM', None, '6a'], [7, 22, 'Usually not too busy', '', '7\u202fAM', None, '6a'], [8, 39, 'Usually not too busy', '', '8\u202fAM', None, '6a'], [9, 55, 'Usually a little busy', '', '9\u202fAM', None, '9a'], [10, 62, 'Usually a little busy', '', '10\u202fAM', None, '9a'], [11, 57, 'Usually a little busy', '', '11\u202fAM', None, '9a'], [12, 51, 'Usually a little busy', '', '12\u202fPM', None, '12p'], [13, 55, 'Usually a little busy', '', '1\u202fPM', None, '12p'], [14, 67, 'Usually a little busy', '', '2\u202fPM', None, '12p'], [15, 80, 'Usually as busy as it gets', '', '3\u202fPM', None, '3p'], [16, 84, 'Usually as busy as it gets', '', '4\u202fPM', None, '3p'], [17, 82, 'Usually as busy as it gets', '', '5\u202fPM', None, '3p'], [18, 80, 'Usually as busy as it gets', '', '6\u202fPM', None, '6p'], [19, 85, 'Usually as busy as it gets', '', '7\u202fPM', None, '6p'], [20, 100, 'Usually as busy as it gets', '', '8\u202fPM', None, '6p'], [21, 99, 'Usually as busy as it gets', '', '9\u202fPM', None, '9p'], [22, 79, 'Usually a little busy', '', '10\u202fPM', None, '9p'], [23, 0, '', '', '11\u202fPM', None, '9p']], 0], [1, [[6, 0, '', '', '6\u202fAM', None, '6a'], [7, 17, 'Usually not busy', '', '7\u202fAM', None, '6a'], [8, 29, 'Usually not too busy', '', '8\u202fAM', None, '6a'], [9, 39, 'Usually not too busy', '', '9\u202fAM', None, '9a'], [10, 46, 'Usually not too busy', '', '10\u202fAM', None, '9a'], [11, 45, 'Usually not too busy', '', '11\u202fAM', None, '9a'], [12, 47, 'Usually not too busy', '', '12\u202fPM', None, '12p'], [13, 50, 'Usually a little busy', '', '1\u202fPM', None, '12p'], [14, 58, 'Usually a little busy', '', '2\u202fPM', None, '12p'], [15, 59, 'Usually a little busy', '', '3\u202fPM', None, '3p'], [16, 58, 'Usually a little busy', '', '4\u202fPM', None, '3p'], [17, 56, 'Usually a little busy', '', '5\u202fPM', None, '3p'], [18, 61, 'Usually a little busy', '', '6\u202fPM', None, '6p'], [19, 61, 'Usually a little busy', '', '7\u202fPM', None, '6p'], [20, 66, 'Usually a little busy', '', '8\u202fPM', None, '6p'], [21, 61, 'Usually a little busy', '', '9\u202fPM', None, '9p'], [22, 45, 'Usually not too busy', '', '10\u202fPM', None, '9p'], [23, 0, '', '', '11\u202fPM', None, '9p']], 0], [2, [[6, 0, '', '', '6\u202fAM', None, '6a'], [7, 25, 'Usually not too busy', '', '7\u202fAM', None, '6a'], [8, 33, 'Usually not too busy', '', '8\u202fAM', None, '6a'], [9, 41, 'Usually not too busy', '', '9\u202fAM', None, '9a'], [10, 44, 'Usually not too busy', '', '10\u202fAM', None, '9a'], [11, 45, 'Usually not too busy', '', '11\u202fAM', None, '9a'], [12, 44, 'Usually not too busy', '', '12\u202fPM', None, '12p'], [13, 45, 'Usually not too busy', '', '1\u202fPM', None, '12p'], [14, 50, 'Usually a little busy', '', '2\u202fPM', None, '12p'], [15, 54, 'Usually a little busy', '', '3\u202fPM', None, '3p'], [16, 56, 'Usually a little busy', '', '4\u202fPM', None, '3p'], [17, 52, 'Usually a little busy', '', '5\u202fPM', None, '3p'], [18, 55, 'Usually a little busy', '', '6\u202fPM', None, '6p'], [19, 56, 'Usually a little busy', '', '7\u202fPM', None, '6p'], [20, 62, 'Usually a little busy', '', '8\u202fPM', None, '6p'], [21, 55, 'Usually a little busy', '', '9\u202fPM', None, '9p'], [22, 45, 'Usually not too busy', '', '10\u202fPM', None, '9p'], [23, 0, '', '', '11\u202fPM', None, '9p']], 0], [3, [[6, 0, '', '', '6\u202fAM', None, '6a'], [7, 25, 'Usually not too busy', '', '7\u202fAM', None, '6a'], [8, 36, 'Usually not too busy', '', '8\u202fAM', None, '6a'], [9, 39, 'Usually not too busy', '', '9\u202fAM', None, '9a'], [10, 44, 'Usually not too busy', '', '10\u202fAM', None, '9a'], [11, 41, 'Usually not too busy', '', '11\u202fAM', None, '9a'], [12, 42, 'Usually not too busy', '', '12\u202fPM', None, '12p'], [13, 45, 'Usually not too busy', '', '1\u202fPM', None, '12p'], [14, 51, 'Usually a little busy', '', '2\u202fPM', None, '12p'], [15, 56, 'Usually a little busy', '', '3\u202fPM', None, '3p'], [16, 59, 'Usually a little busy', '', '4\u202fPM', None, '3p'], [17, 60, 'Usually a little busy', '', '5\u202fPM', None, '3p'], [18, 64, 'Usually a little busy', '', '6\u202fPM', None, '6p'], [19, 73, 'Usually a little busy', '', '7\u202fPM', None, '6p'], [20, 86, 'Usually as busy as it gets', '', '8\u202fPM', None, '6p'], [21, 84, 'Usually as busy as it gets', '', '9\u202fPM', None, '9p'], [22, 63, 'Usually a little busy', '', '10\u202fPM', None, '9p'], [23, 0, '', '', '11\u202fPM', None, '9p']], 0], [4, [[6, 0, '', '', '6\u202fAM', None, '6a'], [7, 21, 'Usually not too busy', '', '7\u202fAM', None, '6a'], [8, 28, 'Usually not too busy', '', '8\u202fAM', None, '6a'], [9, 38, 'Usually not too busy', '', '9\u202fAM', None, '9a'], [10, 46, 'Usually not too busy', '', '10\u202fAM', None, '9a'], [11, 51, 'Usually a little busy', '', '11\u202fAM', None, '9a'], [12, 47, 'Usually not too busy', '', '12\u202fPM', None, '12p'], [13, 45, 'Usually not too busy', '', '1\u202fPM', None, '12p'], [14, 46, 'Usually not too busy', '', '2\u202fPM', None, '12p'], [15, 55, 'Usually a little busy', '', '3\u202fPM', None, '3p'], [16, 63, 'Usually a little busy', '', '4\u202fPM', None, '3p'], [17, 69, 'Usually a little busy', '', '5\u202fPM', None, '3p'], [18, 77, 'Usually a little busy', '', '6\u202fPM', None, '6p'], [19, 82, 'Usually as busy as it gets', '', '7\u202fPM', None, '6p'], [20, 90, 'Usually as busy as it gets', '', '8\u202fPM', None, '6p'], [21, 86, 'Usually as busy as it gets', '', '9\u202fPM', None, '9p'], [22, 67, 'Usually a little busy', '', '10\u202fPM', None, '9p'], [23, 0, '', '', '11\u202fPM', None, '9p']], 0], [5, [[6, 0, '', '', '6\u202fAM', None, '6a'], [7, 20, 'Usually not too busy', '', '7\u202fAM', None, '6a'], [8, 31, 'Usually not too busy', '', '8\u202fAM', None, '6a'], [9, 43, 'Usually not too busy', '', '9\u202fAM', None, '9a'], [10, 52, 'Usually a little busy', '', '10\u202fAM', None, '9a'], [11, 57, 'Usually a little busy', '', '11\u202fAM', None, '9a'], [12, 54, 'Usually a little busy', '', '12\u202fPM', None, '12p'], [13, 54, 'Usually a little busy', '', '1\u202fPM', None, '12p'], [14, 53, 'Usually a little busy', '', '2\u202fPM', None, '12p'], [15, 60, 'Usually a little busy', '', '3\u202fPM', None, '3p'], [16, 62, 'Usually a little busy', '', '4\u202fPM', None, '3p'], [17, 71, 'Usually a little busy', '', '5\u202fPM', None, '3p'], [18, 80, 'Usually as busy as it gets', '', '6\u202fPM', None, '6p'], [19, 92, 'Usually as busy as it gets', '', '7\u202fPM', None, '6p'], [20, 91, 'Usually as busy as it gets', '', '8\u202fPM', None, '6p'], [21, 83, 'Usually as busy as it gets', '', '9\u202fPM', None, '9p'], [22, 57, 'Usually a little busy', '', '10\u202fPM', None, '9p'], [23, 0, '', '', '11\u202fPM', None, '9p']], 0], [6, [[6, 0, '', '', '6\u202fAM', None, '6a'], [7, 23, 'Usually not too busy', '', '7\u202fAM', None, '6a'], [8, 40, 'Usually not too busy', '', '8\u202fAM', None, '6a'], [9, 59, 'Usually a little busy', '', '9\u202fAM', None, '9a'], [10, 72, 'Usually a little busy', '', '10\u202fAM', None, '9a'], [11, 77, 'Usually a little busy', '', '11\u202fAM', None, '9a'], [12, 77, 'Usually a little busy', '', '12\u202fPM', None, '12p'], [13, 78, 'Usually a little busy', '', '1\u202fPM', None, '12p'], [14, 83, 'Usually as busy as it gets', '', '2\u202fPM', None, '12p'], [15, 88, 'Usually as busy as it gets', '', '3\u202fPM', None, '3p'], [16, 89, 'Usually as busy as it gets', '', '4\u202fPM', None, '3p'], [17, 86, 'Usually as busy as it gets', '', '5\u202fPM', None, '3p'], [18, 84, 'Usually as busy as it gets', '', '6\u202fPM', None, '6p'], [19, 82, 'Usually as busy as it gets', '', '7\u202fPM', None, '6p'], [20, 91, 'Usually as busy as it gets', '', '8\u202fPM', None, '6p'], [21, 90, 'Usually as busy as it gets', '', '9\u202fPM', None, '9p'], [22, 69, 'Usually a little busy', '', '10\u202fPM', None, '9p'], [23, 0, '', '', '11\u202fPM', None, '9p']], 0]]",21.0038063,105.8190133,4.0,568.0,"[{'name': 'Monday', 'data': [0, 0, 0, 0, 0, 0, 0, 17, 29, 39, 46, 45, 47, 50, 58, 59, 58, 56, 61, 61, 66, 61, 45, 0]}, {'name': 'Tuesday', 'data': [0, 0, 0, 0, 0, 0, 0, 25, 33, 41, 44, 45, 44, 45, 50, 54, 56, 52, 55, 56, 62, 55, 45, 0]}, {'name': 'Wednesday', 'data': [0, 0, 0, 0, 0, 0, 0, 25, 36, 39, 44, 41, 42, 45, 51, 56, 59, 60, 64, 73, 86, 84, 63, 0]}, {'name': 'Thursday', 'data': [0, 0, 0, 0, 0, 0, 0, 21, 28, 38, 46, 51, 47, 45, 46, 55, 63, 69, 77, 82, 90, 86, 67, 0]}, {'name': 'Friday', 'data': [0, 0, 0, 0, 0, 0, 0, 20, 31, 43, 52, 57, 54, 54, 53, 60, 62, 71, 80, 92, 91, 83, 57, 0]}, {'name': 'Saturday', 'data': [0, 0, 0, 0, 0, 0, 0, 23, 40, 59, 72, 77, 77, 78, 83, 88, 89, 86, 84, 82, 91, 90, 69, 0]}, {'name': 'Sunday', 'data': [0, 0, 0, 0, 0, 0, 0, 22, 39, 55, 62, 57, 51, 55, 67, 80, 84, 82, 80, 85, 100, 99, 79, 0]}]",,"[45, 120]"
94 Đ. Láng,ChIJmYp9oYSsNTERfvu0X6EoWEo,"94 Đ. Láng, Thịnh Quang, Đống Đa, Hà Nội 100000, Vietnam",['Building'],[['compound_building']],,,21.004320099999997,105.8185379,,,,,
Ng. 1194 Đ. Láng,ChIJ5ZuuRkOrNTERmM-4QytkTmo,"Láng Thượng, Đống Đa, Hanoi, Vietnam",,,,,21.025379299999997,105.8010317,,,,,
Ng. 1194 Đ. Láng/71 Đ. Láng,ChIJQ7fxo0OrNTERMCpDI0dCGDw,"Ng. 1194 Đ. Láng/71 Đ. Láng, Tổ dân phố số 7, Đống Đa, Hà Nội, Vietnam",,,,,21.0270382,105.8014657,,,,,
218/4 Đ. Láng,ChIJsf-jN4OsNTERBk32EGkT6hE,"218/4 Đ. Láng, Tổ Dân Phố Số 9b, Đống Đa, Hà Nội, Vietnam",['Building'],[['compound_building']],,,21.0063607,105.8179073,,,,,
49 Ng. 562 Đ. Láng,ChIJxWwCm2GrNTERrSC20W2QkYY,"49 Ng. 562 Đ. Láng, Láng Hạ, Đống Đa, Hà Nội, Vietnam",['Building'],[['compound_building']],,,21.0136136,105.8105346,,,,,
Ng. 1150 Đ. Láng/37 Đ. Láng,ChIJpYxrqESrNTERMtZWg1o6nTY,"Ng. 1150 Đ. Láng/37 Đ. Láng, Tổ Dân Phố Số 16+Tổ Dân Phố Số 17, Đống Đa, Hà Nội, Vietnam",,,,,21.0245337,105.7995682,,,,,
5 Ng. 538 Đ. Láng,ChIJfcyO7WGrNTERgUAA27J1USU,"5 Ng. 538 Đ. Láng, Láng Hạ, Đống Đa, Hà Nội, Vietnam",,,,,21.0124499,105.8106648,,,,,
Ng. 1194 Đ. Láng,ChIJ5ZuuRkOrNTERmM-4QytkTmo,"Láng Thượng, Đống Đa, Hanoi, Vietnam",,,,,21.025379299999997,105.8010317,,,,,
3 Đ. Láng,ChIJLcjw3pysNTERdSXAl1DVD0Y,"3 Đ. Láng, Thịnh Quang, Đống Đa, Hà Nội, Vietnam",,,,,21.0075869,105.8160394,,,,,
1152 Đ. Láng,ChIJaRjciESrNTERsH5R7mx24ms,"1152 Đ. Láng, Láng Thượng, Đống Đa, Hà Nội 100000, Vietnam",,,,,21.0262515,105.7987962,,,,,
45 Đ. Láng,ChIJSRsnvISsNTERhf_3wnw6rJo,"45 Đ. Láng, Thượng Đình, Thanh Xuân, Hà Nội, Vietnam",,,,,21.003619,105.818512,,,,,
