,id,types,formattedAddress,rating,userRatingCount,regularOpeningHours.openNow,regularOpeningHours.periods,regularOpeningHours.weekdayDescriptions,displayName.text,displayName.languageCode,priceLevel
0,ChIJOSTLv4OrNTERXeSbpr9z9dc,"['book_store', 'food', 'point_of_interest', 'store', 'establishment']","828 Ng. 850 Đ. Láng, Láng Thượng, Đống Đa, Hà Nội, Vietnam",4.0,613.0,True,"[{'open': {'day': 0, 'hour': 8, 'minute': 0}, 'close': {'day': 0, 'hour': 22, 'minute': 0}}, {'open': {'day': 1, 'hour': 8, 'minute': 0}, 'close': {'day': 1, 'hour': 22, 'minute': 0}}, {'open': {'day': 2, 'hour': 8, 'minute': 0}, 'close': {'day': 2, 'hour': 22, 'minute': 0}}, {'open': {'day': 3, 'hour': 8, 'minute': 0}, 'close': {'day': 3, 'hour': 22, 'minute': 0}}, {'open': {'day': 4, 'hour': 8, 'minute': 0}, 'close': {'day': 4, 'hour': 22, 'minute': 0}}, {'open': {'day': 5, 'hour': 8, 'minute': 0}, 'close': {'day': 5, 'hour': 22, 'minute': 0}}, {'open': {'day': 6, 'hour': 8, 'minute': 0}, 'close': {'day': 6, 'hour': 22, 'minute': 0}}]","['Monday: 8:00\u202fAM\u2009–\u200910:00\u202fPM', 'Tuesday: 8:00\u202fAM\u2009–\u200910:00\u202fPM', 'Wednesday: 8:00\u202fAM\u2009–\u200910:00\u202fPM', 'Thursday: 8:00\u202fAM\u2009–\u200910:00\u202fPM', 'Friday: 8:00\u202fAM\u2009–\u200910:00\u202fPM', 'Saturday: 8:00\u202fAM\u2009–\u200910:00\u202fPM', 'Sunday: 8:00\u202fAM\u2009–\u200910:00\u202fPM']",Nhà sách Tiến Thọ,vi,
1,ChIJt6C5cV6rNTERZz1OxZt4b_E,"['book_store', 'point_of_interest', 'store', 'establishment']","756 Đ. Láng, Trung Hoà, Cầu Giấy, Hà Nội, Vietnam",2.4,34.0,True,"[{'open': {'day': 0, 'hour': 7, 'minute': 30}, 'close': {'day': 0, 'hour': 21, 'minute': 30}}, {'open': {'day': 1, 'hour': 7, 'minute': 30}, 'close': {'day': 1, 'hour': 21, 'minute': 30}}, {'open': {'day': 2, 'hour': 7, 'minute': 30}, 'close': {'day': 2, 'hour': 21, 'minute': 30}}, {'open': {'day': 3, 'hour': 7, 'minute': 30}, 'close': {'day': 3, 'hour': 21, 'minute': 30}}, {'open': {'day': 4, 'hour': 7, 'minute': 30}, 'close': {'day': 4, 'hour': 21, 'minute': 30}}, {'open': {'day': 5, 'hour': 7, 'minute': 30}, 'close': {'day': 5, 'hour': 21, 'minute': 30}}, {'open': {'day': 6, 'hour': 7, 'minute': 30}, 'close': {'day': 6, 'hour': 21, 'minute': 30}}]","['Monday: 7:30\u202fAM\u2009–\u20099:30\u202fPM', 'Tuesday: 7:30\u202fAM\u2009–\u20099:30\u202fPM', 'Wednesday: 7:30\u202fAM\u2009–\u20099:30\u202fPM', 'Thursday: 7:30\u202fAM\u2009–\u20099:30\u202fPM', 'Friday: 7:30\u202fAM\u2009–\u20099:30\u202fPM', 'Saturday: 7:30\u202fAM\u2009–\u20099:30\u202fPM', 'Sunday: 7:30\u202fAM\u2009–\u20099:30\u202fPM']",Nhà Sách Xuân Thịnh,vi,
2,ChIJ3XQEdF6rNTERRV901KLLf-M,"['book_store', 'point_of_interest', 'store', 'establishment']","12, 718 Đ. Láng, Láng Thượng, Đống Đa, Hà Nội, Vietnam",,,,,,Nhà Sách Thanh Tuyền,vi,
3,ChIJ2SNHs0SrNTERfAyQL1Fjp9s,"['book_store', 'point_of_interest', 'store', 'establishment']","1068 Đ. Láng, Yên Hoà, Đống Đa, Hà Nội, Vietnam",4.3,15.0,True,"[{'open': {'day': 0, 'hour': 8, 'minute': 0}, 'close': {'day': 0, 'hour': 22, 'minute': 0}}, {'open': {'day': 1, 'hour': 8, 'minute': 0}, 'close': {'day': 1, 'hour': 22, 'minute': 0}}, {'open': {'day': 2, 'hour': 8, 'minute': 0}, 'close': {'day': 2, 'hour': 22, 'minute': 0}}, {'open': {'day': 3, 'hour': 8, 'minute': 0}, 'close': {'day': 3, 'hour': 22, 'minute': 0}}, {'open': {'day': 4, 'hour': 8, 'minute': 0}, 'close': {'day': 4, 'hour': 22, 'minute': 0}}, {'open': {'day': 5, 'hour': 8, 'minute': 0}, 'close': {'day': 5, 'hour': 22, 'minute': 0}}, {'open': {'day': 6, 'hour': 8, 'minute': 0}, 'close': {'day': 6, 'hour': 22, 'minute': 0}}]","['Monday: 8:00\u202fAM\u2009–\u200910:00\u202fPM', 'Tuesday: 8:00\u202fAM\u2009–\u200910:00\u202fPM', 'Wednesday: 8:00\u202fAM\u2009–\u200910:00\u202fPM', 'Thursday: 8:00\u202fAM\u2009–\u200910:00\u202fPM', 'Friday: 8:00\u202fAM\u2009–\u200910:00\u202fPM', 'Saturday: 8:00\u202fAM\u2009–\u200910:00\u202fPM', 'Sunday: 8:00\u202fAM\u2009–\u200910:00\u202fPM']",Nhà Sách Mạnh Trưởng,vi,
4,ChIJ_yJeY2CrNTERRJPZgRsF4hU,"['book_store', 'point_of_interest', 'store', 'establishment']","612 Đ. Láng, Láng Hạ, Đống Đa, Hà Nội, Vietnam",4.3,19.0,True,"[{'open': {'day': 0, 'hour': 8, 'minute': 0}, 'close': {'day': 0, 'hour': 21, 'minute': 30}}, {'open': {'day': 1, 'hour': 8, 'minute': 0}, 'close': {'day': 1, 'hour': 21, 'minute': 30}}, {'open': {'day': 2, 'hour': 8, 'minute': 0}, 'close': {'day': 2, 'hour': 21, 'minute': 30}}, {'open': {'day': 3, 'hour': 8, 'minute': 0}, 'close': {'day': 3, 'hour': 21, 'minute': 30}}, {'open': {'day': 4, 'hour': 8, 'minute': 0}, 'close': {'day': 4, 'hour': 21, 'minute': 30}}, {'open': {'day': 5, 'hour': 8, 'minute': 0}, 'close': {'day': 5, 'hour': 21, 'minute': 30}}, {'open': {'day': 6, 'hour': 8, 'minute': 0}, 'close': {'day': 6, 'hour': 21, 'minute': 30}}]","['Monday: 8:00\u202fAM\u2009–\u20099:30\u202fPM', 'Tuesday: 8:00\u202fAM\u2009–\u20099:30\u202fPM', 'Wednesday: 8:00\u202fAM\u2009–\u20099:30\u202fPM', 'Thursday: 8:00\u202fAM\u2009–\u20099:30\u202fPM', 'Friday: 8:00\u202fAM\u2009–\u20099:30\u202fPM', 'Saturday: 8:00\u202fAM\u2009–\u20099:30\u202fPM', 'Sunday: 8:00\u202fAM\u2009–\u20099:30\u202fPM']",Nhà Sách Minh Trường,vi,
5,ChIJc8mi7J2sNTERdkV0LpRvFZo,"['point_of_interest', 'store', 'establishment']","474 Đ. Láng, Trung Hoà, Đống Đa, Hà Nội, Vietnam",5.0,1.0,,,,Tiệm Sách Cũ Minh Huy,vi,
6,ChIJFfV8tkSrNTERRoC0d18JgWQ,"['book_store', 'point_of_interest', 'store', 'establishment']","1092 Đ. Láng, Yên Hoà, Đống Đa, Hà Nội, Vietnam",5.0,1.0,,,,Nhà Sách Đức Quân,vi,
7,ChIJ2V28BwGtNTERrcRxZZ4EwNY,"['book_store', 'home_goods_store', 'point_of_interest', 'store', 'establishment']","1130 Đ. Láng, Yên Hoà, Đống Đa, Hà Nội 100000, Vietnam",4.5,27.0,True,"[{'open': {'day': 0, 'hour': 0, 'minute': 0}}]","['Monday: Open 24 hours', 'Tuesday: Open 24 hours', 'Wednesday: Open 24 hours', 'Thursday: Open 24 hours', 'Friday: Open 24 hours', 'Saturday: Open 24 hours', 'Sunday: Open 24 hours']",Cửa hàng thu mua sách cũ Hà Nội,vi,
8,ChIJkUChwJSrNTERbkfUXdtveXQ,"['book_store', 'point_of_interest', 'store', 'establishment']","1130 Đ. Láng, Yên Hoà, Đống Đa, Hà Nội, Vietnam",4.5,2.0,True,"[{'open': {'day': 0, 'hour': 9, 'minute': 0}, 'close': {'day': 0, 'hour': 21, 'minute': 0}}, {'open': {'day': 1, 'hour': 9, 'minute': 0}, 'close': {'day': 1, 'hour': 21, 'minute': 0}}, {'open': {'day': 2, 'hour': 9, 'minute': 0}, 'close': {'day': 2, 'hour': 21, 'minute': 0}}, {'open': {'day': 3, 'hour': 9, 'minute': 0}, 'close': {'day': 3, 'hour': 21, 'minute': 0}}, {'open': {'day': 4, 'hour': 9, 'minute': 0}, 'close': {'day': 4, 'hour': 21, 'minute': 0}}, {'open': {'day': 5, 'hour': 9, 'minute': 0}, 'close': {'day': 5, 'hour': 21, 'minute': 0}}, {'open': {'day': 6, 'hour': 9, 'minute': 0}, 'close': {'day': 6, 'hour': 21, 'minute': 0}}]","['Monday: 9:00\u202fAM\u2009–\u20099:00\u202fPM', 'Tuesday: 9:00\u202fAM\u2009–\u20099:00\u202fPM', 'Wednesday: 9:00\u202fAM\u2009–\u20099:00\u202fPM', 'Thursday: 9:00\u202fAM\u2009–\u20099:00\u202fPM', 'Friday: 9:00\u202fAM\u2009–\u20099:00\u202fPM', 'Saturday: 9:00\u202fAM\u2009–\u20099:00\u202fPM', 'Sunday: 9:00\u202fAM\u2009–\u20099:00\u202fPM']",Nhà Sách Đại Việt,vi,
9,ChIJ05iK1F2rNTERMILWSGSIWaI,"['book_store', 'point_of_interest', 'store', 'establishment']","808 Đ. Láng, Trung Hoà, Đống Đa, Hà Nội, Vietnam",3.8,49.0,True,"[{'open': {'day': 1, 'hour': 8, 'minute': 0}, 'close': {'day': 1, 'hour': 17, 'minute': 30}}, {'open': {'day': 2, 'hour': 8, 'minute': 0}, 'close': {'day': 2, 'hour': 17, 'minute': 30}}, {'open': {'day': 3, 'hour': 8, 'minute': 0}, 'close': {'day': 3, 'hour': 17, 'minute': 30}}, {'open': {'day': 4, 'hour': 8, 'minute': 0}, 'close': {'day': 4, 'hour': 17, 'minute': 30}}, {'open': {'day': 5, 'hour': 8, 'minute': 0}, 'close': {'day': 5, 'hour': 17, 'minute': 30}}, {'open': {'day': 6, 'hour': 8, 'minute': 0}, 'close': {'day': 6, 'hour': 17, 'minute': 30}}]","['Monday: 8:00\u202fAM\u2009–\u20095:30\u202fPM', 'Tuesday: 8:00\u202fAM\u2009–\u20095:30\u202fPM', 'Wednesday: 8:00\u202fAM\u2009–\u20095:30\u202fPM', 'Thursday: 8:00\u202fAM\u2009–\u20095:30\u202fPM', 'Friday: 8:00\u202fAM\u2009–\u20095:30\u202fPM', 'Saturday: 8:00\u202fAM\u2009–\u20095:30\u202fPM', 'Sunday: Closed']",Bookstore Minh Thang,en,
10,ChIJCcvbT1yrNTERw7ZBMp8DfG0,"['book_store', 'point_of_interest', 'store', 'establishment']","876 Đ. Láng, Yên Hoà, Đống Đa, Hà Nội, Vietnam",,,,,,Nhà Sách Minh Ngọc,vi,
11,ChIJN9v83sqrNTERwgyyysR0ay8,"['book_store', 'point_of_interest', 'store', 'establishment']","676 Đ. Láng, Trung Hoà, Đống Đa, Hà Nội 100000, Vietnam",4.2,273.0,True,"[{'open': {'day': 0, 'hour': 0, 'minute': 0}, 'close': {'day': 1, 'hour': 0, 'minute': 0}}, {'open': {'day': 1, 'hour': 8, 'minute': 30}, 'close': {'day': 1, 'hour': 19, 'minute': 0}}, {'open': {'day': 2, 'hour': 8, 'minute': 30}, 'close': {'day': 2, 'hour': 19, 'minute': 0}}, {'open': {'day': 3, 'hour': 8, 'minute': 30}, 'close': {'day': 3, 'hour': 19, 'minute': 0}}, {'open': {'day': 4, 'hour': 8, 'minute': 30}, 'close': {'day': 4, 'hour': 19, 'minute': 0}}, {'open': {'day': 5, 'hour': 8, 'minute': 30}, 'close': {'day': 5, 'hour': 19, 'minute': 0}}, {'open': {'day': 6, 'hour': 8, 'minute': 0}, 'close': {'day': 6, 'hour': 18, 'minute': 0}}]","['Monday: 8:30\u202fAM\u2009–\u20097:00\u202fPM', 'Tuesday: 8:30\u202fAM\u2009–\u20097:00\u202fPM', 'Wednesday: 8:30\u202fAM\u2009–\u20097:00\u202fPM', 'Thursday: 8:30\u202fAM\u2009–\u20097:00\u202fPM', 'Friday: 8:30\u202fAM\u2009–\u20097:00\u202fPM', 'Saturday: 8:00\u202fAM\u2009–\u20096:00\u202fPM', 'Sunday: Open 24 hours']",Sách xưa và nay,vi,
12,ChIJo4XiTlyrNTERj49n4tScqBE,"['book_store', 'point_of_interest', 'store', 'establishment']","868 Đ. Láng, Láng Thượng, Đống Đa, Hà Nội, Vietnam",5.0,3.0,True,"[{'open': {'day': 0, 'hour': 7, 'minute': 30}, 'close': {'day': 0, 'hour': 21, 'minute': 30}}, {'open': {'day': 1, 'hour': 7, 'minute': 0}, 'close': {'day': 1, 'hour': 21, 'minute': 0}}, {'open': {'day': 2, 'hour': 7, 'minute': 0}, 'close': {'day': 2, 'hour': 21, 'minute': 0}}, {'open': {'day': 3, 'hour': 7, 'minute': 0}, 'close': {'day': 3, 'hour': 21, 'minute': 0}}, {'open': {'day': 4, 'hour': 7, 'minute': 0}, 'close': {'day': 4, 'hour': 21, 'minute': 0}}, {'open': {'day': 5, 'hour': 7, 'minute': 0}, 'close': {'day': 5, 'hour': 21, 'minute': 0}}, {'open': {'day': 6, 'hour': 7, 'minute': 0}, 'close': {'day': 6, 'hour': 21, 'minute': 0}}]","['Monday: 7:00\u202fAM\u2009–\u20099:00\u202fPM', 'Tuesday: 7:00\u202fAM\u2009–\u20099:00\u202fPM', 'Wednesday: 7:00\u202fAM\u2009–\u20099:00\u202fPM', 'Thursday: 7:00\u202fAM\u2009–\u20099:00\u202fPM', 'Friday: 7:00\u202fAM\u2009–\u20099:00\u202fPM', 'Saturday: 7:00\u202fAM\u2009–\u20099:00\u202fPM', 'Sunday: 7:30\u202fAM\u2009–\u20099:30\u202fPM']",Nhà Sách Dân Hiền,vi,
13,ChIJ20IsaNirNTER0BRYgJCHkhA,"['book_store', 'point_of_interest', 'store', 'establishment']","600 Đ. Láng, Láng Hạ, Đống Đa, Hà Nội, Vietnam",,,,,,Nhà Sách Quang Tuấn,vi,
14,ChIJr79RoFyrNTERBjNsqdRqNRE,"['book_store', 'point_of_interest', 'store', 'establishment']","986 Đ. Láng, Yên Hoà, Đống Đa, Hà Nội, Vietnam",,,True,"[{'open': {'day': 0, 'hour': 7, 'minute': 30}, 'close': {'day': 0, 'hour': 21, 'minute': 30}}, {'open': {'day': 1, 'hour': 7, 'minute': 30}, 'close': {'day': 1, 'hour': 21, 'minute': 30}}, {'open': {'day': 2, 'hour': 7, 'minute': 30}, 'close': {'day': 2, 'hour': 21, 'minute': 30}}, {'open': {'day': 3, 'hour': 7, 'minute': 30}, 'close': {'day': 3, 'hour': 21, 'minute': 30}}, {'open': {'day': 4, 'hour': 7, 'minute': 30}, 'close': {'day': 4, 'hour': 21, 'minute': 30}}, {'open': {'day': 5, 'hour': 7, 'minute': 30}, 'close': {'day': 5, 'hour': 21, 'minute': 30}}, {'open': {'day': 6, 'hour': 7, 'minute': 30}, 'close': {'day': 6, 'hour': 21, 'minute': 30}}]","['Monday: 7:30\u202fAM\u2009–\u20099:30\u202fPM', 'Tuesday: 7:30\u202fAM\u2009–\u20099:30\u202fPM', 'Wednesday: 7:30\u202fAM\u2009–\u20099:30\u202fPM', 'Thursday: 7:30\u202fAM\u2009–\u20099:30\u202fPM', 'Friday: 7:30\u202fAM\u2009–\u20099:30\u202fPM', 'Saturday: 7:30\u202fAM\u2009–\u20099:30\u202fPM', 'Sunday: 7:30\u202fAM\u2009–\u20099:30\u202fPM']",Nhà Sách Thiệu Hải,vi,
15,ChIJNXtpcV6rNTERy63xEyCsjKQ,"['book_store', 'point_of_interest', 'store', 'establishment']","760 Đ. Láng, Trung Hoà, Đống Đa, Hà Nội, Vietnam",2.8,4.0,,,,Sách cũ Hải Bình,vi,
16,ChIJ0Wkj_dKtNTER2fJbr7XydJA,"['barber_shop', 'hair_care', 'health', 'point_of_interest', 'establishment']","660 Đ. Láng, Láng Hạ, Đống Đa, Hà Nội, Vietnam",4.8,77.0,True,"[{'open': {'day': 0, 'hour': 8, 'minute': 45}, 'close': {'day': 0, 'hour': 20, 'minute': 0}}, {'open': {'day': 1, 'hour': 8, 'minute': 45}, 'close': {'day': 1, 'hour': 20, 'minute': 0}}, {'open': {'day': 2, 'hour': 8, 'minute': 45}, 'close': {'day': 2, 'hour': 20, 'minute': 0}}, {'open': {'day': 3, 'hour': 8, 'minute': 45}, 'close': {'day': 3, 'hour': 20, 'minute': 0}}, {'open': {'day': 4, 'hour': 8, 'minute': 45}, 'close': {'day': 4, 'hour': 20, 'minute': 0}}, {'open': {'day': 5, 'hour': 8, 'minute': 45}, 'close': {'day': 5, 'hour': 20, 'minute': 0}}, {'open': {'day': 6, 'hour': 8, 'minute': 45}, 'close': {'day': 6, 'hour': 20, 'minute': 0}}]","['Monday: 8:45\u202fAM\u2009–\u20098:00\u202fPM', 'Tuesday: 8:45\u202fAM\u2009–\u20098:00\u202fPM', 'Wednesday: 8:45\u202fAM\u2009–\u20098:00\u202fPM', 'Thursday: 8:45\u202fAM\u2009–\u20098:00\u202fPM', 'Friday: 8:45\u202fAM\u2009–\u20098:00\u202fPM', 'Saturday: 8:45\u202fAM\u2009–\u20098:00\u202fPM', 'Sunday: 8:45\u202fAM\u2009–\u20098:00\u202fPM']",PI NGUYEN Barbershop 2,vi,
17,ChIJqzombF6rNTERznEPhMfxDEo,"['barber_shop', 'hair_salon', 'hair_care', 'health', 'point_of_interest', 'establishment']","702 Đ. Láng, Láng Thượng, Đống Đa, Hà Nội 100000, Vietnam",4.3,803.0,True,"[{'open': {'day': 0, 'hour': 8, 'minute': 30}, 'close': {'day': 0, 'hour': 20, 'minute': 30}}, {'open': {'day': 1, 'hour': 8, 'minute': 30}, 'close': {'day': 1, 'hour': 20, 'minute': 30}}, {'open': {'day': 2, 'hour': 8, 'minute': 30}, 'close': {'day': 2, 'hour': 20, 'minute': 30}}, {'open': {'day': 3, 'hour': 8, 'minute': 30}, 'close': {'day': 3, 'hour': 20, 'minute': 30}}, {'open': {'day': 4, 'hour': 8, 'minute': 30}, 'close': {'day': 4, 'hour': 20, 'minute': 30}}, {'open': {'day': 5, 'hour': 8, 'minute': 30}, 'close': {'day': 5, 'hour': 20, 'minute': 30}}, {'open': {'day': 6, 'hour': 8, 'minute': 30}, 'close': {'day': 6, 'hour': 20, 'minute': 30}}]","['Monday: 8:30\u202fAM\u2009–\u20098:30\u202fPM', 'Tuesday: 8:30\u202fAM\u2009–\u20098:30\u202fPM', 'Wednesday: 8:30\u202fAM\u2009–\u20098:30\u202fPM', 'Thursday: 8:30\u202fAM\u2009–\u20098:30\u202fPM', 'Friday: 8:30\u202fAM\u2009–\u20098:30\u202fPM', 'Saturday: 8:30\u202fAM\u2009–\u20098:30\u202fPM', 'Sunday: 8:30\u202fAM\u2009–\u20098:30\u202fPM']",30Shine 702 Đường Láng,en,
18,ChIJqax5RmurNTER7BihWOE6GbA,"['barber_shop', 'hair_care', 'health', 'point_of_interest', 'establishment']","1174 Đ. Láng, Láng Thượng, Đống Đa, Hà Nội, Vietnam",4.0,343.0,True,"[{'open': {'day': 0, 'hour': 9, 'minute': 0}, 'close': {'day': 0, 'hour': 19, 'minute': 30}}, {'open': {'day': 1, 'hour': 9, 'minute': 0}, 'close': {'day': 1, 'hour': 19, 'minute': 30}}, {'open': {'day': 2, 'hour': 9, 'minute': 0}, 'close': {'day': 2, 'hour': 19, 'minute': 30}}, {'open': {'day': 3, 'hour': 9, 'minute': 0}, 'close': {'day': 3, 'hour': 19, 'minute': 30}}, {'open': {'day': 4, 'hour': 9, 'minute': 0}, 'close': {'day': 4, 'hour': 19, 'minute': 30}}, {'open': {'day': 5, 'hour': 9, 'minute': 0}, 'close': {'day': 5, 'hour': 19, 'minute': 30}}, {'open': {'day': 6, 'hour': 9, 'minute': 0}, 'close': {'day': 6, 'hour': 19, 'minute': 30}}]","['Monday: 9:00\u202fAM\u2009–\u20097:30\u202fPM', 'Tuesday: 9:00\u202fAM\u2009–\u20097:30\u202fPM', 'Wednesday: 9:00\u202fAM\u2009–\u20097:30\u202fPM', 'Thursday: 9:00\u202fAM\u2009–\u20097:30\u202fPM', 'Friday: 9:00\u202fAM\u2009–\u20097:30\u202fPM', 'Saturday: 9:00\u202fAM\u2009–\u20097:30\u202fPM', 'Sunday: 9:00\u202fAM\u2009–\u20097:30\u202fPM']",Tiệm Cắt Tóc Phong BvB,en,
19,ChIJEx5ie-2tNTERjbRaAXmCEpE,"['hair_salon', 'hair_care', 'point_of_interest', 'establishment']","356 Đ. Láng, Nhân Chính, Đống Đa, Hà Nội, Vietnam",4.7,3.0,True,"[{'open': {'day': 0, 'hour': 9, 'minute': 0}, 'close': {'day': 0, 'hour': 20, 'minute': 0}}, {'open': {'day': 1, 'hour': 9, 'minute': 0}, 'close': {'day': 1, 'hour': 20, 'minute': 0}}, {'open': {'day': 2, 'hour': 9, 'minute': 0}, 'close': {'day': 2, 'hour': 20, 'minute': 0}}, {'open': {'day': 3, 'hour': 9, 'minute': 0}, 'close': {'day': 3, 'hour': 20, 'minute': 0}}, {'open': {'day': 4, 'hour': 9, 'minute': 0}, 'close': {'day': 4, 'hour': 20, 'minute': 0}}, {'open': {'day': 5, 'hour': 9, 'minute': 0}, 'close': {'day': 5, 'hour': 20, 'minute': 0}}, {'open': {'day': 6, 'hour': 9, 'minute': 0}, 'close': {'day': 6, 'hour': 20, 'minute': 0}}]","['Monday: 9:00\u202fAM\u2009–\u20098:00\u202fPM', 'Tuesday: 9:00\u202fAM\u2009–\u20098:00\u202fPM', 'Wednesday: 9:00\u202fAM\u2009–\u20098:00\u202fPM', 'Thursday: 9:00\u202fAM\u2009–\u20098:00\u202fPM', 'Friday: 9:00\u202fAM\u2009–\u20098:00\u202fPM', 'Saturday: 9:00\u202fAM\u2009–\u20098:00\u202fPM', 'Sunday: 9:00\u202fAM\u2009–\u20098:00\u202fPM']",Cắt Tóc Nam Fast Barber Shop,vi,
20,ChIJ0X3HvEOrNTERLeo7OlB3dbY,"['pharmacy', 'health', 'store', 'point_of_interest', 'establishment']","78 Đ. Láng, Láng Thượng, Đống Đa, Hà Nội, Vietnam",,,,,,Nhà Thuốc Thành Trung,vi,
21,ChIJsxnHsV2rNTERyLLJ012poZo,"['pharmacy', 'health', 'store', 'point_of_interest', 'establishment']","30 Ngách 3 Ng. 850 Đ. Láng, Láng Thượng, Đống Đa, Hà Nội, Vietnam",,,,,,Nhà Thuốc Tùng Lâm,vi,
22,ChIJgdsmqJarNTERNQERgjOT85c,"['pharmacy', 'health', 'store', 'point_of_interest', 'establishment']","159 Ng. 1194 Đ. Láng, Láng Thượng, Đống Đa, Hà Nội 100000, Vietnam",3.0,2.0,True,"[{'open': {'day': 0, 'hour': 7, 'minute': 0}, 'close': {'day': 0, 'hour': 23, 'minute': 15}}, {'open': {'day': 1, 'hour': 7, 'minute': 0}, 'close': {'day': 1, 'hour': 23, 'minute': 15}}, {'open': {'day': 2, 'hour': 7, 'minute': 0}, 'close': {'day': 2, 'hour': 23, 'minute': 15}}, {'open': {'day': 3, 'hour': 7, 'minute': 0}, 'close': {'day': 3, 'hour': 23, 'minute': 15}}, {'open': {'day': 4, 'hour': 7, 'minute': 0}, 'close': {'day': 4, 'hour': 23, 'minute': 15}}, {'open': {'day': 5, 'hour': 7, 'minute': 0}, 'close': {'day': 5, 'hour': 23, 'minute': 15}}, {'open': {'day': 6, 'hour': 7, 'minute': 0}, 'close': {'day': 6, 'hour': 23, 'minute': 15}}]","['Monday: 7:00\u202fAM\u2009–\u200911:15\u202fPM', 'Tuesday: 7:00\u202fAM\u2009–\u200911:15\u202fPM', 'Wednesday: 7:00\u202fAM\u2009–\u200911:15\u202fPM', 'Thursday: 7:00\u202fAM\u2009–\u200911:15\u202fPM', 'Friday: 7:00\u202fAM\u2009–\u200911:15\u202fPM', 'Saturday: 7:00\u202fAM\u2009–\u200911:15\u202fPM', 'Sunday: 7:00\u202fAM\u2009–\u200911:15\u202fPM']",Hệ thống Nhà Thuốc Tâm Đức,vi,
23,ChIJLYzovEOrNTERx2zgrf0ga4A,"['pharmacy', 'health', 'store', 'point_of_interest', 'establishment']","61 Ng. 1194 Đ. Láng, Láng Thượng, Đống Đa, Hà Nội, Vietnam",,,,,,Nhà Thuốc Gia Bảo,vi,
24,ChIJF4IOKXGtNTERs-EDUBOmxdw,"['pharmacy', 'health', 'store', 'point_of_interest', 'establishment']","28 ngõ 426 Đ. Láng, Láng Hạ, Đống Đa, Hà Nội 10000, Vietnam",,,True,"[{'open': {'day': 0, 'hour': 7, 'minute': 0}, 'close': {'day': 0, 'hour': 22, 'minute': 0}}, {'open': {'day': 1, 'hour': 7, 'minute': 0}, 'close': {'day': 1, 'hour': 22, 'minute': 0}}, {'open': {'day': 2, 'hour': 7, 'minute': 0}, 'close': {'day': 2, 'hour': 22, 'minute': 0}}, {'open': {'day': 3, 'hour': 7, 'minute': 0}, 'close': {'day': 3, 'hour': 22, 'minute': 0}}, {'open': {'day': 4, 'hour': 7, 'minute': 0}, 'close': {'day': 4, 'hour': 22, 'minute': 0}}, {'open': {'day': 5, 'hour': 7, 'minute': 0}, 'close': {'day': 5, 'hour': 22, 'minute': 0}}, {'open': {'day': 6, 'hour': 7, 'minute': 0}, 'close': {'day': 6, 'hour': 22, 'minute': 0}}]","['Monday: 7:00\u202fAM\u2009–\u200910:00\u202fPM', 'Tuesday: 7:00\u202fAM\u2009–\u200910:00\u202fPM', 'Wednesday: 7:00\u202fAM\u2009–\u200910:00\u202fPM', 'Thursday: 7:00\u202fAM\u2009–\u200910:00\u202fPM', 'Friday: 7:00\u202fAM\u2009–\u200910:00\u202fPM', 'Saturday: 7:00\u202fAM\u2009–\u200910:00\u202fPM', 'Sunday: 7:00\u202fAM\u2009–\u200910:00\u202fPM']",Nhà thuốc Việt Đức 8,en,
25,ChIJ5euFmJ2sNTERBvdinNbVuCQ,"['pharmacy', 'health', 'store', 'point_of_interest', 'establishment']","424 Đ. Láng, Nhân Chính, Đống Đa, Hà Nội, Vietnam",3.0,2.0,,,,Nhà Thuốc Hương Việt,vi,
26,ChIJPTCJtZ6rNTER644mljR9QPs,"['pharmacy', 'health', 'store', 'point_of_interest', 'establishment']","1 Ng. 1160 Đ. Láng, Láng Thượng, Đống Đa, Hà Nội, Vietnam",,,True,"[{'open': {'day': 0, 'hour': 8, 'minute': 0}, 'close': {'day': 0, 'hour': 22, 'minute': 0}}, {'open': {'day': 1, 'hour': 8, 'minute': 0}, 'close': {'day': 1, 'hour': 22, 'minute': 0}}, {'open': {'day': 2, 'hour': 8, 'minute': 0}, 'close': {'day': 2, 'hour': 22, 'minute': 0}}, {'open': {'day': 3, 'hour': 8, 'minute': 0}, 'close': {'day': 3, 'hour': 22, 'minute': 0}}, {'open': {'day': 4, 'hour': 8, 'minute': 0}, 'close': {'day': 4, 'hour': 22, 'minute': 0}}, {'open': {'day': 5, 'hour': 8, 'minute': 0}, 'close': {'day': 5, 'hour': 22, 'minute': 0}}, {'open': {'day': 6, 'hour': 8, 'minute': 0}, 'close': {'day': 6, 'hour': 22, 'minute': 0}}]","['Monday: 8:00\u202fAM\u2009–\u200910:00\u202fPM', 'Tuesday: 8:00\u202fAM\u2009–\u200910:00\u202fPM', 'Wednesday: 8:00\u202fAM\u2009–\u200910:00\u202fPM', 'Thursday: 8:00\u202fAM\u2009–\u200910:00\u202fPM', 'Friday: 8:00\u202fAM\u2009–\u200910:00\u202fPM', 'Saturday: 8:00\u202fAM\u2009–\u200910:00\u202fPM', 'Sunday: 8:00\u202fAM\u2009–\u200910:00\u202fPM']",Quầy thuốc Tâm Đức,vi,
27,ChIJVZr07mGrNTERkBsc_zM6xrM,"['pharmacy', 'health', 'store', 'point_of_interest', 'establishment']","4 Đ. Láng, Láng Hạ, Đống Đa, Hà Nội, Vietnam",5.0,2.0,,,,Nhà Thuốc Đông Y Khương Lâm,vi,
28,ChIJH9WQYmCrNTER7EnY7uKp2G4,"['pharmacy', 'health', 'store', 'point_of_interest', 'establishment']","626 Đ. Láng, Trung Hoà, Đống Đa, Hà Nội, Vietnam",4.8,38.0,True,"[{'open': {'day': 0, 'hour': 0, 'minute': 0}}]","['Monday: Open 24 hours', 'Tuesday: Open 24 hours', 'Wednesday: Open 24 hours', 'Thursday: Open 24 hours', 'Friday: Open 24 hours', 'Saturday: Open 24 hours', 'Sunday: Open 24 hours']",Nhà Thuốc 24H - Đường Láng Pharmacy,vi,
29,ChIJnxLdP0GrNTERCnqXrczJEiM,"['pharmacy', 'health', 'store', 'point_of_interest', 'establishment']","Ngh. 3/Nhà 12 Ng. 850 Đ. Láng, Láng Thượng, Đống Đa, Hà Nội, Vietnam",5.0,7.0,True,"[{'open': {'day': 0, 'hour': 7, 'minute': 0}, 'close': {'day': 1, 'hour': 1, 'minute': 0}}, {'open': {'day': 1, 'hour': 7, 'minute': 0}, 'close': {'day': 2, 'hour': 1, 'minute': 0}}, {'open': {'day': 2, 'hour': 7, 'minute': 0}, 'close': {'day': 3, 'hour': 1, 'minute': 0}}, {'open': {'day': 3, 'hour': 7, 'minute': 0}, 'close': {'day': 4, 'hour': 1, 'minute': 0}}, {'open': {'day': 4, 'hour': 7, 'minute': 0}, 'close': {'day': 5, 'hour': 1, 'minute': 0}}, {'open': {'day': 5, 'hour': 7, 'minute': 0}, 'close': {'day': 6, 'hour': 1, 'minute': 0}}, {'open': {'day': 6, 'hour': 7, 'minute': 0}, 'close': {'day': 0, 'hour': 1, 'minute': 0}}]","['Monday: 7:00\u202fAM\u2009–\u20091:00\u202fAM', 'Tuesday: 7:00\u202fAM\u2009–\u20091:00\u202fAM', 'Wednesday: 7:00\u202fAM\u2009–\u20091:00\u202fAM', 'Thursday: 7:00\u202fAM\u2009–\u20091:00\u202fAM', 'Friday: 7:00\u202fAM\u2009–\u20091:00\u202fAM', 'Saturday: 7:00\u202fAM\u2009–\u20091:00\u202fAM', 'Sunday: 7:00\u202fAM\u2009–\u20091:00\u202fAM']",Nhà Thuốc Bình An 6,vi,
30,ChIJfUabo0OrNTERk-eFo0q_9Xk,"['pharmacy', 'health', 'store', 'point_of_interest', 'establishment']","69 Đ. Láng, Láng Thượng, Đống Đa, Hà Nội, Vietnam",,,,,,Nhà Thuốc Minh Ngọc,vi,
31,ChIJV2GATFyrNTERI16iaSkMXfQ,"['pharmacy', 'health', 'store', 'point_of_interest', 'establishment']","2 Đ. Láng, Láng Thượng, Đống Đa, Hà Nội, Vietnam",,,,,,Nhà Thuốc Thúy Loan,vi,
32,ChIJ23z8rV2rNTERNKmNJrkQDPA,"['pharmacy', 'health', 'store', 'point_of_interest', 'establishment']","11 Đ. Láng, Láng Thượng, Đống Đa, Hà Nội, Vietnam",5.0,2.0,,,,Nhà Thuốc Vạn Linh,vi,
33,ChIJ0X3HvEOrNTERbSAvHeNY-Iw,"['pharmacy', 'health', 'store', 'point_of_interest', 'establishment']","64 Đ. Láng, Láng Thượng, Đống Đa, Hà Nội, Vietnam",,,,,,Nhà Thuốc Phương Thảo,vi,
34,ChIJQVsVfE2tNTERonYpyGWQLZE,"['pharmacy', 'health', 'store', 'point_of_interest', 'establishment']","124 Đ. Láng, Thịnh Quang, Đống Đa, Hà Nội, Vietnam",,,,,,Nhà Thuốc Thanh Hoa. Chị Thủy Có Con Học Văn Bằng 2 Fpt,vi,
35,ChIJ7byC4WGrNTER-x0nFZ73x1c,"['hospital', 'health', 'point_of_interest', 'establishment']","532 Đ. Láng, Láng Hạ, Đống Đa, Hà Nội, Vietnam",3.8,210.0,True,"[{'open': {'day': 0, 'hour': 7, 'minute': 30}, 'close': {'day': 0, 'hour': 12, 'minute': 0}}, {'open': {'day': 1, 'hour': 7, 'minute': 30}, 'close': {'day': 1, 'hour': 16, 'minute': 30}}, {'open': {'day': 2, 'hour': 7, 'minute': 30}, 'close': {'day': 2, 'hour': 16, 'minute': 30}}, {'open': {'day': 3, 'hour': 7, 'minute': 30}, 'close': {'day': 3, 'hour': 16, 'minute': 30}}, {'open': {'day': 4, 'hour': 7, 'minute': 30}, 'close': {'day': 4, 'hour': 16, 'minute': 30}}, {'open': {'day': 5, 'hour': 7, 'minute': 30}, 'close': {'day': 5, 'hour': 16, 'minute': 30}}, {'open': {'day': 6, 'hour': 7, 'minute': 30}, 'close': {'day': 6, 'hour': 16, 'minute': 30}}]","['Monday: 7:30\u202fAM\u2009–\u20094:30\u202fPM', 'Tuesday: 7:30\u202fAM\u2009–\u20094:30\u202fPM', 'Wednesday: 7:30\u202fAM\u2009–\u20094:30\u202fPM', 'Thursday: 7:30\u202fAM\u2009–\u20094:30\u202fPM', 'Friday: 7:30\u202fAM\u2009–\u20094:30\u202fPM', 'Saturday: 7:30\u202fAM\u2009–\u20094:30\u202fPM', 'Sunday: 7:30\u202fAM\u2009–\u200912:00\u202fPM']",Saigon Eye Hospital - Hanoi,en,
36,ChIJm57evZ2sNTERRtH4n-mBdkk,"['hospital', 'health', 'point_of_interest', 'establishment']","452, Đường Láng, Phường Láng Hạ, Quận Đống Đa, Thành Phố Hà Nội, Trung Hoà, Cầu Giấy, Hà Nội, Vietnam",,,,,,Phòng Chẩn Trị Y Học Cổ Truyền Ích Bảo,vi,
37,ChIJ31GHu4SsNTERu6RNdjIiMII,"['general_contractor', 'point_of_interest', 'establishment']","45, Đường Láng, Phường Ngã Tư Sở, Quận Đống Đa, Thành Phố Hà Nội, Thượng Đình, Thanh Xuân, Hà Nội, Vietnam",,,,,,Công Ty TNHH Phát Triển Thương Mại & Dịch Vụ Nhật Minh,vi,
38,ChIJ_2zBt12rNTER_XIRxE8QXFQ,"['point_of_interest', 'establishment']","Ngõ 814 đường láng, Ngõ 1194 Đ. Láng, Láng Thượng, Đống Đa, Hà Nội, Vietnam",4.0,1.0,,,,Công ty TNHH thiết bị y tế và dịch vụ thương mại HD,vi,
39,ChIJ5TYuiUOrNTERw1o0KPutkOk,"['point_of_interest', 'establishment']","1194/136/3, Đ. Láng, Quang Trung, Đống Đa, Hà Nội, Vietnam",,,,,,Công Ty Cổ Phần Đầu Tư Và Sản Xuất Canavi,vi,
40,ChIJ5TYuiUOrNTERhjwDLMqAZkc,"['point_of_interest', 'establishment']","1194/136/3 Ng. 850 Đ. Láng, Quang Trung, Hoàn Kiếm, Hà Nội, Vietnam",,,,,,Công Ty Cổ Phần Đầu Tư Và Sản Xuất Canavi,vi,
41,ChIJYZrOOkOrNTER2YIYS3QppGQ,"['point_of_interest', 'establishment']","Số 12 12, Ngh. 1194/141 Đ. Láng/17 Ng. 1194 Đ. Láng, Láng Thượng, Đống Đa, Hà Nội, Vietnam",,,,,,CÔNG TY TNHH ĐÀO TẠO THAKI,vi,
42,ChIJg1yAkESrNTERh4CKKnUzNJs,"['point_of_interest', 'establishment']","14, 1074 Ng. 850 Đ. Láng, Láng Thượng, Đống Đa, Hà Nội, Vietnam",,,,,,Công Ty Cổ Phần Đầu Tư Phát Triển Thương Mại Và Xây Dựng Hà Nội,vi,
43,ChIJC31jcF6rNTERYA7xoc7g6Dg,"['point_of_interest', 'establishment']","726 Đ. Láng, Trung Hoà, Cầu Giấy, Hà Nội, Vietnam",,,True,"[{'open': {'day': 1, 'hour': 8, 'minute': 0}, 'close': {'day': 1, 'hour': 17, 'minute': 30}}, {'open': {'day': 2, 'hour': 8, 'minute': 0}, 'close': {'day': 2, 'hour': 17, 'minute': 30}}, {'open': {'day': 3, 'hour': 8, 'minute': 0}, 'close': {'day': 3, 'hour': 17, 'minute': 30}}, {'open': {'day': 4, 'hour': 8, 'minute': 0}, 'close': {'day': 4, 'hour': 17, 'minute': 30}}, {'open': {'day': 5, 'hour': 8, 'minute': 0}, 'close': {'day': 5, 'hour': 17, 'minute': 30}}, {'open': {'day': 6, 'hour': 8, 'minute': 0}, 'close': {'day': 6, 'hour': 17, 'minute': 30}}]","['Monday: 8:00\u202fAM\u2009–\u20095:30\u202fPM', 'Tuesday: 8:00\u202fAM\u2009–\u20095:30\u202fPM', 'Wednesday: 8:00\u202fAM\u2009–\u20095:30\u202fPM', 'Thursday: 8:00\u202fAM\u2009–\u20095:30\u202fPM', 'Friday: 8:00\u202fAM\u2009–\u20095:30\u202fPM', 'Saturday: 8:00\u202fAM\u2009–\u20095:30\u202fPM', 'Sunday: Closed']",Công ty Cổ phần VNCeiling Việt Nam,vi,
44,ChIJ4efoUFyrNTERWhsz--dHugA,"['point_of_interest', 'establishment']","740 Đường Láng, Phường Láng Thượng, Quận Đống Đa, Thành phố Hà Nội, Láng Thượng, Đống Đa, Hà Nội, Vietnam",,,,,,Công Ty TNHH Thương Mại Và Xây Dựng Xuân Trạng,vi,
45,ChIJd8zuIVKtNTERQjMwRqEWJbU,"['point_of_interest', 'establishment']","500 Đ. Láng, Láng Hạ, Đống Đa, Hà Nội, Vietnam",,,True,"[{'open': {'day': 0, 'hour': 8, 'minute': 0}, 'close': {'day': 0, 'hour': 17, 'minute': 0}}, {'open': {'day': 1, 'hour': 8, 'minute': 0}, 'close': {'day': 1, 'hour': 17, 'minute': 0}}, {'open': {'day': 2, 'hour': 8, 'minute': 0}, 'close': {'day': 2, 'hour': 17, 'minute': 0}}, {'open': {'day': 3, 'hour': 8, 'minute': 0}, 'close': {'day': 3, 'hour': 17, 'minute': 0}}, {'open': {'day': 4, 'hour': 8, 'minute': 0}, 'close': {'day': 4, 'hour': 17, 'minute': 0}}, {'open': {'day': 5, 'hour': 8, 'minute': 0}, 'close': {'day': 5, 'hour': 17, 'minute': 0}}, {'open': {'day': 6, 'hour': 8, 'minute': 0}, 'close': {'day': 6, 'hour': 17, 'minute': 0}}]","['Monday: 8:00\u202fAM\u2009–\u20095:00\u202fPM', 'Tuesday: 8:00\u202fAM\u2009–\u20095:00\u202fPM', 'Wednesday: 8:00\u202fAM\u2009–\u20095:00\u202fPM', 'Thursday: 8:00\u202fAM\u2009–\u20095:00\u202fPM', 'Friday: 8:00\u202fAM\u2009–\u20095:00\u202fPM', 'Saturday: 8:00\u202fAM\u2009–\u20095:00\u202fPM', 'Sunday: 8:00\u202fAM\u2009–\u20095:00\u202fPM']",Cty THANH AN (HƯNG THƠM-DULUX-JOTUN),vi,
46,ChIJH2jP8oSsNTERJyPBcwtMId4,"['point_of_interest', 'establishment']","34 Đ. Láng, Thượng Đình, Đống Đa, Hà Nội, Vietnam",,,,,,Công ty TNHH sản xuất thương mại & công nghiệp Thành Đạt,vi,
47,ChIJi6EnkWGrNTERJM5f0t-zMnw,"['point_of_interest', 'establishment']","145B Ng. 562 Đ. Láng, Láng Hạ, Đống Đa, Hà Nội, Vietnam",,,,,,Công Ty Tnhh Dịch Vụ Giáo Dục Và Thương Mại Xuân Thành,vi,
48,ChIJt9319p2sNTER7-_5EciBIgo,"['point_of_interest', 'establishment']","468 Đ. Láng, Láng Hạ, Đống Đa, Hà Nội, Vietnam",,,,,,Công ty Cổ phần tư vấn và Đầu tư phát triển Hà Nội GPB,vi,
49,ChIJv7gPDEOrNTERPlca1JxJBVw,"['point_of_interest', 'establishment']","Số 6 ngõ 1174, Ngõ 1194 Đ. Láng, Láng Thượng, Đống Đa, Hà Nội, Vietnam",,,False,"[{'open': {'day': 1, 'hour': 8, 'minute': 0}, 'close': {'day': 1, 'hour': 17, 'minute': 0}}, {'open': {'day': 6, 'hour': 8, 'minute': 0}, 'close': {'day': 6, 'hour': 17, 'minute': 0}}]","['Monday: 8:00\u202fAM\u2009–\u20095:00\u202fPM', 'Tuesday: Closed', 'Wednesday: Closed', 'Thursday: Closed', 'Friday: Closed', 'Saturday: 8:00\u202fAM\u2009–\u20095:00\u202fPM', 'Sunday: Closed']",Công Ty Kỹ Thuật Môi Trường Xây Dựng Vinacee,vi,
50,ChIJe_eVsYOrNTERwRvzIPww7S4,"['point_of_interest', 'establishment']","73 Ng. 1194 Đ. Láng, Láng Thượng, Đống Đa, Hà Nội, Vietnam",5.0,1.0,True,"[{'open': {'day': 1, 'hour': 8, 'minute': 0}, 'close': {'day': 1, 'hour': 17, 'minute': 0}}, {'open': {'day': 2, 'hour': 8, 'minute': 0}, 'close': {'day': 2, 'hour': 17, 'minute': 0}}, {'open': {'day': 3, 'hour': 8, 'minute': 0}, 'close': {'day': 3, 'hour': 17, 'minute': 0}}, {'open': {'day': 4, 'hour': 8, 'minute': 0}, 'close': {'day': 4, 'hour': 17, 'minute': 0}}, {'open': {'day': 5, 'hour': 8, 'minute': 0}, 'close': {'day': 5, 'hour': 17, 'minute': 0}}, {'open': {'day': 6, 'hour': 8, 'minute': 0}, 'close': {'day': 6, 'hour': 17, 'minute': 0}}]","['Monday: 8:00\u202fAM\u2009–\u20095:00\u202fPM', 'Tuesday: 8:00\u202fAM\u2009–\u20095:00\u202fPM', 'Wednesday: 8:00\u202fAM\u2009–\u20095:00\u202fPM', 'Thursday: 8:00\u202fAM\u2009–\u20095:00\u202fPM', 'Friday: 8:00\u202fAM\u2009–\u20095:00\u202fPM', 'Saturday: 8:00\u202fAM\u2009–\u20095:00\u202fPM', 'Sunday: Closed']",Công ty cổ phần đầu tư và phát triển Đất Việt,vi,
51,ChIJswz76t6rNTERo5khnB74cmE,"['point_of_interest', 'establishment']","892 Đ. Láng, Yên Hoà, Đống Đa, Hà Nội, Vietnam",,,,,,Công ty APC,vi,
52,ChIJ31GHu4SsNTERu6RNdjIiMII,"['general_contractor', 'point_of_interest', 'establishment']","45, Đường Láng, Phường Ngã Tư Sở, Quận Đống Đa, Thành Phố Hà Nội, Thượng Đình, Thanh Xuân, Hà Nội, Vietnam",,,,,,Công Ty TNHH Phát Triển Thương Mại & Dịch Vụ Nhật Minh,vi,
53,ChIJi6EnkWGrNTERJM5f0t-zMnw,"['point_of_interest', 'establishment']","145B Ng. 562 Đ. Láng, Láng Hạ, Đống Đa, Hà Nội, Vietnam",,,,,,Công Ty Tnhh Dịch Vụ Giáo Dục Và Thương Mại Xuân Thành,vi,
54,ChIJ4efoUFyrNTERWhsz--dHugA,"['point_of_interest', 'establishment']","740 Đường Láng, Phường Láng Thượng, Quận Đống Đa, Thành phố Hà Nội, Láng Thượng, Đống Đa, Hà Nội, Vietnam",,,,,,Công Ty TNHH Thương Mại Và Xây Dựng Xuân Trạng,vi,
55,ChIJ9YfFlJ2sNTERiEg5125BDW4,"['wholesaler', 'point_of_interest', 'establishment']","438 Đ. Láng, Trung Hoà, Đống Đa, Hà Nội, Vietnam",,,,,,Công ty TNHH Đầu tư-Thương mại-Dịch vụ THÀNH AN,vi,
56,ChIJg8Zlx2GrNTERD6myqiOTT5U,"['point_of_interest', 'establishment']","25 Ng. 562 Đ. Láng, Láng Hạ, Đống Đa, Hà Nội 100000, Vietnam",,,,,,"Doanh Nghiệp Tư Nhân Thương Mại, Vận Tải Và Dịch Vụ Hưng Thịnh",vi,
57,ChIJVYUoCi-tNTERj1APIfN0kmk,"['wholesaler', 'point_of_interest', 'establishment']","188 Đ. Láng, Nhân Chính, Thanh Xuân, Hà Nội 100000, Vietnam",,,,,,Công ty trách nhiệm hữu hạn hoa Hải Phong,vi,
58,ChIJ19asqpysNTERLzum6FbjwaY,"['point_of_interest', 'establishment']","106 Đ. Láng, Thượng Đình, Từ Liêm, Hà Nội, Vietnam",,,,,,Công Ty Tnhh Xuân Hải Việt Nam,vi,
59,ChIJg9DAEGOrNTER1COd6Ehioqo,"['point_of_interest', 'establishment']","20, Ngõ, 538 Đ. Láng, Láng Hạ, Đống Đa, Hà Nội, Vietnam",,,,,,Công Ty Cổ Phần Đầu Tư Tiến Xuân,vi,
60,ChIJ2y85rpysNTERU64neizdu9E,"['store', 'point_of_interest', 'establishment']","202 Đ. Láng, Thượng Đình, Thanh Xuân, Hà Nội, Vietnam",,,,,,Cửa Hàng Cầu Thang Giang Nhu,vi,
61,ChIJUWfpGIOsNTERpYextE5AFu8,"['point_of_interest', 'establishment']","Số 7 Ngách 22 Ngõ 122, Đ. Láng, Thịnh Quang, Đống Đa, Hà Nội, Vietnam",,,,,,CÔNG TY TNHH THƯƠNG MẠI VÀ SẢN XUẤT MINH THÀNH PHÁT,vi,
62,ChIJHRlVcl6rNTERD22XuDbFcy8,"['store', 'point_of_interest', 'establishment']","738 Đ. Láng, Trung Hoà, Đống Đa, Hà Nội, Vietnam",5.0,1.0,,,,Cửa Hàng Xuân Trạng,vi,
63,ChIJiXn57p2sNTER3okW4FfdH1s,"['point_of_interest', 'establishment']","486 Đ. Láng, Trung Hoà, Cầu Giấy, Hà Nội, Vietnam",3.7,13.0,True,"[{'open': {'day': 1, 'hour': 7, 'minute': 30}, 'close': {'day': 1, 'hour': 17, 'minute': 0}}, {'open': {'day': 2, 'hour': 7, 'minute': 30}, 'close': {'day': 2, 'hour': 17, 'minute': 0}}, {'open': {'day': 3, 'hour': 7, 'minute': 30}, 'close': {'day': 3, 'hour': 17, 'minute': 0}}, {'open': {'day': 4, 'hour': 7, 'minute': 30}, 'close': {'day': 4, 'hour': 17, 'minute': 0}}, {'open': {'day': 5, 'hour': 7, 'minute': 30}, 'close': {'day': 5, 'hour': 17, 'minute': 0}}, {'open': {'day': 6, 'hour': 7, 'minute': 30}, 'close': {'day': 6, 'hour': 17, 'minute': 0}}]","['Monday: 7:30\u202fAM\u2009–\u20095:00\u202fPM', 'Tuesday: 7:30\u202fAM\u2009–\u20095:00\u202fPM', 'Wednesday: 7:30\u202fAM\u2009–\u20095:00\u202fPM', 'Thursday: 7:30\u202fAM\u2009–\u20095:00\u202fPM', 'Friday: 7:30\u202fAM\u2009–\u20095:00\u202fPM', 'Saturday: 7:30\u202fAM\u2009–\u20095:00\u202fPM', 'Sunday: Closed']",Công Ty Thành Thái,vi,
64,ChIJbXHFrZqrNTERro0x74SFxZ4,"['point_of_interest', 'establishment']","34 Đ. Láng, Láng Hạ, Đống Đa, Hà Nội, Vietnam",,,,,,Công sở,vi,
65,ChIJGUyHmkSrNTERZhKyZzBo6Ak,"['store', 'point_of_interest', 'establishment']","1150/46/15, Đường Láng, Phường Láng Thượng, Quận Đống Đa, Láng Thượng, Đống Đa, Hà Nội, Vietnam",5.0,2.0,True,"[{'open': {'day': 0, 'hour': 7, 'minute': 0}, 'close': {'day': 0, 'hour': 18, 'minute': 0}}, {'open': {'day': 1, 'hour': 7, 'minute': 0}, 'close': {'day': 1, 'hour': 18, 'minute': 0}}, {'open': {'day': 2, 'hour': 7, 'minute': 0}, 'close': {'day': 2, 'hour': 18, 'minute': 0}}, {'open': {'day': 3, 'hour': 7, 'minute': 0}, 'close': {'day': 3, 'hour': 18, 'minute': 0}}, {'open': {'day': 4, 'hour': 7, 'minute': 0}, 'close': {'day': 4, 'hour': 18, 'minute': 0}}, {'open': {'day': 5, 'hour': 7, 'minute': 0}, 'close': {'day': 5, 'hour': 18, 'minute': 0}}, {'open': {'day': 6, 'hour': 7, 'minute': 0}, 'close': {'day': 6, 'hour': 18, 'minute': 0}}]","['Monday: 7:00\u202fAM\u2009–\u20096:00\u202fPM', 'Tuesday: 7:00\u202fAM\u2009–\u20096:00\u202fPM', 'Wednesday: 7:00\u202fAM\u2009–\u20096:00\u202fPM', 'Thursday: 7:00\u202fAM\u2009–\u20096:00\u202fPM', 'Friday: 7:00\u202fAM\u2009–\u20096:00\u202fPM', 'Saturday: 7:00\u202fAM\u2009–\u20096:00\u202fPM', 'Sunday: 7:00\u202fAM\u2009–\u20096:00\u202fPM']",Công Ty CP Kỹ Thuật Nội Thất & Xây Dựng Hà Nội,vi,
66,ChIJ10rR7UOrNTER8hRLTUHM5RQ,"['gas_station', 'point_of_interest', 'establishment']","1174 Đ. Láng, Láng Thượng, Đống Đa, Hà Nội, Vietnam",2.6,185.0,,,,Trạm Xăng Dầu Láng Thượng,vi,
67,ChIJz1dWVZusNTERg2X2JTRl1Ys,"['gas_station', 'point_of_interest', 'establishment']","111 Đ. Láng, Thượng Đình, Đống Đa, Hà Nội, Vietnam",3.9,452.0,True,"[{'open': {'day': 0, 'hour': 0, 'minute': 0}}]","['Monday: Open 24 hours', 'Tuesday: Open 24 hours', 'Wednesday: Open 24 hours', 'Thursday: Open 24 hours', 'Friday: Open 24 hours', 'Saturday: Open 24 hours', 'Sunday: Open 24 hours']",Petrolimex Station,en,
68,ChIJk0kmXo2tNTERuAVWRup-CpY,"['gas_station', 'point_of_interest', 'establishment']","526 Đ. Láng, Trung Hoà, Đống Đa, Hà Nội, Vietnam",3.7,7.0,True,"[{'open': {'day': 0, 'hour': 7, 'minute': 0}, 'close': {'day': 0, 'hour': 22, 'minute': 0}}, {'open': {'day': 1, 'hour': 7, 'minute': 0}, 'close': {'day': 1, 'hour': 22, 'minute': 0}}, {'open': {'day': 2, 'hour': 7, 'minute': 0}, 'close': {'day': 2, 'hour': 22, 'minute': 0}}, {'open': {'day': 3, 'hour': 7, 'minute': 0}, 'close': {'day': 3, 'hour': 22, 'minute': 0}}, {'open': {'day': 4, 'hour': 7, 'minute': 0}, 'close': {'day': 4, 'hour': 22, 'minute': 0}}, {'open': {'day': 5, 'hour': 7, 'minute': 0}, 'close': {'day': 5, 'hour': 22, 'minute': 0}}, {'open': {'day': 6, 'hour': 7, 'minute': 0}, 'close': {'day': 6, 'hour': 22, 'minute': 0}}]","['Monday: 7:00\u202fAM\u2009–\u200910:00\u202fPM', 'Tuesday: 7:00\u202fAM\u2009–\u200910:00\u202fPM', 'Wednesday: 7:00\u202fAM\u2009–\u200910:00\u202fPM', 'Thursday: 7:00\u202fAM\u2009–\u200910:00\u202fPM', 'Friday: 7:00\u202fAM\u2009–\u200910:00\u202fPM', 'Saturday: 7:00\u202fAM\u2009–\u200910:00\u202fPM', 'Sunday: 7:00\u202fAM\u2009–\u200910:00\u202fPM']",Trạm Xăng Dầu 526 Đường Láng,vi,
69,ChIJ-8NtImWrNTERZr3_sJSvz9k,"['gas_station', 'point_of_interest', 'establishment']","570 Đ. Láng, Trung Hoà, Đống Đa, Hà Nội, Vietnam",3.2,122.0,True,"[{'open': {'day': 0, 'hour': 0, 'minute': 0}}]","['Monday: Open 24 hours', 'Tuesday: Open 24 hours', 'Wednesday: Open 24 hours', 'Thursday: Open 24 hours', 'Friday: Open 24 hours', 'Saturday: Open 24 hours', 'Sunday: Open 24 hours']",Trạm Xăng Láng,vi,
70,ChIJSfnrcNmrNTER9mY7yaAJLUg,"['gas_station', 'point_of_interest', 'establishment']","1174 Đ. Láng, Láng Thượng, Đống Đa, Hà Nội, Vietnam",1.7,20.0,,,,Cửa hàng Xăng Dầu CTM,vi,
71,ChIJLRNcK2CrNTER3OsDUVZqQi0,"['point_of_interest', 'establishment']","570 Đ. Láng, Trung Hoà, Đống Đa, Hà Nội, Vietnam",5.0,1.0,,,,Cong Ty Xăng Dau Petromiel,vi,
72,ChIJE5fnrDCtNTERwXNkRytqc1w,"['point_of_interest', 'establishment']","188 Đ. Láng, Nhân Chính, Đống Đa, Hà Nội, Vietnam",4.5,233.0,True,"[{'open': {'day': 0, 'hour': 5, 'minute': 30}, 'close': {'day': 0, 'hour': 22, 'minute': 30}}, {'open': {'day': 1, 'hour': 5, 'minute': 30}, 'close': {'day': 1, 'hour': 22, 'minute': 30}}, {'open': {'day': 2, 'hour': 5, 'minute': 30}, 'close': {'day': 2, 'hour': 22, 'minute': 30}}, {'open': {'day': 3, 'hour': 5, 'minute': 30}, 'close': {'day': 3, 'hour': 22, 'minute': 30}}, {'open': {'day': 4, 'hour': 5, 'minute': 30}, 'close': {'day': 4, 'hour': 22, 'minute': 30}}, {'open': {'day': 5, 'hour': 5, 'minute': 30}, 'close': {'day': 5, 'hour': 22, 'minute': 30}}, {'open': {'day': 6, 'hour': 5, 'minute': 30}, 'close': {'day': 6, 'hour': 22, 'minute': 30}}]","['Monday: 5:30\u202fAM\u2009–\u200910:30\u202fPM', 'Tuesday: 5:30\u202fAM\u2009–\u200910:30\u202fPM', 'Wednesday: 5:30\u202fAM\u2009–\u200910:30\u202fPM', 'Thursday: 5:30\u202fAM\u2009–\u200910:30\u202fPM', 'Friday: 5:30\u202fAM\u2009–\u200910:30\u202fPM', 'Saturday: 5:30\u202fAM\u2009–\u200910:30\u202fPM', 'Sunday: 5:30\u202fAM\u2009–\u200910:30\u202fPM']",Nhà Ga Láng,vi,
73,ChIJjR_NYkSrNTER3fmh5-1qVwE,"['bus_stop', 'transit_station', 'point_of_interest', 'establishment']","Đ. Láng, Láng Thượng, Đống Đa, Hà Nội, Vietnam",4.7,3.0,,,,1178 Đường Láng,vi,
74,ChIJ6f7l012rNTERdeTLCTxTKJE,"['bus_stop', 'transit_station', 'point_of_interest', 'establishment']","808 Đ. Láng, Trung Hoà, Đống Đa, Hà Nội, Vietnam",4.1,7.0,,,,794 Đường Láng,vi,
75,ChIJ01FD652sNTERSryRQhOzYz0,"['bus_stop', 'transit_station', 'point_of_interest', 'establishment']","470 Đ. Láng, Láng Hạ, Đống Đa, Hà Nội, Vietnam",4.3,9.0,,,,470 Đường Láng,vi,
76,ChIJG7o8Kl6rNTERXl9M4z1rWfk,"['bus_stop', 'transit_station', 'point_of_interest', 'establishment']","Đ. Láng, Trung Hoà, Đống Đa, Hà Nội, Vietnam",3.3,6.0,,,,"16, 24, 27",vi,
77,ChIJleut5Z2sNTERu-U9v4iEt-I,"['bus_stop', 'transit_station', 'point_of_interest', 'establishment']","Đối diện 498 Đ. Láng, Trung Hoà, Đống Đa, Hà Nội, Vietnam",2.6,11.0,,,,Đối Diện 498 Đường Láng,vi,
78,ChIJN-ZMSVyrNTER9ChF_j9wfmA,"['bus_stop', 'transit_station', 'point_of_interest', 'establishment']","Đ. Láng, Yên Hoà, Đống Đa, Hà Nội, Vietnam",3.0,3.0,,,,Cầu 361,vi,
79,ChIJ2SpM51qrNTERs_wtClARGJk,"['point_of_interest', 'establishment']","41 Đ. Láng, Thượng Đình, Đống Đa, Hà Nội 11500, Vietnam",3.1,20.0,True,"[{'open': {'day': 0, 'hour': 6, 'minute': 0}, 'close': {'day': 0, 'hour': 22, 'minute': 0}}, {'open': {'day': 1, 'hour': 6, 'minute': 0}, 'close': {'day': 1, 'hour': 22, 'minute': 0}}, {'open': {'day': 2, 'hour': 6, 'minute': 0}, 'close': {'day': 2, 'hour': 22, 'minute': 0}}, {'open': {'day': 3, 'hour': 6, 'minute': 0}, 'close': {'day': 3, 'hour': 22, 'minute': 0}}, {'open': {'day': 4, 'hour': 6, 'minute': 0}, 'close': {'day': 4, 'hour': 22, 'minute': 0}}, {'open': {'day': 5, 'hour': 6, 'minute': 0}, 'close': {'day': 5, 'hour': 22, 'minute': 0}}, {'open': {'day': 6, 'hour': 6, 'minute': 0}, 'close': {'day': 6, 'hour': 22, 'minute': 0}}]","['Monday: 6:00\u202fAM\u2009–\u200910:00\u202fPM', 'Tuesday: 6:00\u202fAM\u2009–\u200910:00\u202fPM', 'Wednesday: 6:00\u202fAM\u2009–\u200910:00\u202fPM', 'Thursday: 6:00\u202fAM\u2009–\u200910:00\u202fPM', 'Friday: 6:00\u202fAM\u2009–\u200910:00\u202fPM', 'Saturday: 6:00\u202fAM\u2009–\u200910:00\u202fPM', 'Sunday: 6:00\u202fAM\u2009–\u200910:00\u202fPM']",Cho Thuê Xe Máy Hà Nội,en,
80,ChIJGXGKIPGtNTERilsYS5ANc2U,"['car_repair', 'point_of_interest', 'establishment']","144 Đ. Láng, Thịnh Quang, Đống Đa, Hà Nội, Vietnam",5.0,2.0,True,"[{'open': {'day': 0, 'hour': 7, 'minute': 30}, 'close': {'day': 0, 'hour': 18, 'minute': 30}}, {'open': {'day': 1, 'hour': 7, 'minute': 30}, 'close': {'day': 1, 'hour': 18, 'minute': 30}}, {'open': {'day': 2, 'hour': 7, 'minute': 30}, 'close': {'day': 2, 'hour': 18, 'minute': 30}}, {'open': {'day': 3, 'hour': 7, 'minute': 30}, 'close': {'day': 3, 'hour': 18, 'minute': 30}}, {'open': {'day': 4, 'hour': 7, 'minute': 30}, 'close': {'day': 4, 'hour': 18, 'minute': 30}}, {'open': {'day': 5, 'hour': 7, 'minute': 30}, 'close': {'day': 5, 'hour': 18, 'minute': 30}}, {'open': {'day': 6, 'hour': 7, 'minute': 30}, 'close': {'day': 6, 'hour': 18, 'minute': 30}}]","['Monday: 7:30\u202fAM\u2009–\u20096:30\u202fPM', 'Tuesday: 7:30\u202fAM\u2009–\u20096:30\u202fPM', 'Wednesday: 7:30\u202fAM\u2009–\u20096:30\u202fPM', 'Thursday: 7:30\u202fAM\u2009–\u20096:30\u202fPM', 'Friday: 7:30\u202fAM\u2009–\u20096:30\u202fPM', 'Saturday: 7:30\u202fAM\u2009–\u20096:30\u202fPM', 'Sunday: 7:30\u202fAM\u2009–\u20096:30\u202fPM']",TRƯỜNG THÀNH MOTOR SỬA CHỮA XE MÁY,vi,
81,ChIJkzhyDXqrNTERqVbRw3ZRp0c,"['auto_parts_store', 'car_repair', 'point_of_interest', 'store', 'establishment']","1072 Đ. Láng, Yên Hoà, Hà Nội, 100000, Vietnam",,,True,"[{'open': {'day': 0, 'hour': 7, 'minute': 30}, 'close': {'day': 0, 'hour': 21, 'minute': 59}}, {'open': {'day': 1, 'hour': 7, 'minute': 30}, 'close': {'day': 1, 'hour': 21, 'minute': 59}}, {'open': {'day': 2, 'hour': 7, 'minute': 30}, 'close': {'day': 2, 'hour': 21, 'minute': 59}}, {'open': {'day': 3, 'hour': 7, 'minute': 30}, 'close': {'day': 3, 'hour': 21, 'minute': 59}}, {'open': {'day': 4, 'hour': 7, 'minute': 30}, 'close': {'day': 4, 'hour': 21, 'minute': 59}}, {'open': {'day': 5, 'hour': 7, 'minute': 30}, 'close': {'day': 5, 'hour': 21, 'minute': 59}}, {'open': {'day': 6, 'hour': 7, 'minute': 30}, 'close': {'day': 6, 'hour': 21, 'minute': 59}}]","['Monday: 7:30\u202fAM\u2009–\u20099:59\u202fPM', 'Tuesday: 7:30\u202fAM\u2009–\u20099:59\u202fPM', 'Wednesday: 7:30\u202fAM\u2009–\u20099:59\u202fPM', 'Thursday: 7:30\u202fAM\u2009–\u20099:59\u202fPM', 'Friday: 7:30\u202fAM\u2009–\u20099:59\u202fPM', 'Saturday: 7:30\u202fAM\u2009–\u20099:59\u202fPM', 'Sunday: 7:30\u202fAM\u2009–\u20099:59\u202fPM']",Tiệm Dán Xe Xuân Quang,vi,
82,ChIJPbwjKEWrNTER5y7JiLmZqXs,"['car_repair', 'point_of_interest', 'store', 'establishment']","21 Ng. 1194 Đ. Láng, Láng Thượng, Đống Đa, Hà Nội 117000, Vietnam",4.4,5.0,True,"[{'open': {'day': 0, 'hour': 6, 'minute': 0}, 'close': {'day': 0, 'hour': 22, 'minute': 0}}, {'open': {'day': 1, 'hour': 6, 'minute': 0}, 'close': {'day': 1, 'hour': 22, 'minute': 0}}, {'open': {'day': 2, 'hour': 6, 'minute': 0}, 'close': {'day': 2, 'hour': 22, 'minute': 0}}, {'open': {'day': 3, 'hour': 6, 'minute': 0}, 'close': {'day': 3, 'hour': 22, 'minute': 0}}, {'open': {'day': 4, 'hour': 6, 'minute': 0}, 'close': {'day': 4, 'hour': 22, 'minute': 0}}, {'open': {'day': 5, 'hour': 6, 'minute': 0}, 'close': {'day': 5, 'hour': 22, 'minute': 0}}, {'open': {'day': 6, 'hour': 6, 'minute': 0}, 'close': {'day': 6, 'hour': 22, 'minute': 0}}]","['Monday: 6:00\u202fAM\u2009–\u200910:00\u202fPM', 'Tuesday: 6:00\u202fAM\u2009–\u200910:00\u202fPM', 'Wednesday: 6:00\u202fAM\u2009–\u200910:00\u202fPM', 'Thursday: 6:00\u202fAM\u2009–\u200910:00\u202fPM', 'Friday: 6:00\u202fAM\u2009–\u200910:00\u202fPM', 'Saturday: 6:00\u202fAM\u2009–\u200910:00\u202fPM', 'Sunday: 6:00\u202fAM\u2009–\u200910:00\u202fPM']",Sửa chữa xe may,vi,
83,ChIJHbMDo0SrNTERP-Qi507xQl4,"['point_of_interest', 'store', 'establishment']","Ngõ 1150 Đ. Láng, Láng Thượng, Đống Đa, Hà Nội, Vietnam",,,,,,Xe Máy Thành Năm,vi,
84,ChIJEeXl3mGrNTERpYVrJUYJ5cs,"['car_repair', 'point_of_interest', 'establishment']","540 Đ. Láng, Trung Hoà, Đống Đa, Hà Nội, Vietnam",5.0,2.0,,,,Tiệm Sửa Xe Xuân Hưởng Motor,vi,
85,ChIJ_eo2cF6rNTERfK41nwUqD2k,"['point_of_interest', 'store', 'establishment']","766 Đ. Láng, Láng Thượng, Đống Đa, Hà Nội, Vietnam",3.0,2.0,True,"[{'open': {'day': 0, 'hour': 7, 'minute': 0}, 'close': {'day': 0, 'hour': 21, 'minute': 0}}, {'open': {'day': 1, 'hour': 7, 'minute': 0}, 'close': {'day': 1, 'hour': 21, 'minute': 0}}, {'open': {'day': 2, 'hour': 7, 'minute': 0}, 'close': {'day': 2, 'hour': 21, 'minute': 0}}, {'open': {'day': 3, 'hour': 7, 'minute': 0}, 'close': {'day': 3, 'hour': 21, 'minute': 0}}, {'open': {'day': 4, 'hour': 7, 'minute': 0}, 'close': {'day': 4, 'hour': 21, 'minute': 0}}, {'open': {'day': 5, 'hour': 7, 'minute': 0}, 'close': {'day': 5, 'hour': 21, 'minute': 0}}, {'open': {'day': 6, 'hour': 7, 'minute': 0}, 'close': {'day': 6, 'hour': 21, 'minute': 0}}]","['Monday: 7:00\u202fAM\u2009–\u20099:00\u202fPM', 'Tuesday: 7:00\u202fAM\u2009–\u20099:00\u202fPM', 'Wednesday: 7:00\u202fAM\u2009–\u20099:00\u202fPM', 'Thursday: 7:00\u202fAM\u2009–\u20099:00\u202fPM', 'Friday: 7:00\u202fAM\u2009–\u20099:00\u202fPM', 'Saturday: 7:00\u202fAM\u2009–\u20099:00\u202fPM', 'Sunday: 7:00\u202fAM\u2009–\u20099:00\u202fPM']",Cửa Hàng Xe Máy Việt Hà 766,vi,
86,ChIJp0DfklyrNTERBfEzp4YhCyo,"['point_of_interest', 'store', 'establishment']","Số 926 Đ. Láng, Yên Hoà, Đống Đa, Hà Nội, Vietnam",4.4,7.0,True,"[{'open': {'day': 0, 'hour': 8, 'minute': 0}, 'close': {'day': 0, 'hour': 21, 'minute': 0}}, {'open': {'day': 1, 'hour': 8, 'minute': 0}, 'close': {'day': 1, 'hour': 21, 'minute': 0}}, {'open': {'day': 2, 'hour': 8, 'minute': 0}, 'close': {'day': 2, 'hour': 21, 'minute': 0}}, {'open': {'day': 3, 'hour': 8, 'minute': 0}, 'close': {'day': 3, 'hour': 21, 'minute': 0}}, {'open': {'day': 4, 'hour': 8, 'minute': 0}, 'close': {'day': 4, 'hour': 21, 'minute': 0}}, {'open': {'day': 5, 'hour': 8, 'minute': 0}, 'close': {'day': 5, 'hour': 21, 'minute': 0}}, {'open': {'day': 6, 'hour': 8, 'minute': 0}, 'close': {'day': 6, 'hour': 21, 'minute': 0}}]","['Monday: 8:00\u202fAM\u2009–\u20099:00\u202fPM', 'Tuesday: 8:00\u202fAM\u2009–\u20099:00\u202fPM', 'Wednesday: 8:00\u202fAM\u2009–\u20099:00\u202fPM', 'Thursday: 8:00\u202fAM\u2009–\u20099:00\u202fPM', 'Friday: 8:00\u202fAM\u2009–\u20099:00\u202fPM', 'Saturday: 8:00\u202fAM\u2009–\u20099:00\u202fPM', 'Sunday: 8:00\u202fAM\u2009–\u20099:00\u202fPM']",Cửa Hàng Xe Máy Tuấn Anh,vi,
87,ChIJfbVFs4arNTERoF_mBpswfrA,"['store', 'point_of_interest', 'establishment']","558 Đ. Láng, Láng Hạ, Đống Đa, Hà Nội, Vietnam",,,,,,Xe Máy Tiến Luật,vi,
88,ChIJFQ1iSkOrNTERi5fvHbS7eDY,"['point_of_interest', 'establishment']","5 Đ. Láng, Láng Thượng, Đống Đa, Hà Nội, Vietnam",,,,,,Tiệm Sửa Xe Xuân Thắng,vi,
89,ChIJx_YCRr6rNTER5rxBOCyZyfs,"['supermarket', 'grocery_store', 'food', 'point_of_interest', 'store', 'establishment']","904 Đ. Láng, Yên Hoà, Cầu Giấy, Hà Nội, Vietnam",5.0,6.0,True,"[{'open': {'day': 0, 'hour': 0, 'minute': 0}}]","['Monday: Open 24 hours', 'Tuesday: Open 24 hours', 'Wednesday: Open 24 hours', 'Thursday: Open 24 hours', 'Friday: Open 24 hours', 'Saturday: Open 24 hours', 'Sunday: Open 24 hours']",Cửa Hàng Xe Máy Hải Tâm,en,
90,ChIJWWDAfGCrNTER27FS8XMt01k,"['point_of_interest', 'store', 'establishment']","558 Đ. Láng, Trung Hoà, Đống Đa, Hà Nội, Vietnam",2.0,4.0,,,,Cửa Hàng Xe Máy Tiến Luật,vi,
91,ChIJM2I12FGrNTERhvG7T15yRRQ,"['point_of_interest', 'establishment']","6 ngõ 47 Đ. Láng, Thịnh Quang, Đống Đa, Hà Nội, Vietnam",4.9,326.0,True,"[{'open': {'day': 0, 'hour': 8, 'minute': 0}, 'close': {'day': 0, 'hour': 21, 'minute': 30}}, {'open': {'day': 1, 'hour': 8, 'minute': 0}, 'close': {'day': 1, 'hour': 21, 'minute': 30}}, {'open': {'day': 2, 'hour': 8, 'minute': 0}, 'close': {'day': 2, 'hour': 21, 'minute': 30}}, {'open': {'day': 3, 'hour': 8, 'minute': 0}, 'close': {'day': 3, 'hour': 21, 'minute': 30}}, {'open': {'day': 4, 'hour': 8, 'minute': 0}, 'close': {'day': 4, 'hour': 21, 'minute': 30}}, {'open': {'day': 5, 'hour': 8, 'minute': 0}, 'close': {'day': 5, 'hour': 21, 'minute': 30}}, {'open': {'day': 6, 'hour': 8, 'minute': 0}, 'close': {'day': 6, 'hour': 21, 'minute': 30}}]","['Monday: 8:00\u202fAM\u2009–\u20099:30\u202fPM', 'Tuesday: 8:00\u202fAM\u2009–\u20099:30\u202fPM', 'Wednesday: 8:00\u202fAM\u2009–\u20099:30\u202fPM', 'Thursday: 8:00\u202fAM\u2009–\u20099:30\u202fPM', 'Friday: 8:00\u202fAM\u2009–\u20099:30\u202fPM', 'Saturday: 8:00\u202fAM\u2009–\u20099:30\u202fPM', 'Sunday: 8:00\u202fAM\u2009–\u20099:30\u202fPM']",Thuê Xe Máy 13535 - Motorbike Rental Hanoi - Old Quarter,en,
92,ChIJi0lAV4OsNTERIaV78y_6I0k,"['primary_school', 'school', 'point_of_interest', 'establishment']","11 Ng. 122 Đ. Láng, Thịnh Quang, Đống Đa, Hà Nội, Vietnam",4.3,63.0,True,"[{'open': {'day': 0, 'hour': 7, 'minute': 30}, 'close': {'day': 0, 'hour': 17, 'minute': 0}}, {'open': {'day': 1, 'hour': 7, 'minute': 30}, 'close': {'day': 1, 'hour': 17, 'minute': 0}}, {'open': {'day': 2, 'hour': 7, 'minute': 30}, 'close': {'day': 2, 'hour': 17, 'minute': 0}}, {'open': {'day': 3, 'hour': 7, 'minute': 30}, 'close': {'day': 3, 'hour': 17, 'minute': 0}}, {'open': {'day': 4, 'hour': 7, 'minute': 30}, 'close': {'day': 4, 'hour': 17, 'minute': 0}}, {'open': {'day': 5, 'hour': 7, 'minute': 30}, 'close': {'day': 5, 'hour': 17, 'minute': 0}}, {'open': {'day': 6, 'hour': 7, 'minute': 30}, 'close': {'day': 6, 'hour': 17, 'minute': 0}}]","['Monday: 7:30\u202fAM\u2009–\u20095:00\u202fPM', 'Tuesday: 7:30\u202fAM\u2009–\u20095:00\u202fPM', 'Wednesday: 7:30\u202fAM\u2009–\u20095:00\u202fPM', 'Thursday: 7:30\u202fAM\u2009–\u20095:00\u202fPM', 'Friday: 7:30\u202fAM\u2009–\u20095:00\u202fPM', 'Saturday: 7:30\u202fAM\u2009–\u20095:00\u202fPM', 'Sunday: 7:30\u202fAM\u2009–\u20095:00\u202fPM']",Thinh Quang Primary School,en,
93,ChIJt5Vp7GGrNTERGAvWQfZvtF0,"['school', 'secondary_school', 'point_of_interest', 'establishment']","1a Ng. 538 Đ. Láng, Láng Hạ, Đống Đa, Hà Nội, Vietnam",4.4,52.0,True,"[{'open': {'day': 0, 'hour': 9, 'minute': 0}, 'close': {'day': 0, 'hour': 17, 'minute': 0}}, {'open': {'day': 1, 'hour': 9, 'minute': 0}, 'close': {'day': 1, 'hour': 17, 'minute': 0}}, {'open': {'day': 2, 'hour': 9, 'minute': 0}, 'close': {'day': 2, 'hour': 17, 'minute': 0}}, {'open': {'day': 3, 'hour': 9, 'minute': 0}, 'close': {'day': 3, 'hour': 17, 'minute': 0}}, {'open': {'day': 4, 'hour': 9, 'minute': 0}, 'close': {'day': 4, 'hour': 17, 'minute': 0}}, {'open': {'day': 5, 'hour': 9, 'minute': 0}, 'close': {'day': 5, 'hour': 17, 'minute': 0}}, {'open': {'day': 6, 'hour': 9, 'minute': 0}, 'close': {'day': 6, 'hour': 17, 'minute': 0}}]","['Monday: 9:00\u202fAM\u2009–\u20095:00\u202fPM', 'Tuesday: 9:00\u202fAM\u2009–\u20095:00\u202fPM', 'Wednesday: 9:00\u202fAM\u2009–\u20095:00\u202fPM', 'Thursday: 9:00\u202fAM\u2009–\u20095:00\u202fPM', 'Friday: 9:00\u202fAM\u2009–\u20095:00\u202fPM', 'Saturday: 9:00\u202fAM\u2009–\u20095:00\u202fPM', 'Sunday: 9:00\u202fAM\u2009–\u20095:00\u202fPM']",Bac Ha High School,en,
94,ChIJj3FBjGGrNTER87PpBt25O3E,"['school', 'point_of_interest', 'establishment']","538 Đ. Láng, Láng Hạ, Đống Đa, Hà Nội, Vietnam",4.8,16.0,True,"[{'open': {'day': 1, 'hour': 7, 'minute': 0}, 'close': {'day': 1, 'hour': 17, 'minute': 15}}, {'open': {'day': 2, 'hour': 7, 'minute': 0}, 'close': {'day': 2, 'hour': 17, 'minute': 15}}, {'open': {'day': 3, 'hour': 7, 'minute': 0}, 'close': {'day': 3, 'hour': 17, 'minute': 15}}, {'open': {'day': 4, 'hour': 7, 'minute': 0}, 'close': {'day': 4, 'hour': 17, 'minute': 15}}, {'open': {'day': 5, 'hour': 7, 'minute': 0}, 'close': {'day': 5, 'hour': 17, 'minute': 15}}, {'open': {'day': 6, 'hour': 7, 'minute': 0}, 'close': {'day': 6, 'hour': 11, 'minute': 45}}]","['Monday: 7:00\u202fAM\u2009–\u20095:15\u202fPM', 'Tuesday: 7:00\u202fAM\u2009–\u20095:15\u202fPM', 'Wednesday: 7:00\u202fAM\u2009–\u20095:15\u202fPM', 'Thursday: 7:00\u202fAM\u2009–\u20095:15\u202fPM', 'Friday: 7:00\u202fAM\u2009–\u20095:15\u202fPM', 'Saturday: 7:00\u2009–\u200911:45\u202fAM', 'Sunday: Closed']",Lang Ha Secondary School,en,
95,ChIJtYu2ecutNTER9SToMrwaCDE,"['meal_takeaway', 'restaurant', 'food', 'point_of_interest', 'establishment']","292 Đ. Láng, Nhân Chính, Thanh Xuân, Hà Nội 11513, Vietnam",,,True,"[{'open': {'day': 0, 'hour': 7, 'minute': 0}, 'close': {'day': 0, 'hour': 21, 'minute': 0}}, {'open': {'day': 1, 'hour': 7, 'minute': 0}, 'close': {'day': 1, 'hour': 21, 'minute': 0}}, {'open': {'day': 2, 'hour': 7, 'minute': 0}, 'close': {'day': 2, 'hour': 21, 'minute': 0}}, {'open': {'day': 3, 'hour': 7, 'minute': 0}, 'close': {'day': 3, 'hour': 21, 'minute': 0}}, {'open': {'day': 4, 'hour': 7, 'minute': 0}, 'close': {'day': 4, 'hour': 21, 'minute': 0}}, {'open': {'day': 5, 'hour': 7, 'minute': 0}, 'close': {'day': 5, 'hour': 21, 'minute': 0}}, {'open': {'day': 6, 'hour': 7, 'minute': 0}, 'close': {'day': 6, 'hour': 21, 'minute': 0}}]","['Monday: 7:00\u202fAM\u2009–\u20099:00\u202fPM', 'Tuesday: 7:00\u202fAM\u2009–\u20099:00\u202fPM', 'Wednesday: 7:00\u202fAM\u2009–\u20099:00\u202fPM', 'Thursday: 7:00\u202fAM\u2009–\u20099:00\u202fPM', 'Friday: 7:00\u202fAM\u2009–\u20099:00\u202fPM', 'Saturday: 7:00\u202fAM\u2009–\u20099:00\u202fPM', 'Sunday: 7:00\u202fAM\u2009–\u20099:00\u202fPM']",Madam Nhung,vi,
96,ChIJ4_L5k1yrNTERWlfAlRrCR8Y,"['seafood_restaurant', 'restaurant', 'food', 'point_of_interest', 'establishment']","794 Đ. Láng, P, Đống Đa, Hà Nội, Vietnam",4.6,1460.0,True,"[{'open': {'day': 0, 'hour': 8, 'minute': 0}, 'close': {'day': 0, 'hour': 22, 'minute': 0}}, {'open': {'day': 1, 'hour': 8, 'minute': 0}, 'close': {'day': 1, 'hour': 22, 'minute': 0}}, {'open': {'day': 2, 'hour': 8, 'minute': 0}, 'close': {'day': 2, 'hour': 22, 'minute': 0}}, {'open': {'day': 3, 'hour': 8, 'minute': 0}, 'close': {'day': 3, 'hour': 22, 'minute': 0}}, {'open': {'day': 4, 'hour': 8, 'minute': 0}, 'close': {'day': 4, 'hour': 22, 'minute': 0}}, {'open': {'day': 5, 'hour': 8, 'minute': 0}, 'close': {'day': 5, 'hour': 22, 'minute': 0}}, {'open': {'day': 6, 'hour': 8, 'minute': 0}, 'close': {'day': 6, 'hour': 22, 'minute': 0}}]","['Monday: 8:00\u202fAM\u2009–\u200910:00\u202fPM', 'Tuesday: 8:00\u202fAM\u2009–\u200910:00\u202fPM', 'Wednesday: 8:00\u202fAM\u2009–\u200910:00\u202fPM', 'Thursday: 8:00\u202fAM\u2009–\u200910:00\u202fPM', 'Friday: 8:00\u202fAM\u2009–\u200910:00\u202fPM', 'Saturday: 8:00\u202fAM\u2009–\u200910:00\u202fPM', 'Sunday: 8:00\u202fAM\u2009–\u200910:00\u202fPM']",East Sea Seafood Restaurant,en,PRICE_LEVEL_EXPENSIVE
97,ChIJTRUAr4SsNTERvfzn920pds8,"['restaurant', 'food', 'point_of_interest', 'establishment']","85 Đ. Láng, Thượng Đình, Thanh Xuân, Hà Nội, Vietnam",,,,,,Phở Kỳ Hệ Thống Phở Gà Đồi,vi,
98,ChIJ27M0wNqtNTERFH4NVneQ-Gw,"['restaurant', 'food', 'point_of_interest', 'establishment']","85 Đ. Láng, Thượng Đình, Đống Đa, Hà Nội, Vietnam",3.5,28.0,True,"[{'open': {'day': 0, 'hour': 10, 'minute': 30}, 'close': {'day': 0, 'hour': 23, 'minute': 30}}, {'open': {'day': 1, 'hour': 10, 'minute': 30}, 'close': {'day': 1, 'hour': 23, 'minute': 30}}, {'open': {'day': 2, 'hour': 10, 'minute': 30}, 'close': {'day': 2, 'hour': 23, 'minute': 30}}, {'open': {'day': 3, 'hour': 10, 'minute': 30}, 'close': {'day': 3, 'hour': 23, 'minute': 30}}, {'open': {'day': 4, 'hour': 10, 'minute': 30}, 'close': {'day': 4, 'hour': 23, 'minute': 30}}, {'open': {'day': 5, 'hour': 10, 'minute': 30}, 'close': {'day': 5, 'hour': 23, 'minute': 30}}, {'open': {'day': 6, 'hour': 10, 'minute': 30}, 'close': {'day': 6, 'hour': 23, 'minute': 30}}]","['Monday: 10:30\u202fAM\u2009–\u200911:30\u202fPM', 'Tuesday: 10:30\u202fAM\u2009–\u200911:30\u202fPM', 'Wednesday: 10:30\u202fAM\u2009–\u200911:30\u202fPM', 'Thursday: 10:30\u202fAM\u2009–\u200911:30\u202fPM', 'Friday: 10:30\u202fAM\u2009–\u200911:30\u202fPM', 'Saturday: 10:30\u202fAM\u2009–\u200911:30\u202fPM', 'Sunday: 10:30\u202fAM\u2009–\u200911:30\u202fPM']",LẨU NƯỚNG HUẤN BÉO,vi,
99,ChIJqXgsI0WrNTERtadeSqgi-Fk,"['restaurant', 'food', 'point_of_interest', 'establishment']","7 Ngõ 942 Đường Láng, Yên Hoà, Đống Đa, Hà Nội, Vietnam",4.6,15.0,True,"[{'open': {'day': 0, 'hour': 9, 'minute': 30}, 'close': {'day': 0, 'hour': 21, 'minute': 30}}, {'open': {'day': 1, 'hour': 9, 'minute': 30}, 'close': {'day': 1, 'hour': 21, 'minute': 30}}, {'open': {'day': 2, 'hour': 9, 'minute': 30}, 'close': {'day': 2, 'hour': 21, 'minute': 30}}, {'open': {'day': 3, 'hour': 9, 'minute': 30}, 'close': {'day': 3, 'hour': 21, 'minute': 30}}, {'open': {'day': 4, 'hour': 9, 'minute': 30}, 'close': {'day': 4, 'hour': 21, 'minute': 30}}, {'open': {'day': 5, 'hour': 0, 'minute': 0}, 'close': {'day': 5, 'hour': 21, 'minute': 30}}, {'open': {'day': 6, 'hour': 9, 'minute': 30}, 'close': {'day': 6, 'hour': 21, 'minute': 30}}]","['Monday: 9:30\u202fAM\u2009–\u20099:30\u202fPM', 'Tuesday: 9:30\u202fAM\u2009–\u20099:30\u202fPM', 'Wednesday: 9:30\u202fAM\u2009–\u20099:30\u202fPM', 'Thursday: 9:30\u202fAM\u2009–\u20099:30\u202fPM', 'Friday: 12:00\u202fAM\u2009–\u20099:30\u202fPM', 'Saturday: 9:30\u202fAM\u2009–\u20099:30\u202fPM', 'Sunday: 9:30\u202fAM\u2009–\u20099:30\u202fPM']",Sườn Kingdom Đường Láng - Sườn nướng BBQ,vi,
100,ChIJ13hw0XOrNTERAqE7frx7QkA,"['japanese_restaurant', 'korean_restaurant', 'restaurant', 'food', 'point_of_interest', 'establishment']","976 Đ. Láng, Láng Thượng, Đống Đa, Hà Nội 100000, Vietnam",3.5,8.0,True,"[{'open': {'day': 0, 'hour': 10, 'minute': 0}, 'close': {'day': 0, 'hour': 23, 'minute': 0}}, {'open': {'day': 1, 'hour': 10, 'minute': 0}, 'close': {'day': 1, 'hour': 23, 'minute': 0}}, {'open': {'day': 2, 'hour': 10, 'minute': 0}, 'close': {'day': 2, 'hour': 23, 'minute': 0}}, {'open': {'day': 3, 'hour': 10, 'minute': 0}, 'close': {'day': 3, 'hour': 23, 'minute': 0}}, {'open': {'day': 4, 'hour': 10, 'minute': 0}, 'close': {'day': 4, 'hour': 23, 'minute': 0}}, {'open': {'day': 5, 'hour': 10, 'minute': 0}, 'close': {'day': 5, 'hour': 22, 'minute': 0}}, {'open': {'day': 6, 'hour': 10, 'minute': 0}, 'close': {'day': 6, 'hour': 23, 'minute': 0}}]","['Monday: 10:00\u202fAM\u2009–\u200911:00\u202fPM', 'Tuesday: 10:00\u202fAM\u2009–\u200911:00\u202fPM', 'Wednesday: 10:00\u202fAM\u2009–\u200911:00\u202fPM', 'Thursday: 10:00\u202fAM\u2009–\u200911:00\u202fPM', 'Friday: 10:00\u202fAM\u2009–\u200910:00\u202fPM', 'Saturday: 10:00\u202fAM\u2009–\u200911:00\u202fPM', 'Sunday: 10:00\u202fAM\u2009–\u200911:00\u202fPM']",Lẩu Nướng Hàn Quốc - Tươi BBQ - 976 Đường Láng,vi,
101,ChIJrzGkVmyrNTERTxW-6whZGrk,"['barbecue_restaurant', 'meal_delivery', 'bar', 'restaurant', 'food', 'liquor_store', 'store', 'point_of_interest', 'establishment']","790 Đ. Láng, Trung Hoà, Đống Đa, Hà Nội 100000, Vietnam",4.1,766.0,True,"[{'open': {'day': 0, 'hour': 9, 'minute': 0}, 'close': {'day': 0, 'hour': 23, 'minute': 30}}, {'open': {'day': 1, 'hour': 9, 'minute': 0}, 'close': {'day': 1, 'hour': 23, 'minute': 30}}, {'open': {'day': 2, 'hour': 9, 'minute': 0}, 'close': {'day': 2, 'hour': 23, 'minute': 30}}, {'open': {'day': 3, 'hour': 9, 'minute': 0}, 'close': {'day': 3, 'hour': 23, 'minute': 30}}, {'open': {'day': 4, 'hour': 9, 'minute': 0}, 'close': {'day': 4, 'hour': 23, 'minute': 30}}, {'open': {'day': 5, 'hour': 9, 'minute': 0}, 'close': {'day': 5, 'hour': 23, 'minute': 30}}, {'open': {'day': 6, 'hour': 9, 'minute': 0}, 'close': {'day': 6, 'hour': 23, 'minute': 30}}]","['Monday: 9:00\u202fAM\u2009–\u200911:30\u202fPM', 'Tuesday: 9:00\u202fAM\u2009–\u200911:30\u202fPM', 'Wednesday: 9:00\u202fAM\u2009–\u200911:30\u202fPM', 'Thursday: 9:00\u202fAM\u2009–\u200911:30\u202fPM', 'Friday: 9:00\u202fAM\u2009–\u200911:30\u202fPM', 'Saturday: 9:00\u202fAM\u2009–\u200911:30\u202fPM', 'Sunday: 9:00\u202fAM\u2009–\u200911:30\u202fPM']",BIA ĐỨC TRỌC - 790 ĐƯỜNG LÁNG,vi,PRICE_LEVEL_MODERATE
102,ChIJZ67vsa6rNTERpJce-ovVFc4,"['barbecue_restaurant', 'bar', 'restaurant', 'food', 'point_of_interest', 'establishment']","1116 Đ. Láng, Yên Hoà, Đống Đa, Hà Nội, Vietnam",4.8,45.0,True,"[{'open': {'day': 0, 'hour': 10, 'minute': 0}, 'close': {'day': 0, 'hour': 23, 'minute': 0}}, {'open': {'day': 1, 'hour': 10, 'minute': 0}, 'close': {'day': 1, 'hour': 23, 'minute': 0}}, {'open': {'day': 2, 'hour': 10, 'minute': 0}, 'close': {'day': 2, 'hour': 23, 'minute': 0}}, {'open': {'day': 3, 'hour': 10, 'minute': 0}, 'close': {'day': 3, 'hour': 23, 'minute': 0}}, {'open': {'day': 4, 'hour': 10, 'minute': 0}, 'close': {'day': 4, 'hour': 23, 'minute': 0}}, {'open': {'day': 5, 'hour': 10, 'minute': 0}, 'close': {'day': 5, 'hour': 23, 'minute': 0}}, {'open': {'day': 6, 'hour': 10, 'minute': 0}, 'close': {'day': 6, 'hour': 23, 'minute': 0}}]","['Monday: 10:00\u202fAM\u2009–\u200911:00\u202fPM', 'Tuesday: 10:00\u202fAM\u2009–\u200911:00\u202fPM', 'Wednesday: 10:00\u202fAM\u2009–\u200911:00\u202fPM', 'Thursday: 10:00\u202fAM\u2009–\u200911:00\u202fPM', 'Friday: 10:00\u202fAM\u2009–\u200911:00\u202fPM', 'Saturday: 10:00\u202fAM\u2009–\u200911:00\u202fPM', 'Sunday: 10:00\u202fAM\u2009–\u200911:00\u202fPM']",Lẩu nướng Ngon BBQ,vi,
103,ChIJ3c49AJ6sNTERc1iEK_G2YzI,"['restaurant', 'food', 'point_of_interest', 'establishment']","152, 152 Đ. Láng, Thịnh Quang, Đống Đa, Hà Nội, Vietnam",3.9,105.0,True,"[{'open': {'day': 0, 'hour': 9, 'minute': 0}, 'close': {'day': 0, 'hour': 22, 'minute': 30}}, {'open': {'day': 1, 'hour': 9, 'minute': 0}, 'close': {'day': 1, 'hour': 22, 'minute': 30}}, {'open': {'day': 2, 'hour': 9, 'minute': 0}, 'close': {'day': 2, 'hour': 22, 'minute': 30}}, {'open': {'day': 3, 'hour': 9, 'minute': 0}, 'close': {'day': 3, 'hour': 22, 'minute': 30}}, {'open': {'day': 4, 'hour': 9, 'minute': 0}, 'close': {'day': 4, 'hour': 22, 'minute': 30}}, {'open': {'day': 5, 'hour': 9, 'minute': 0}, 'close': {'day': 5, 'hour': 22, 'minute': 30}}, {'open': {'day': 6, 'hour': 9, 'minute': 0}, 'close': {'day': 6, 'hour': 22, 'minute': 30}}]","['Monday: 9:00\u202fAM\u2009–\u200910:30\u202fPM', 'Tuesday: 9:00\u202fAM\u2009–\u200910:30\u202fPM', 'Wednesday: 9:00\u202fAM\u2009–\u200910:30\u202fPM', 'Thursday: 9:00\u202fAM\u2009–\u200910:30\u202fPM', 'Friday: 9:00\u202fAM\u2009–\u200910:30\u202fPM', 'Saturday: 9:00\u202fAM\u2009–\u200910:30\u202fPM', 'Sunday: 9:00\u202fAM\u2009–\u200910:30\u202fPM']",Sỹ Phú Hot Pot Restaurant,en,PRICE_LEVEL_MODERATE
104,ChIJZybiLqyrNTERd6riyOcvnD4,"['korean_restaurant', 'restaurant', 'food', 'point_of_interest', 'establishment']","980 Đ. Láng, Láng Thượng, Đống Đa, Hà Nội, Vietnam",3.3,391.0,True,"[{'open': {'day': 0, 'hour': 9, 'minute': 0}, 'close': {'day': 0, 'hour': 22, 'minute': 0}}, {'open': {'day': 1, 'hour': 9, 'minute': 0}, 'close': {'day': 1, 'hour': 22, 'minute': 0}}, {'open': {'day': 2, 'hour': 9, 'minute': 0}, 'close': {'day': 2, 'hour': 22, 'minute': 0}}, {'open': {'day': 3, 'hour': 9, 'minute': 0}, 'close': {'day': 3, 'hour': 22, 'minute': 0}}, {'open': {'day': 4, 'hour': 9, 'minute': 0}, 'close': {'day': 4, 'hour': 22, 'minute': 0}}, {'open': {'day': 5, 'hour': 9, 'minute': 0}, 'close': {'day': 5, 'hour': 22, 'minute': 0}}, {'open': {'day': 6, 'hour': 9, 'minute': 0}, 'close': {'day': 6, 'hour': 22, 'minute': 0}}]","['Monday: 9:00\u202fAM\u2009–\u200910:00\u202fPM', 'Tuesday: 9:00\u202fAM\u2009–\u200910:00\u202fPM', 'Wednesday: 9:00\u202fAM\u2009–\u200910:00\u202fPM', 'Thursday: 9:00\u202fAM\u2009–\u200910:00\u202fPM', 'Friday: 9:00\u202fAM\u2009–\u200910:00\u202fPM', 'Saturday: 9:00\u202fAM\u2009–\u200910:00\u202fPM', 'Sunday: 9:00\u202fAM\u2009–\u200910:00\u202fPM']",Maru Korean food & Dessert,vi,PRICE_LEVEL_MODERATE
105,ChIJfydiMqarNTERMOzZScAZHVs,"['restaurant', 'food', 'point_of_interest', 'establishment']","540 Đ. Láng, Trung Hoà, Đống Đa, Hà Nội 100000, Vietnam",4.0,503.0,True,"[{'open': {'day': 0, 'hour': 9, 'minute': 0}, 'close': {'day': 0, 'hour': 23, 'minute': 30}}, {'open': {'day': 1, 'hour': 9, 'minute': 0}, 'close': {'day': 1, 'hour': 23, 'minute': 30}}, {'open': {'day': 2, 'hour': 9, 'minute': 0}, 'close': {'day': 2, 'hour': 23, 'minute': 30}}, {'open': {'day': 3, 'hour': 9, 'minute': 0}, 'close': {'day': 3, 'hour': 23, 'minute': 30}}, {'open': {'day': 4, 'hour': 9, 'minute': 0}, 'close': {'day': 4, 'hour': 23, 'minute': 30}}, {'open': {'day': 5, 'hour': 9, 'minute': 0}, 'close': {'day': 5, 'hour': 23, 'minute': 30}}, {'open': {'day': 6, 'hour': 9, 'minute': 0}, 'close': {'day': 6, 'hour': 23, 'minute': 30}}]","['Monday: 9:00\u202fAM\u2009–\u200911:30\u202fPM', 'Tuesday: 9:00\u202fAM\u2009–\u200911:30\u202fPM', 'Wednesday: 9:00\u202fAM\u2009–\u200911:30\u202fPM', 'Thursday: 9:00\u202fAM\u2009–\u200911:30\u202fPM', 'Friday: 9:00\u202fAM\u2009–\u200911:30\u202fPM', 'Saturday: 9:00\u202fAM\u2009–\u200911:30\u202fPM', 'Sunday: 9:00\u202fAM\u2009–\u200911:30\u202fPM']",Vườn Bia Hà Nội,vi,PRICE_LEVEL_MODERATE
106,ChIJv9jMDaqtNTERJvMJXm_6S4s,"['vegan_restaurant', 'vegetarian_restaurant', 'restaurant', 'food', 'point_of_interest', 'establishment']","nhà 10 ngõ, 318 Đ. Láng, Nhân Chính, Đống Đa, Hà Nội, Vietnam",4.4,36.0,True,"[{'open': {'day': 0, 'hour': 7, 'minute': 0}, 'close': {'day': 0, 'hour': 20, 'minute': 0}}, {'open': {'day': 1, 'hour': 7, 'minute': 0}, 'close': {'day': 1, 'hour': 20, 'minute': 0}}, {'open': {'day': 2, 'hour': 7, 'minute': 0}, 'close': {'day': 2, 'hour': 20, 'minute': 0}}, {'open': {'day': 3, 'hour': 7, 'minute': 0}, 'close': {'day': 3, 'hour': 20, 'minute': 0}}, {'open': {'day': 4, 'hour': 7, 'minute': 0}, 'close': {'day': 4, 'hour': 20, 'minute': 0}}, {'open': {'day': 5, 'hour': 7, 'minute': 0}, 'close': {'day': 5, 'hour': 20, 'minute': 0}}, {'open': {'day': 6, 'hour': 7, 'minute': 0}, 'close': {'day': 6, 'hour': 20, 'minute': 0}}]","['Monday: 7:00\u202fAM\u2009–\u20098:00\u202fPM', 'Tuesday: 7:00\u202fAM\u2009–\u20098:00\u202fPM', 'Wednesday: 7:00\u202fAM\u2009–\u20098:00\u202fPM', 'Thursday: 7:00\u202fAM\u2009–\u20098:00\u202fPM', 'Friday: 7:00\u202fAM\u2009–\u20098:00\u202fPM', 'Saturday: 7:00\u202fAM\u2009–\u20098:00\u202fPM', 'Sunday: 7:00\u202fAM\u2009–\u20098:00\u202fPM']",Cơm Chay Âu Lạc,vi,
107,ChIJZe9NM3WrNTERq2fiAHcWeaE,"['breakfast_restaurant', 'restaurant', 'food', 'point_of_interest', 'establishment']","942 Đ. Láng, Yên Hoà, Đống Đa, Hà Nội, Vietnam",5.0,2.0,True,"[{'open': {'day': 0, 'hour': 0, 'minute': 0}}]","['Monday: Open 24 hours', 'Tuesday: Open 24 hours', 'Wednesday: Open 24 hours', 'Thursday: Open 24 hours', 'Friday: Open 24 hours', 'Saturday: Open 24 hours', 'Sunday: Open 24 hours']",Phở Hà Nội (Phở Tùng 942 Đ.Láng),vi,
108,ChIJkdz_2gOtNTERpZes3Eiz6mQ,"['restaurant', 'food', 'point_of_interest', 'establishment']","366 Đ. Láng, Nhân Chính, Đống Đa, Hà Nội, Vietnam",,,,,,Lẩu nướng chú Quách,vi,
109,ChIJV8YDtl2rNTERq41S79rSt1c,"['vegan_restaurant', 'vegetarian_restaurant', 'restaurant', 'food', 'point_of_interest', 'establishment']","số nhà 10,ngách 1,ngõ 814 Đường Láng quận đống đa, Gần nhà sách tiến thọ, Láng Thượng, Hà Nội, Vietnam",4.1,53.0,,,,Cơm Chay Thiên Tâm,en,PRICE_LEVEL_INEXPENSIVE
110,ChIJGavujZCrNTEReu2iN0ELc60,"['restaurant', 'food', 'point_of_interest', 'establishment']","1254 Đ. Láng, Láng Thượng, Đống Đa, Hà Nội, Vietnam",3.9,8.0,,,,Phở Gà Láng,en,
111,ChIJtYu2ecutNTER9SToMrwaCDE,"['meal_takeaway', 'restaurant', 'food', 'point_of_interest', 'establishment']","292 Đ. Láng, Nhân Chính, Thanh Xuân, Hà Nội 11513, Vietnam",,,True,"[{'open': {'day': 0, 'hour': 7, 'minute': 0}, 'close': {'day': 0, 'hour': 21, 'minute': 0}}, {'open': {'day': 1, 'hour': 7, 'minute': 0}, 'close': {'day': 1, 'hour': 21, 'minute': 0}}, {'open': {'day': 2, 'hour': 7, 'minute': 0}, 'close': {'day': 2, 'hour': 21, 'minute': 0}}, {'open': {'day': 3, 'hour': 7, 'minute': 0}, 'close': {'day': 3, 'hour': 21, 'minute': 0}}, {'open': {'day': 4, 'hour': 7, 'minute': 0}, 'close': {'day': 4, 'hour': 21, 'minute': 0}}, {'open': {'day': 5, 'hour': 7, 'minute': 0}, 'close': {'day': 5, 'hour': 21, 'minute': 0}}, {'open': {'day': 6, 'hour': 7, 'minute': 0}, 'close': {'day': 6, 'hour': 21, 'minute': 0}}]","['Monday: 7:00\u202fAM\u2009–\u20099:00\u202fPM', 'Tuesday: 7:00\u202fAM\u2009–\u20099:00\u202fPM', 'Wednesday: 7:00\u202fAM\u2009–\u20099:00\u202fPM', 'Thursday: 7:00\u202fAM\u2009–\u20099:00\u202fPM', 'Friday: 7:00\u202fAM\u2009–\u20099:00\u202fPM', 'Saturday: 7:00\u202fAM\u2009–\u20099:00\u202fPM', 'Sunday: 7:00\u202fAM\u2009–\u20099:00\u202fPM']",Madam Nhung,vi,
112,ChIJv9jMDaqtNTERJvMJXm_6S4s,"['vegan_restaurant', 'vegetarian_restaurant', 'restaurant', 'food', 'point_of_interest', 'establishment']","nhà 10 ngõ, 318 Đ. Láng, Nhân Chính, Đống Đa, Hà Nội, Vietnam",4.4,36.0,True,"[{'open': {'day': 0, 'hour': 7, 'minute': 0}, 'close': {'day': 0, 'hour': 20, 'minute': 0}}, {'open': {'day': 1, 'hour': 7, 'minute': 0}, 'close': {'day': 1, 'hour': 20, 'minute': 0}}, {'open': {'day': 2, 'hour': 7, 'minute': 0}, 'close': {'day': 2, 'hour': 20, 'minute': 0}}, {'open': {'day': 3, 'hour': 7, 'minute': 0}, 'close': {'day': 3, 'hour': 20, 'minute': 0}}, {'open': {'day': 4, 'hour': 7, 'minute': 0}, 'close': {'day': 4, 'hour': 20, 'minute': 0}}, {'open': {'day': 5, 'hour': 7, 'minute': 0}, 'close': {'day': 5, 'hour': 20, 'minute': 0}}, {'open': {'day': 6, 'hour': 7, 'minute': 0}, 'close': {'day': 6, 'hour': 20, 'minute': 0}}]","['Monday: 7:00\u202fAM\u2009–\u20098:00\u202fPM', 'Tuesday: 7:00\u202fAM\u2009–\u20098:00\u202fPM', 'Wednesday: 7:00\u202fAM\u2009–\u20098:00\u202fPM', 'Thursday: 7:00\u202fAM\u2009–\u20098:00\u202fPM', 'Friday: 7:00\u202fAM\u2009–\u20098:00\u202fPM', 'Saturday: 7:00\u202fAM\u2009–\u20098:00\u202fPM', 'Sunday: 7:00\u202fAM\u2009–\u20098:00\u202fPM']",Cơm Chay Âu Lạc,vi,
113,ChIJ27M0wNqtNTERFH4NVneQ-Gw,"['restaurant', 'food', 'point_of_interest', 'establishment']","85 Đ. Láng, Thượng Đình, Đống Đa, Hà Nội, Vietnam",3.5,28.0,True,"[{'open': {'day': 0, 'hour': 10, 'minute': 30}, 'close': {'day': 0, 'hour': 23, 'minute': 30}}, {'open': {'day': 1, 'hour': 10, 'minute': 30}, 'close': {'day': 1, 'hour': 23, 'minute': 30}}, {'open': {'day': 2, 'hour': 10, 'minute': 30}, 'close': {'day': 2, 'hour': 23, 'minute': 30}}, {'open': {'day': 3, 'hour': 10, 'minute': 30}, 'close': {'day': 3, 'hour': 23, 'minute': 30}}, {'open': {'day': 4, 'hour': 10, 'minute': 30}, 'close': {'day': 4, 'hour': 23, 'minute': 30}}, {'open': {'day': 5, 'hour': 10, 'minute': 30}, 'close': {'day': 5, 'hour': 23, 'minute': 30}}, {'open': {'day': 6, 'hour': 10, 'minute': 30}, 'close': {'day': 6, 'hour': 23, 'minute': 30}}]","['Monday: 10:30\u202fAM\u2009–\u200911:30\u202fPM', 'Tuesday: 10:30\u202fAM\u2009–\u200911:30\u202fPM', 'Wednesday: 10:30\u202fAM\u2009–\u200911:30\u202fPM', 'Thursday: 10:30\u202fAM\u2009–\u200911:30\u202fPM', 'Friday: 10:30\u202fAM\u2009–\u200911:30\u202fPM', 'Saturday: 10:30\u202fAM\u2009–\u200911:30\u202fPM', 'Sunday: 10:30\u202fAM\u2009–\u200911:30\u202fPM']",LẨU NƯỚNG HUẤN BÉO,vi,
114,ChIJ4_L5k1yrNTERWlfAlRrCR8Y,"['seafood_restaurant', 'restaurant', 'food', 'point_of_interest', 'establishment']","794 Đ. Láng, P, Đống Đa, Hà Nội, Vietnam",4.6,1460.0,True,"[{'open': {'day': 0, 'hour': 8, 'minute': 0}, 'close': {'day': 0, 'hour': 22, 'minute': 0}}, {'open': {'day': 1, 'hour': 8, 'minute': 0}, 'close': {'day': 1, 'hour': 22, 'minute': 0}}, {'open': {'day': 2, 'hour': 8, 'minute': 0}, 'close': {'day': 2, 'hour': 22, 'minute': 0}}, {'open': {'day': 3, 'hour': 8, 'minute': 0}, 'close': {'day': 3, 'hour': 22, 'minute': 0}}, {'open': {'day': 4, 'hour': 8, 'minute': 0}, 'close': {'day': 4, 'hour': 22, 'minute': 0}}, {'open': {'day': 5, 'hour': 8, 'minute': 0}, 'close': {'day': 5, 'hour': 22, 'minute': 0}}, {'open': {'day': 6, 'hour': 8, 'minute': 0}, 'close': {'day': 6, 'hour': 22, 'minute': 0}}]","['Monday: 8:00\u202fAM\u2009–\u200910:00\u202fPM', 'Tuesday: 8:00\u202fAM\u2009–\u200910:00\u202fPM', 'Wednesday: 8:00\u202fAM\u2009–\u200910:00\u202fPM', 'Thursday: 8:00\u202fAM\u2009–\u200910:00\u202fPM', 'Friday: 8:00\u202fAM\u2009–\u200910:00\u202fPM', 'Saturday: 8:00\u202fAM\u2009–\u200910:00\u202fPM', 'Sunday: 8:00\u202fAM\u2009–\u200910:00\u202fPM']",East Sea Seafood Restaurant,en,PRICE_LEVEL_EXPENSIVE
115,ChIJqXgsI0WrNTERtadeSqgi-Fk,"['restaurant', 'food', 'point_of_interest', 'establishment']","7 Ngõ 942 Đường Láng, Yên Hoà, Đống Đa, Hà Nội, Vietnam",4.6,15.0,True,"[{'open': {'day': 0, 'hour': 9, 'minute': 30}, 'close': {'day': 0, 'hour': 21, 'minute': 30}}, {'open': {'day': 1, 'hour': 9, 'minute': 30}, 'close': {'day': 1, 'hour': 21, 'minute': 30}}, {'open': {'day': 2, 'hour': 9, 'minute': 30}, 'close': {'day': 2, 'hour': 21, 'minute': 30}}, {'open': {'day': 3, 'hour': 9, 'minute': 30}, 'close': {'day': 3, 'hour': 21, 'minute': 30}}, {'open': {'day': 4, 'hour': 9, 'minute': 30}, 'close': {'day': 4, 'hour': 21, 'minute': 30}}, {'open': {'day': 5, 'hour': 0, 'minute': 0}, 'close': {'day': 5, 'hour': 21, 'minute': 30}}, {'open': {'day': 6, 'hour': 9, 'minute': 30}, 'close': {'day': 6, 'hour': 21, 'minute': 30}}]","['Monday: 9:30\u202fAM\u2009–\u20099:30\u202fPM', 'Tuesday: 9:30\u202fAM\u2009–\u20099:30\u202fPM', 'Wednesday: 9:30\u202fAM\u2009–\u20099:30\u202fPM', 'Thursday: 9:30\u202fAM\u2009–\u20099:30\u202fPM', 'Friday: 12:00\u202fAM\u2009–\u20099:30\u202fPM', 'Saturday: 9:30\u202fAM\u2009–\u20099:30\u202fPM', 'Sunday: 9:30\u202fAM\u2009–\u20099:30\u202fPM']",Sườn Kingdom Đường Láng - Sườn nướng BBQ,vi,
116,ChIJV8YDtl2rNTERq41S79rSt1c,"['vegan_restaurant', 'vegetarian_restaurant', 'restaurant', 'food', 'point_of_interest', 'establishment']","số nhà 10,ngách 1,ngõ 814 Đường Láng quận đống đa, Gần nhà sách tiến thọ, Láng Thượng, Hà Nội, Vietnam",4.1,53.0,,,,Cơm Chay Thiên Tâm,en,PRICE_LEVEL_INEXPENSIVE
117,ChIJZ67vsa6rNTERpJce-ovVFc4,"['barbecue_restaurant', 'restaurant', 'food', 'bar', 'point_of_interest', 'establishment']","1116 Đ. Láng, Yên Hoà, Đống Đa, Hà Nội, Vietnam",4.8,45.0,True,"[{'open': {'day': 0, 'hour': 10, 'minute': 0}, 'close': {'day': 0, 'hour': 23, 'minute': 0}}, {'open': {'day': 1, 'hour': 10, 'minute': 0}, 'close': {'day': 1, 'hour': 23, 'minute': 0}}, {'open': {'day': 2, 'hour': 10, 'minute': 0}, 'close': {'day': 2, 'hour': 23, 'minute': 0}}, {'open': {'day': 3, 'hour': 10, 'minute': 0}, 'close': {'day': 3, 'hour': 23, 'minute': 0}}, {'open': {'day': 4, 'hour': 10, 'minute': 0}, 'close': {'day': 4, 'hour': 23, 'minute': 0}}, {'open': {'day': 5, 'hour': 10, 'minute': 0}, 'close': {'day': 5, 'hour': 23, 'minute': 0}}, {'open': {'day': 6, 'hour': 10, 'minute': 0}, 'close': {'day': 6, 'hour': 23, 'minute': 0}}]","['Monday: 10:00\u202fAM\u2009–\u200911:00\u202fPM', 'Tuesday: 10:00\u202fAM\u2009–\u200911:00\u202fPM', 'Wednesday: 10:00\u202fAM\u2009–\u200911:00\u202fPM', 'Thursday: 10:00\u202fAM\u2009–\u200911:00\u202fPM', 'Friday: 10:00\u202fAM\u2009–\u200911:00\u202fPM', 'Saturday: 10:00\u202fAM\u2009–\u200911:00\u202fPM', 'Sunday: 10:00\u202fAM\u2009–\u200911:00\u202fPM']",Lẩu nướng Ngon BBQ,vi,
118,ChIJZybiLqyrNTERd6riyOcvnD4,"['korean_restaurant', 'restaurant', 'food', 'point_of_interest', 'establishment']","980 Đ. Láng, Láng Thượng, Đống Đa, Hà Nội, Vietnam",3.3,391.0,True,"[{'open': {'day': 0, 'hour': 9, 'minute': 0}, 'close': {'day': 0, 'hour': 22, 'minute': 0}}, {'open': {'day': 1, 'hour': 9, 'minute': 0}, 'close': {'day': 1, 'hour': 22, 'minute': 0}}, {'open': {'day': 2, 'hour': 9, 'minute': 0}, 'close': {'day': 2, 'hour': 22, 'minute': 0}}, {'open': {'day': 3, 'hour': 9, 'minute': 0}, 'close': {'day': 3, 'hour': 22, 'minute': 0}}, {'open': {'day': 4, 'hour': 9, 'minute': 0}, 'close': {'day': 4, 'hour': 22, 'minute': 0}}, {'open': {'day': 5, 'hour': 9, 'minute': 0}, 'close': {'day': 5, 'hour': 22, 'minute': 0}}, {'open': {'day': 6, 'hour': 9, 'minute': 0}, 'close': {'day': 6, 'hour': 22, 'minute': 0}}]","['Monday: 9:00\u202fAM\u2009–\u200910:00\u202fPM', 'Tuesday: 9:00\u202fAM\u2009–\u200910:00\u202fPM', 'Wednesday: 9:00\u202fAM\u2009–\u200910:00\u202fPM', 'Thursday: 9:00\u202fAM\u2009–\u200910:00\u202fPM', 'Friday: 9:00\u202fAM\u2009–\u200910:00\u202fPM', 'Saturday: 9:00\u202fAM\u2009–\u200910:00\u202fPM', 'Sunday: 9:00\u202fAM\u2009–\u200910:00\u202fPM']",Maru Korean food & Dessert,vi,PRICE_LEVEL_MODERATE
119,ChIJOWbOuoSsNTER5M18W1YG5Ac,"['restaurant', 'food', 'point_of_interest', 'establishment']","65 Đ. Láng, Trung Hoà, Đống Đa, Hà Nội, Vietnam",4.0,2240.0,True,"[{'open': {'day': 0, 'hour': 6, 'minute': 0}, 'close': {'day': 0, 'hour': 23, 'minute': 30}}, {'open': {'day': 1, 'hour': 6, 'minute': 0}, 'close': {'day': 1, 'hour': 23, 'minute': 30}}, {'open': {'day': 2, 'hour': 6, 'minute': 0}, 'close': {'day': 2, 'hour': 23, 'minute': 30}}, {'open': {'day': 3, 'hour': 6, 'minute': 0}, 'close': {'day': 3, 'hour': 23, 'minute': 30}}, {'open': {'day': 4, 'hour': 6, 'minute': 0}, 'close': {'day': 4, 'hour': 23, 'minute': 30}}, {'open': {'day': 5, 'hour': 6, 'minute': 0}, 'close': {'day': 5, 'hour': 23, 'minute': 30}}, {'open': {'day': 6, 'hour': 6, 'minute': 0}, 'close': {'day': 6, 'hour': 23, 'minute': 30}}]","['Monday: 6:00\u202fAM\u2009–\u200911:30\u202fPM', 'Tuesday: 6:00\u202fAM\u2009–\u200911:30\u202fPM', 'Wednesday: 6:00\u202fAM\u2009–\u200911:30\u202fPM', 'Thursday: 6:00\u202fAM\u2009–\u200911:30\u202fPM', 'Friday: 6:00\u202fAM\u2009–\u200911:30\u202fPM', 'Saturday: 6:00\u202fAM\u2009–\u200911:30\u202fPM', 'Sunday: 6:00\u202fAM\u2009–\u200911:30\u202fPM']",Bún Bò Huế 65,vi,PRICE_LEVEL_MODERATE
120,ChIJ13hw0XOrNTERAqE7frx7QkA,"['korean_restaurant', 'japanese_restaurant', 'restaurant', 'food', 'point_of_interest', 'establishment']","976 Đ. Láng, Láng Thượng, Đống Đa, Hà Nội 100000, Vietnam",3.5,8.0,True,"[{'open': {'day': 0, 'hour': 10, 'minute': 0}, 'close': {'day': 0, 'hour': 23, 'minute': 0}}, {'open': {'day': 1, 'hour': 10, 'minute': 0}, 'close': {'day': 1, 'hour': 23, 'minute': 0}}, {'open': {'day': 2, 'hour': 10, 'minute': 0}, 'close': {'day': 2, 'hour': 23, 'minute': 0}}, {'open': {'day': 3, 'hour': 10, 'minute': 0}, 'close': {'day': 3, 'hour': 23, 'minute': 0}}, {'open': {'day': 4, 'hour': 10, 'minute': 0}, 'close': {'day': 4, 'hour': 23, 'minute': 0}}, {'open': {'day': 5, 'hour': 10, 'minute': 0}, 'close': {'day': 5, 'hour': 22, 'minute': 0}}, {'open': {'day': 6, 'hour': 10, 'minute': 0}, 'close': {'day': 6, 'hour': 23, 'minute': 0}}]","['Monday: 10:00\u202fAM\u2009–\u200911:00\u202fPM', 'Tuesday: 10:00\u202fAM\u2009–\u200911:00\u202fPM', 'Wednesday: 10:00\u202fAM\u2009–\u200911:00\u202fPM', 'Thursday: 10:00\u202fAM\u2009–\u200911:00\u202fPM', 'Friday: 10:00\u202fAM\u2009–\u200910:00\u202fPM', 'Saturday: 10:00\u202fAM\u2009–\u200911:00\u202fPM', 'Sunday: 10:00\u202fAM\u2009–\u200911:00\u202fPM']",Lẩu Nướng Hàn Quốc - Tươi BBQ - 976 Đường Láng,vi,
121,ChIJrzGkVmyrNTERTxW-6whZGrk,"['barbecue_restaurant', 'liquor_store', 'meal_delivery', 'store', 'restaurant', 'food', 'bar', 'point_of_interest', 'establishment']","790 Đ. Láng, Trung Hoà, Đống Đa, Hà Nội 100000, Vietnam",4.1,766.0,True,"[{'open': {'day': 0, 'hour': 9, 'minute': 0}, 'close': {'day': 0, 'hour': 23, 'minute': 30}}, {'open': {'day': 1, 'hour': 9, 'minute': 0}, 'close': {'day': 1, 'hour': 23, 'minute': 30}}, {'open': {'day': 2, 'hour': 9, 'minute': 0}, 'close': {'day': 2, 'hour': 23, 'minute': 30}}, {'open': {'day': 3, 'hour': 9, 'minute': 0}, 'close': {'day': 3, 'hour': 23, 'minute': 30}}, {'open': {'day': 4, 'hour': 9, 'minute': 0}, 'close': {'day': 4, 'hour': 23, 'minute': 30}}, {'open': {'day': 5, 'hour': 9, 'minute': 0}, 'close': {'day': 5, 'hour': 23, 'minute': 30}}, {'open': {'day': 6, 'hour': 9, 'minute': 0}, 'close': {'day': 6, 'hour': 23, 'minute': 30}}]","['Monday: 9:00\u202fAM\u2009–\u200911:30\u202fPM', 'Tuesday: 9:00\u202fAM\u2009–\u200911:30\u202fPM', 'Wednesday: 9:00\u202fAM\u2009–\u200911:30\u202fPM', 'Thursday: 9:00\u202fAM\u2009–\u200911:30\u202fPM', 'Friday: 9:00\u202fAM\u2009–\u200911:30\u202fPM', 'Saturday: 9:00\u202fAM\u2009–\u200911:30\u202fPM', 'Sunday: 9:00\u202fAM\u2009–\u200911:30\u202fPM']",BIA ĐỨC TRỌC - 790 ĐƯỜNG LÁNG,vi,PRICE_LEVEL_MODERATE
122,ChIJdUaLG-ytNTERf6lxSe4fTMo,"['restaurant', 'food', 'point_of_interest', 'establishment']","198 Đ. Láng, Nhân Chính, Đống Đa, Hà Nội, Vietnam",3.6,5.0,True,"[{'open': {'day': 0, 'hour': 0, 'minute': 0}}]","['Monday: Open 24 hours', 'Tuesday: Open 24 hours', 'Wednesday: Open 24 hours', 'Thursday: Open 24 hours', 'Friday: Open 24 hours', 'Saturday: Open 24 hours', 'Sunday: Open 24 hours']",Bánh Canh Ghẹ Bình Dân 198 Đường Láng,vi,
123,ChIJ3c49AJ6sNTERc1iEK_G2YzI,"['restaurant', 'food', 'point_of_interest', 'establishment']","152, 152 Đ. Láng, Thịnh Quang, Đống Đa, Hà Nội, Vietnam",3.9,105.0,True,"[{'open': {'day': 0, 'hour': 9, 'minute': 0}, 'close': {'day': 0, 'hour': 22, 'minute': 30}}, {'open': {'day': 1, 'hour': 9, 'minute': 0}, 'close': {'day': 1, 'hour': 22, 'minute': 30}}, {'open': {'day': 2, 'hour': 9, 'minute': 0}, 'close': {'day': 2, 'hour': 22, 'minute': 30}}, {'open': {'day': 3, 'hour': 9, 'minute': 0}, 'close': {'day': 3, 'hour': 22, 'minute': 30}}, {'open': {'day': 4, 'hour': 9, 'minute': 0}, 'close': {'day': 4, 'hour': 22, 'minute': 30}}, {'open': {'day': 5, 'hour': 9, 'minute': 0}, 'close': {'day': 5, 'hour': 22, 'minute': 30}}, {'open': {'day': 6, 'hour': 9, 'minute': 0}, 'close': {'day': 6, 'hour': 22, 'minute': 30}}]","['Monday: 9:00\u202fAM\u2009–\u200910:30\u202fPM', 'Tuesday: 9:00\u202fAM\u2009–\u200910:30\u202fPM', 'Wednesday: 9:00\u202fAM\u2009–\u200910:30\u202fPM', 'Thursday: 9:00\u202fAM\u2009–\u200910:30\u202fPM', 'Friday: 9:00\u202fAM\u2009–\u200910:30\u202fPM', 'Saturday: 9:00\u202fAM\u2009–\u200910:30\u202fPM', 'Sunday: 9:00\u202fAM\u2009–\u200910:30\u202fPM']",Sỹ Phú Hot Pot Restaurant,en,PRICE_LEVEL_MODERATE
124,ChIJc5wYL1KrNTERSpOofHNz27k,"['meal_takeaway', 'restaurant', 'food', 'point_of_interest', 'establishment']","12 Ng. 898 Đ. Láng, Láng Thượng, Đống Đa, Hà Nội, Vietnam",1.0,1.0,,,,Gà Luộc Láng,en,
125,ChIJfydiMqarNTERMOzZScAZHVs,"['restaurant', 'food', 'point_of_interest', 'establishment']","540 Đ. Láng, Trung Hoà, Đống Đa, Hà Nội 100000, Vietnam",4.0,503.0,True,"[{'open': {'day': 0, 'hour': 9, 'minute': 0}, 'close': {'day': 0, 'hour': 23, 'minute': 30}}, {'open': {'day': 1, 'hour': 9, 'minute': 0}, 'close': {'day': 1, 'hour': 23, 'minute': 30}}, {'open': {'day': 2, 'hour': 9, 'minute': 0}, 'close': {'day': 2, 'hour': 23, 'minute': 30}}, {'open': {'day': 3, 'hour': 9, 'minute': 0}, 'close': {'day': 3, 'hour': 23, 'minute': 30}}, {'open': {'day': 4, 'hour': 9, 'minute': 0}, 'close': {'day': 4, 'hour': 23, 'minute': 30}}, {'open': {'day': 5, 'hour': 9, 'minute': 0}, 'close': {'day': 5, 'hour': 23, 'minute': 30}}, {'open': {'day': 6, 'hour': 9, 'minute': 0}, 'close': {'day': 6, 'hour': 23, 'minute': 30}}]","['Monday: 9:00\u202fAM\u2009–\u200911:30\u202fPM', 'Tuesday: 9:00\u202fAM\u2009–\u200911:30\u202fPM', 'Wednesday: 9:00\u202fAM\u2009–\u200911:30\u202fPM', 'Thursday: 9:00\u202fAM\u2009–\u200911:30\u202fPM', 'Friday: 9:00\u202fAM\u2009–\u200911:30\u202fPM', 'Saturday: 9:00\u202fAM\u2009–\u200911:30\u202fPM', 'Sunday: 9:00\u202fAM\u2009–\u200911:30\u202fPM']",Vườn Bia Hà Nội,vi,PRICE_LEVEL_MODERATE
126,ChIJL5SrooSsNTERA4fzTNJJloU,"['cafe', 'point_of_interest', 'food', 'establishment']","80 Đ. Láng, Thượng Đình, Đống Đa, Hà Nội, Vietnam",4.0,7.0,,,,Cafe NewYork,en,
127,ChIJtR_JdVCtNTER61KoDrd4JPA,"['cafe', 'coffee_shop', 'point_of_interest', 'store', 'food', 'establishment']","64 Đ. Láng, Thịnh Quang, Đống Đa, Hà Nội 117130, Vietnam",4.0,566.0,True,"[{'open': {'day': 0, 'hour': 7, 'minute': 0}, 'close': {'day': 0, 'hour': 23, 'minute': 0}}, {'open': {'day': 1, 'hour': 7, 'minute': 0}, 'close': {'day': 1, 'hour': 23, 'minute': 0}}, {'open': {'day': 2, 'hour': 7, 'minute': 0}, 'close': {'day': 2, 'hour': 23, 'minute': 0}}, {'open': {'day': 3, 'hour': 7, 'minute': 0}, 'close': {'day': 3, 'hour': 23, 'minute': 0}}, {'open': {'day': 4, 'hour': 7, 'minute': 0}, 'close': {'day': 4, 'hour': 23, 'minute': 0}}, {'open': {'day': 5, 'hour': 7, 'minute': 0}, 'close': {'day': 5, 'hour': 23, 'minute': 0}}, {'open': {'day': 6, 'hour': 7, 'minute': 0}, 'close': {'day': 6, 'hour': 23, 'minute': 0}}]","['Monday: 7:00\u202fAM\u2009–\u200911:00\u202fPM', 'Tuesday: 7:00\u202fAM\u2009–\u200911:00\u202fPM', 'Wednesday: 7:00\u202fAM\u2009–\u200911:00\u202fPM', 'Thursday: 7:00\u202fAM\u2009–\u200911:00\u202fPM', 'Friday: 7:00\u202fAM\u2009–\u200911:00\u202fPM', 'Saturday: 7:00\u202fAM\u2009–\u200911:00\u202fPM', 'Sunday: 7:00\u202fAM\u2009–\u200911:00\u202fPM']",Laika Cafe,vi,PRICE_LEVEL_MODERATE
128,ChIJ2Rloek6tNTERFp7HY_9v2SY,"['cafe', 'point_of_interest', 'food', 'establishment']","94 Đ. Láng, Thịnh Quang, Đống Đa, Hà Nội 100000, Vietnam",4.2,1232.0,True,"[{'open': {'day': 0, 'hour': 7, 'minute': 0}, 'close': {'day': 0, 'hour': 23, 'minute': 30}}, {'open': {'day': 1, 'hour': 7, 'minute': 0}, 'close': {'day': 1, 'hour': 23, 'minute': 30}}, {'open': {'day': 2, 'hour': 7, 'minute': 0}, 'close': {'day': 2, 'hour': 23, 'minute': 30}}, {'open': {'day': 3, 'hour': 7, 'minute': 0}, 'close': {'day': 3, 'hour': 23, 'minute': 30}}, {'open': {'day': 4, 'hour': 7, 'minute': 0}, 'close': {'day': 4, 'hour': 23, 'minute': 30}}, {'open': {'day': 5, 'hour': 7, 'minute': 0}, 'close': {'day': 5, 'hour': 23, 'minute': 30}}, {'open': {'day': 6, 'hour': 7, 'minute': 0}, 'close': {'day': 6, 'hour': 23, 'minute': 30}}]","['Monday: 7:00\u202fAM\u2009–\u200911:30\u202fPM', 'Tuesday: 7:00\u202fAM\u2009–\u200911:30\u202fPM', 'Wednesday: 7:00\u202fAM\u2009–\u200911:30\u202fPM', 'Thursday: 7:00\u202fAM\u2009–\u200911:30\u202fPM', 'Friday: 7:00\u202fAM\u2009–\u200911:30\u202fPM', 'Saturday: 7:00\u202fAM\u2009–\u200911:30\u202fPM', 'Sunday: 7:00\u202fAM\u2009–\u200911:30\u202fPM']",Cộng Cà phê,en,PRICE_LEVEL_MODERATE
129,ChIJ_ylE50OrNTER5--CTNhIxsk,"['cafe', 'point_of_interest', 'food', 'establishment']","1194 Đ. Láng, Láng Thượng, Đống Đa, Hà Nội, Vietnam",4.5,8.0,,,,Coffee Việt Nga,vi,
130,ChIJDySl0h-tNTERLdFQJCHG6rE,"['cafe', 'point_of_interest', 'food', 'establishment']","71 Đ. Láng, Thượng Đình, Đống Đa, Hà Nội, Vietnam",,,True,"[{'open': {'day': 0, 'hour': 7, 'minute': 0}, 'close': {'day': 0, 'hour': 23, 'minute': 0}}, {'open': {'day': 1, 'hour': 7, 'minute': 0}, 'close': {'day': 1, 'hour': 23, 'minute': 0}}, {'open': {'day': 2, 'hour': 7, 'minute': 0}, 'close': {'day': 2, 'hour': 23, 'minute': 0}}, {'open': {'day': 3, 'hour': 7, 'minute': 0}, 'close': {'day': 3, 'hour': 23, 'minute': 0}}, {'open': {'day': 4, 'hour': 7, 'minute': 0}, 'close': {'day': 4, 'hour': 23, 'minute': 0}}, {'open': {'day': 5, 'hour': 7, 'minute': 0}, 'close': {'day': 5, 'hour': 23, 'minute': 0}}, {'open': {'day': 6, 'hour': 7, 'minute': 0}, 'close': {'day': 6, 'hour': 23, 'minute': 0}}]","['Monday: 7:00\u202fAM\u2009–\u200911:00\u202fPM', 'Tuesday: 7:00\u202fAM\u2009–\u200911:00\u202fPM', 'Wednesday: 7:00\u202fAM\u2009–\u200911:00\u202fPM', 'Thursday: 7:00\u202fAM\u2009–\u200911:00\u202fPM', 'Friday: 7:00\u202fAM\u2009–\u200911:00\u202fPM', 'Saturday: 7:00\u202fAM\u2009–\u200911:00\u202fPM', 'Sunday: 7:00\u202fAM\u2009–\u200911:00\u202fPM']",B.land Coffee,vi,
131,ChIJ-8gmHZ2sNTERT6aGWqPvUUA,"['cafe', 'point_of_interest', 'food', 'establishment']","4 Đ. Láng, Thịnh Quang, Đống Đa, Hà Nội, Vietnam",4.0,25.0,True,"[{'open': {'day': 0, 'hour': 7, 'minute': 0}, 'close': {'day': 0, 'hour': 23, 'minute': 0}}, {'open': {'day': 1, 'hour': 7, 'minute': 0}, 'close': {'day': 1, 'hour': 23, 'minute': 0}}, {'open': {'day': 2, 'hour': 7, 'minute': 0}, 'close': {'day': 2, 'hour': 23, 'minute': 0}}, {'open': {'day': 3, 'hour': 7, 'minute': 0}, 'close': {'day': 3, 'hour': 23, 'minute': 0}}, {'open': {'day': 4, 'hour': 7, 'minute': 0}, 'close': {'day': 4, 'hour': 23, 'minute': 0}}, {'open': {'day': 5, 'hour': 7, 'minute': 0}, 'close': {'day': 5, 'hour': 23, 'minute': 0}}, {'open': {'day': 6, 'hour': 7, 'minute': 0}, 'close': {'day': 6, 'hour': 23, 'minute': 0}}]","['Monday: 7:00\u202fAM\u2009–\u200911:00\u202fPM', 'Tuesday: 7:00\u202fAM\u2009–\u200911:00\u202fPM', 'Wednesday: 7:00\u202fAM\u2009–\u200911:00\u202fPM', 'Thursday: 7:00\u202fAM\u2009–\u200911:00\u202fPM', 'Friday: 7:00\u202fAM\u2009–\u200911:00\u202fPM', 'Saturday: 7:00\u202fAM\u2009–\u200911:00\u202fPM', 'Sunday: 7:00\u202fAM\u2009–\u200911:00\u202fPM']",Cafe Nắng & Gió,en,
132,ChIJVbmr9e2rNTERy7I88brwxfk,"['cafe', 'point_of_interest', 'food', 'establishment']","Số 49, ngõ 562 Đ. Láng, Trung Hoà, Cầu Giấy, Hà Nội, Vietnam",4.3,217.0,True,"[{'open': {'day': 0, 'hour': 8, 'minute': 30}, 'close': {'day': 0, 'hour': 22, 'minute': 0}}, {'open': {'day': 1, 'hour': 8, 'minute': 30}, 'close': {'day': 1, 'hour': 22, 'minute': 0}}, {'open': {'day': 2, 'hour': 8, 'minute': 30}, 'close': {'day': 2, 'hour': 22, 'minute': 0}}, {'open': {'day': 3, 'hour': 8, 'minute': 30}, 'close': {'day': 3, 'hour': 22, 'minute': 0}}, {'open': {'day': 4, 'hour': 8, 'minute': 30}, 'close': {'day': 4, 'hour': 22, 'minute': 0}}, {'open': {'day': 5, 'hour': 8, 'minute': 30}, 'close': {'day': 5, 'hour': 22, 'minute': 0}}, {'open': {'day': 6, 'hour': 8, 'minute': 30}, 'close': {'day': 6, 'hour': 22, 'minute': 0}}]","['Monday: 8:30\u202fAM\u2009–\u200910:00\u202fPM', 'Tuesday: 8:30\u202fAM\u2009–\u200910:00\u202fPM', 'Wednesday: 8:30\u202fAM\u2009–\u200910:00\u202fPM', 'Thursday: 8:30\u202fAM\u2009–\u200910:00\u202fPM', 'Friday: 8:30\u202fAM\u2009–\u200910:00\u202fPM', 'Saturday: 8:30\u202fAM\u2009–\u200910:00\u202fPM', 'Sunday: 8:30\u202fAM\u2009–\u200910:00\u202fPM']",Quán Nước Tử Tế,vi,PRICE_LEVEL_INEXPENSIVE
133,ChIJF9J59gatNTERvXex2CIi6I8,"['coffee_shop', 'cafe', 'point_of_interest', 'store', 'food', 'establishment']","37 Đ. Láng, Thượng Đình, Đống Đa, Hà Nội, Vietnam",3.0,1.0,,,,Tiệm Trà Thanh Xuân,vi,
134,ChIJ-xktsdyrNTERPa7zLR93N3k,"['cafe', 'point_of_interest', 'food', 'establishment']","5 Ng. 538 Đ. Láng, Láng Hạ, Đống Đa, Hà Nội, Vietnam",4.5,72.0,True,"[{'open': {'day': 0, 'hour': 8, 'minute': 0}, 'close': {'day': 0, 'hour': 22, 'minute': 30}}, {'open': {'day': 1, 'hour': 8, 'minute': 0}, 'close': {'day': 1, 'hour': 22, 'minute': 30}}, {'open': {'day': 2, 'hour': 8, 'minute': 0}, 'close': {'day': 2, 'hour': 22, 'minute': 30}}, {'open': {'day': 3, 'hour': 8, 'minute': 0}, 'close': {'day': 3, 'hour': 22, 'minute': 30}}, {'open': {'day': 4, 'hour': 8, 'minute': 0}, 'close': {'day': 4, 'hour': 22, 'minute': 30}}, {'open': {'day': 5, 'hour': 8, 'minute': 0}, 'close': {'day': 5, 'hour': 22, 'minute': 30}}, {'open': {'day': 6, 'hour': 8, 'minute': 0}, 'close': {'day': 6, 'hour': 22, 'minute': 30}}]","['Monday: 8:00\u202fAM\u2009–\u200910:30\u202fPM', 'Tuesday: 8:00\u202fAM\u2009–\u200910:30\u202fPM', 'Wednesday: 8:00\u202fAM\u2009–\u200910:30\u202fPM', 'Thursday: 8:00\u202fAM\u2009–\u200910:30\u202fPM', 'Friday: 8:00\u202fAM\u2009–\u200910:30\u202fPM', 'Saturday: 8:00\u202fAM\u2009–\u200910:30\u202fPM', 'Sunday: 8:00\u202fAM\u2009–\u200910:30\u202fPM']",Tiny Cafe,en,
135,ChIJM3vLQEOrNTERrYXL_nCwG0Q,"['cafe', 'point_of_interest', 'food', 'establishment']","Ngõ 1194 Đ. Láng, Láng Thượng, Đống Đa, Hà Nội, Vietnam",,,,,,Coffee Ngõ Nhỏ,vi,
136,ChIJ-4SGfCCtNTER87ir92AwxN4,"['cafe', 'point_of_interest', 'food', 'establishment']","3, 336 Đ. Láng, Thịnh Quang, Đống Đa, Hà Nội, Vietnam",4.0,1.0,,,,Trang Coffee,vi,
137,ChIJY5zGkOOrNTERIcYzCqkovH4,"['coffee_shop', 'cafe', 'point_of_interest', 'store', 'food', 'establishment']","1152, 1154 Đ. Láng, Láng Thượng, Đống Đa, Hà Nội 10000, Vietnam",3.5,13.0,True,"[{'open': {'day': 0, 'hour': 7, 'minute': 0}, 'close': {'day': 0, 'hour': 23, 'minute': 0}}, {'open': {'day': 1, 'hour': 7, 'minute': 0}, 'close': {'day': 1, 'hour': 23, 'minute': 0}}, {'open': {'day': 2, 'hour': 7, 'minute': 0}, 'close': {'day': 2, 'hour': 23, 'minute': 0}}, {'open': {'day': 3, 'hour': 7, 'minute': 0}, 'close': {'day': 3, 'hour': 23, 'minute': 0}}, {'open': {'day': 4, 'hour': 7, 'minute': 0}, 'close': {'day': 4, 'hour': 23, 'minute': 0}}, {'open': {'day': 5, 'hour': 7, 'minute': 0}, 'close': {'day': 5, 'hour': 23, 'minute': 0}}, {'open': {'day': 6, 'hour': 7, 'minute': 0}, 'close': {'day': 6, 'hour': 23, 'minute': 0}}]","['Monday: 7:00\u202fAM\u2009–\u200911:00\u202fPM', 'Tuesday: 7:00\u202fAM\u2009–\u200911:00\u202fPM', 'Wednesday: 7:00\u202fAM\u2009–\u200911:00\u202fPM', 'Thursday: 7:00\u202fAM\u2009–\u200911:00\u202fPM', 'Friday: 7:00\u202fAM\u2009–\u200911:00\u202fPM', 'Saturday: 7:00\u202fAM\u2009–\u200911:00\u202fPM', 'Sunday: 7:00\u202fAM\u2009–\u200911:00\u202fPM']",Highlands Coffee Lancaster Luminaire Hà Nội,vi,PRICE_LEVEL_MODERATE
138,ChIJ31GHu4SsNTERu6RNdjIiMII,"['general_contractor', 'point_of_interest', 'establishment']","45, Đường Láng, Phường Ngã Tư Sở, Quận Đống Đa, Thành Phố Hà Nội, Thượng Đình, Thanh Xuân, Hà Nội, Vietnam",,,,,,Công Ty TNHH Phát Triển Thương Mại & Dịch Vụ Nhật Minh,vi,
