,place_id,name,business_status,formatted_address,price_level,rating,types
0,ChIJe_zcvicvdTERSGbNONHtAuQ,Cơm Việt Nam,OPERATIONAL,"11 Đ. Cách Mạng Tháng 8, Phường 12, Quận 10, Thành phố Hồ Chí Minh, Vietnam",,4.0,"['restaurant', 'point_of_interest', 'food', 'establishment']"
1,ChIJacTy9dYudTERKxqTh09ADuc,Cá Vàng Mon - Ranchu Mon,OPERATIONAL,"372/23C Đ. Cách Mạng Tháng 8, Phường 10, Quận 3, Thành phố Hồ Chí Minh, Vietnam",,4.6,"['pet_store', 'point_of_interest', 'store', 'establishment']"
2,ChIJN6EiZ7QvdTERylk_MNiBq30,Cá Tháng Tư,OPERATIONAL,"441 Đ. Cách Mạng Tháng 8, Phường 13, Quận 10, Thành phố Hồ Chí Minh, Vietnam",,5.0,"['cafe', 'point_of_interest', 'store', 'food', 'establishment']"
3,ChIJl04GSzgvdTERmM7RgC8diXI,Bún chả cá sứa Nha Trang Thảo Hà,OPERATIONAL,"455 Đ. Cách Mạng Tháng 8, Phường 13, Quận 10, Thành phố Hồ Chí Minh 70000, Vietnam",,4.1,"['restaurant', 'point_of_interest', 'food', 'establishment']"
4,ChIJtTig2OQvdTERsaeKQh334H8,Sinh Tố KNA,OPERATIONAL,"390/4/6 Đ. Cách Mạng Tháng 8, Phường 10, Quận 3, Thành phố Hồ Chí Minh, Vietnam",,4.6,"['cafe', 'point_of_interest', 'food', 'establishment']"
5,ChIJM6ftm7kvdTERZrgtM81B4dk,Đô Đô Quán,OPERATIONAL,"42/4 Đ. Cách Mạng Tháng 8, Phường 13, Quận 10, Thành phố Hồ Chí Minh, Vietnam",,5.0,"['restaurant', 'point_of_interest', 'food', 'establishment']"
6,ChIJJ4UwzSUvdTERqPlFF83E6UA,Cà-rem,OPERATIONAL,"191 Đ. Cách Mạng Tháng 8, Phường 4, Quận 3, Thành phố Hồ Chí Minh 700000, Vietnam",2.0,4.3,"['point_of_interest', 'store', 'food', 'establishment']"
7,ChIJ0ZsSASgvdTERLruS2J-nDk0,Vove Indian Groceries Store,OPERATIONAL,"571/3H Đ. Cách Mạng Tháng 8, Phường 15, Quận 10, Thành phố Hồ Chí Minh 700000, Vietnam",,4.8,"['grocery_or_supermarket', 'point_of_interest', 'store', 'food', 'establishment']"
9,ChIJt0tfsBEvdTER2mnkQ9d1alg,Ốc Lạ CMT8,OPERATIONAL,"Hẻm 283/10, Đ. Cách Mạng Tháng 8, Phường 12, Quận 10, Thành phố Hồ Chí Minh, Vietnam",,4.2,"['restaurant', 'food', 'point_of_interest', 'establishment']"
10,ChIJhy-7amIvdTERa7niojFVuyU,Hao Mon Quan Restaurant,OPERATIONAL,"281 Đ. Cách Mạng Tháng 8, Phường 12, Quận 10, Thành phố Hồ Chí Minh, Vietnam",,4.0,"['restaurant', 'food', 'point_of_interest', 'establishment']"
11,ChIJ98k-SyQvdTERDU8T9bdMkpo,Nhà hàng Biển Dương 6 - Cách Mạng Tháng Tám,OPERATIONAL,"205 Đ. Cách Mạng Tháng 8, Phường 4, Quận 3, Thành phố Hồ Chí Minh, Vietnam",3.0,4.1,"['restaurant', 'food', 'point_of_interest', 'establishment']"
12,ChIJk7fzZSgvdTER833RJ7BD5Ok,SeaShell Mrs. Hồng,OPERATIONAL,"210/15 Đ. Cách Mạng Tháng 8, Phường 10, Quận 3, Thành phố Hồ Chí Minh, Vietnam",2.0,4.4,"['restaurant', 'food', 'point_of_interest', 'establishment']"
13,ChIJq3PvIIcvdTERuDnUmvKGLNo,"Hủ Tiếu cá Thẩm Yên, cơm chiều",OPERATIONAL,"599 Đ. Cách Mạng Tháng 8, Phường 15, Quận 10, Thành phố Hồ Chí Minh, Vietnam",,4.0,"['restaurant', 'food', 'point_of_interest', 'establishment']"
14,ChIJ732_t9YudTERUCTvB0mLcNQ,Quán Nha Trang Ngon,OPERATIONAL,"430/32A Đ. Cách Mạng Tháng 8, Phường 10, Quận 3, Thành phố Hồ Chí Minh, Vietnam",,4.0,"['restaurant', 'food', 'point_of_interest', 'establishment']"
16,ChIJK-bKLNUvdTERFcn2u35FudM,Vi cá Ông Đức,OPERATIONAL,"436/29 Đ. Cách Mạng Tháng 8, Phường 11, Quận 3, Thành phố Hồ Chí Minh 700000, Vietnam",,5.0,"['restaurant', 'food', 'point_of_interest', 'establishment']"
21,ChIJW0cdBcQvdTER8-oMJwT0FuU,FIT CENTER,OPERATIONAL,"475C Đ. Cách Mạng Tháng 8, Phường 13, Quận 10, Thành phố Hồ Chí Minh 740200, Vietnam",,4.6,"['gym', 'health', 'point_of_interest', 'establishment']"
42,ChIJ9YE09dEudTERNEcX1eDdajY,White Rabbit Amusement Park,OPERATIONAL,"875 Đ. Cách Mạng Tháng 8, Phường 15, Quận 10, Thành phố Hồ Chí Minh, Vietnam",,4.3,"['tourist_attraction', 'amusement_park', 'park', 'point_of_interest', 'establishment']"
49,ChIJmxddNssudTER2KgnowvIsXE,B's Mart - Cửa hàng 10,OPERATIONAL,"406C Đ. Cách Mạng Tháng 8, Phường 4, Tân Bình, Thành phố Hồ Chí Minh, Vietnam",,3.5,"['convenience_store', 'store', 'food', 'point_of_interest', 'establishment']"
50,ChIJoccfPyYvdTERaGaHzcJJasU,Thien Nam Hoa Electronics - District 10,OPERATIONAL,"277B Đ. Cách Mạng Tháng 8, Phường 12, Quận 10, Thành phố Hồ Chí Minh, Vietnam",,3.8,"['electronics_store', 'store', 'point_of_interest', 'establishment']"
52,ChIJ-bSHQcsudTERqn5iWBupcTY,Công Ty Cổ Phần Giải Pháp Bao Bì Giấy Đất Phương Nam,OPERATIONAL,"981 Đ. Cách Mạng Tháng 8, Phường 7, Tân Bình, Thành phố Hồ Chí Minh, Vietnam",,0.0,"['transit_station', 'point_of_interest', 'establishment']"
57,ChIJfZdXndEudTERr1t6vCLNFUU,Aussie Meat Restaurants,OPERATIONAL,"595/29A3 Đ. Cách Mạng Tháng 8, Phường 15, Quận 10, Thành phố Hồ Chí Minh, Vietnam",,4.3,"['restaurant', 'point_of_interest', 'food', 'establishment']"
58,ChIJfyv1TTsvdTERqTrgixD32_0,Bún Bò Xưa,OPERATIONAL,"48 Đ. Cách Mạng Tháng 8, Phường 6, Quận 3, Thành phố Hồ Chí Minh, Vietnam",2.0,3.8,"['restaurant', 'point_of_interest', 'food', 'establishment']"
60,ChIJL9PThecvdTERM83qk-daalM,Home Mì,OPERATIONAL,"65A Đ. Cách Mạng Tháng 8, Phường Phạm Ngũ Lão, Quận 1, Thành phố Hồ Chí Minh, Vietnam",,4.4,"['restaurant', 'point_of_interest', 'food', 'establishment']"
61,ChIJowgcl80udTERK3NHyZQ77rU,Pizza Hut CMTT,OPERATIONAL,"731 Đ. Cách Mạng Tháng 8, Phường 6, Tân Bình, Thành phố Hồ Chí Minh 700000, Vietnam",2.0,4.1,"['restaurant', 'point_of_interest', 'food', 'establishment']"
62,ChIJQ_rJ1ycvdTERuLvgQ-ENQnY,Lananh Beer Restaurant,OPERATIONAL,"291 Đ. Cách Mạng Tháng 8, Phường 12, Quận 10, Thành phố Hồ Chí Minh 70000, Vietnam",,4.1,"['restaurant', 'point_of_interest', 'food', 'establishment']"
64,ChIJmZRjJpgvdTERmX0K91ZzwXI,The Street,OPERATIONAL,"181C Đ. Cách Mạng Tháng 8, Phường 5, Quận 3, Thành phố Hồ Chí Minh 70000, Vietnam",,4.1,"['restaurant', 'point_of_interest', 'food', 'establishment']"
66,ChIJ6THERxMpdTERMyjYxkW8An4,X85 Beer Garden,OPERATIONAL,"85 Đ. Cách Mạng Tháng 8, Phường Phạm Ngũ Lão, Quận 1, Thành phố Hồ Chí Minh, Vietnam",,4.0,"['restaurant', 'point_of_interest', 'food', 'establishment']"
67,ChIJuUtfsCspdTER6YIEIWDCutg,Mì Ý Nhà Pasta- Spaghetti,OPERATIONAL,"1054 Đ. Cách Mạng Tháng 8, Phường 4, Tân Bình, Thành phố Hồ Chí Minh, Vietnam",,4.5,"['restaurant', 'point_of_interest', 'food', 'establishment']"
68,ChIJtYmYtNYudTERpKog1HryiJo,Lẩu Chay Thiên Ân Phát,OPERATIONAL,"436/15 Đ. Cách Mạng Tháng 8, Phường 10, Quận 3, Thành phố Hồ Chí Minh, Vietnam",,4.0,"['restaurant', 'point_of_interest', 'food', 'establishment']"
69,ChIJ56gQ654vdTERh9Z-oIC7YRs,Cô Râu Quán (Cô Gái Có Râu),OPERATIONAL,"974 Đ. Cách Mạng Tháng 8, Phường 5, Tân Bình, Thành phố Hồ Chí Minh, Vietnam",,2.4,"['restaurant', 'point_of_interest', 'food', 'establishment']"
70,ChIJ__97FjwvdTERCjU3K58RjB0,Sky Garden,OPERATIONAL,"12D Đ. Cách Mạng Tháng 8, Phường Bến Thành, Quận 1, Thành phố Hồ Chí Minh 700000, Vietnam",,3.8,"['bar', 'restaurant', 'food', 'point_of_interest', 'establishment']"
72,ChIJL0C0lMcvdTERudKJuZHBqts,Little Viet,OPERATIONAL,"85 Đ. Cách Mạng Tháng 8, Phường Phạm Ngũ Lão, Quận 1, Thành phố Hồ Chí Minh, Vietnam",,4.1,"['restaurant', 'food', 'point_of_interest', 'establishment']"
73,ChIJSyPbY4gvdTERr9SVDcnqzxk,Lẩu Bò Sài Gòn,OPERATIONAL,"638 Đ. Cách Mạng Tháng 8, Phường 11, Quận 3, Thành phố Hồ Chí Minh 70000, Vietnam",,4.2,"['restaurant', 'food', 'point_of_interest', 'establishment']"
74,ChIJ4eiWUdIudTERKHMne1sGgak,Lẩu Bò Thiên Kim quận 3,OPERATIONAL,"590/F1(552-588) lô F, Đ. Cách Mạng Tháng 8, Phường 11, Quận 3, Thành phố Hồ Chí Minh 700000, Vietnam",1.0,4.2,"['restaurant', 'food', 'point_of_interest', 'establishment']"
75,ChIJg9kSHH0vdTERFJcVXnzvmYU,KIMBAP & JEONG BBQ,OPERATIONAL,"691 Đ. Cách Mạng Tháng 8, Phường 6, Tân Bình, Thành phố Hồ Chí Minh, Vietnam",2.0,4.4,"['restaurant', 'food', 'point_of_interest', 'establishment']"
76,ChIJp-N7G0UvdTERtmjWejuKMPI,Cơm cháy chà bông Ba Tuấn,OPERATIONAL,"132B Đ. Cách Mạng Tháng 8, Phường 8, Quận 3, Thành phố Hồ Chí Minh, Vietnam",,4.8,"['restaurant', 'food', 'point_of_interest', 'establishment']"
77,ChIJSRsQbJwvdTERumWB3PqsjAE,Phở 575,OPERATIONAL,"15 Đ. Cách Mạng Tháng 8, Phường 15, Quận 10, Thành phố Hồ Chí Minh, Vietnam",,4.3,"['restaurant', 'food', 'point_of_interest', 'establishment']"
78,ChIJpx69d38vdTERrCzI3MtMpCw,Lẩu Bò Cô Liên,OPERATIONAL,"656/112, Đ. Cách Mạng Tháng 8, Phường 11, Quận 3, Thành phố Hồ Chí Minh 700000, Vietnam",,4.4,"['restaurant', 'food', 'point_of_interest', 'establishment']"
79,ChIJp1uX7psvdTERI6RcefaAqBM,Nhân Quán,OPERATIONAL,"122D Đ. Cách Mạng Tháng 8, Võ Thị Sáu, Quận 3, Thành phố Hồ Chí Minh 700000, Vietnam",3.0,4.2,"['restaurant', 'food', 'point_of_interest', 'establishment']"
80,ChIJpQE-1jsvdTERtmA63KWhpRo,Lẩu Bò Nồi Đất Cô Sáu,OPERATIONAL,"616 Đ. Cách Mạng Tháng 8, Phường 11, Quận 10, Thành phố Hồ Chí Minh, Vietnam",,3.7,"['restaurant', 'food', 'point_of_interest', 'establishment']"
81,ChIJL3DTyQQvdTERyAaI7HLpo1U,Nhào Zo Quán,OPERATIONAL,"24 Đ. Cách Mạng Tháng 8, Phường 5, Quận 10, Thành phố Hồ Chí Minh, Vietnam",,0.0,"['restaurant', 'food', 'point_of_interest', 'establishment']"
82,ChIJxaVHU9IvdTER9u1miwiv5Mg,Bún thịt nướng sài gòn,OPERATIONAL,"463B/47B Đ. Cách Mạng Tháng 8, Phường 13, Quận 10, Thành phố Hồ Chí Minh, Vietnam",,1.5,"['restaurant', 'food', 'point_of_interest', 'establishment']"
83,ChIJyQcJKwcvdTERjfjiIJBaIxs,Bò Nướng Khói - CN Tân Bình,OPERATIONAL,"890 Đ. Cách Mạng Tháng 8, Phường 5, Tân Bình, Thành phố Hồ Chí Minh, Vietnam",,4.5,"['restaurant', 'point_of_interest', 'food', 'establishment']"
84,ChIJ0XyVMLgvdTERMKVFeFBDIdI,Cháo ếch Cách Mạng Tháng 8,OPERATIONAL,"206c Đ. Cách Mạng Tháng 8, Phường 10, Quận 3, Thành phố Hồ Chí Minh, Vietnam",,4.2,"['restaurant', 'point_of_interest', 'food', 'establishment']"
85,ChIJI4cMpE8vdTER1jlw5diZ3DM,The Noon,OPERATIONAL,"277B Đ. Cách Mạng Tháng 8, Phường 12, Quận 10, Thành phố Hồ Chí Minh, Vietnam",,4.8,"['restaurant', 'point_of_interest', 'food', 'establishment']"
86,ChIJLaQo_tYudTERknQwferOxZU,Bò Né 3 Ngon,OPERATIONAL,"283/2 Đ. Cách Mạng Tháng 8, Phường 12, Quận 10, Thành phố Hồ Chí Minh, Vietnam",,4.2,"['restaurant', 'point_of_interest', 'food', 'establishment']"
87,ChIJK6AY_xgvdTERk9u2Kr1LQrA,Lẩu bò Bốn Mùa,OPERATIONAL,"594 Đ. Cách Mạng Tháng 8, Phường 11, Quận 3, Thành phố Hồ Chí Minh, Vietnam",,4.1,"['restaurant', 'point_of_interest', 'food', 'establishment']"
88,ChIJVSaLuyQvdTERxb1ikGd1hww,Phở Kim,OPERATIONAL,"181 Đ. Cách Mạng Tháng 8, Phường 5, Quận 3, Thành phố Hồ Chí Minh, Vietnam",2.0,4.2,"['restaurant', 'point_of_interest', 'food', 'establishment']"
89,ChIJ_VmKKNIudTERe-Dj3n3aJN8,Glorious Wedding Restaurant,OPERATIONAL,"546-548 Đ. Cách Mạng Tháng 8, Phường 11, Quận 3, Thành phố Hồ Chí Minh 72411, Vietnam",,3.6,"['restaurant', 'point_of_interest', 'food', 'establishment']"
90,ChIJ_a9gAQgvdTERiFrZ8RFoH4M,Tiệm nướng nọ tân bình,OPERATIONAL,"728 Đ. Cách Mạng Tháng 8, Phường 5, Tân Bình, Thành phố Hồ Chí Minh 700000, Vietnam",2.0,5.0,"['restaurant', 'point_of_interest', 'food', 'establishment']"
92,ChIJwdHJRzgvdTERi29N8fcqBdc,BÚN BÒ HUẾ HỒNG NGỌC,OPERATIONAL,"210/12 Đ. Cách Mạng Tháng 8, Phường 10, Quận 3, Thành phố Hồ Chí Minh, Vietnam",2.0,4.3,"['restaurant', 'point_of_interest', 'food', 'establishment']"
93,ChIJidCmrmkpdTERy5bsjIjW1Xk,Mì Trộn Tùm Lum - Ăn Vặt Chill,OPERATIONAL,"1196 Đ. Cách Mạng Tháng 8, P.4, Tân Bình, Thành phố Hồ Chí Minh 700000, Vietnam",,3.1,"['restaurant', 'point_of_interest', 'food', 'establishment']"
94,ChIJe5Xu6McvdTER5j5PvsDqUFA,BUFFET CHAY RANG DONG,OPERATIONAL,"83 Đ. Cách Mạng Tháng 8, Phường Phạm Ngũ Lão, Quận 1, Thành phố Hồ Chí Minh 700000, Vietnam",,3.9,"['restaurant', 'point_of_interest', 'food', 'establishment']"
95,ChIJ12gq2BYvdTERH54SzZ_-Kw4,"Quán Cơm Gà, Mẹt, Gỏi - Gà Ta Ngon Số 1 - Chi Nhánh 398 Cách Mạng Tháng 8, Quận.3",OPERATIONAL,"392 Đ. Cách Mạng Tháng 8, Phường 10, Quận 3, Thành phố Hồ Chí Minh, Vietnam",,4.7,"['restaurant', 'point_of_interest', 'food', 'establishment']"
96,ChIJZWOyXzsvdTER3yUJM4csyx0,Bít Tết Lục Nguyên,OPERATIONAL,"127 Đ. Cách Mạng Tháng 8, Phường 5, Quận 3, Thành phố Hồ Chí Minh, Vietnam",2.0,4.0,"['restaurant', 'point_of_interest', 'food', 'establishment']"
97,ChIJXbGHY9IudTER-xbiSBi-DBY,Cửa Hàng Tạp Hóa Anh Sang,OPERATIONAL,"656 Đ. Cách Mạng Tháng 8, Phường 11, Quận 3, Thành phố Hồ Chí Minh 70000, Vietnam",,0.0,"['department_store', 'point_of_interest', 'store', 'establishment']"
98,ChIJobXyXxAvdTERxXYY17AzMP4,Cửa hàng bách hóa hiện đại Coopsmile,OPERATIONAL,"58 Đ. Cách Mạng Tháng 8, Phường 6, Quận 3, Thành phố Hồ Chí Minh, Vietnam",,0.0,"['grocery_or_supermarket', 'point_of_interest', 'store', 'food', 'establishment']"
110,ChIJ-wsZEdIudTERPTRlYADsyJ4,Le Thi Rieng Swimming Pool,OPERATIONAL,"875 Đ. Cách Mạng Tháng 8, Phường 15, Quận 10, Thành phố Hồ Chí Minh, Vietnam",,3.9,"['point_of_interest', 'establishment']"
112,ChIJj4zVdSYvdTER2-3MEhDxqv4,Trung Tâm Văn Hóa-Thể Thao Quận 3,OPERATIONAL,"126 Đ. Cách Mạng Tháng 8, Võ Thị Sáu, Quận 3, Thành phố Hồ Chí Minh, Vietnam",,4.2,"['point_of_interest', 'establishment']"
114,ChIJYwsYBtIudTERCWZYNjS8Lpo,Nhan Van Bookstore,OPERATIONAL,"875 Đ. Cách Mạng Tháng 8, Cư xá Bắc Hải, Quận 10, Thành phố Hồ Chí Minh 700000, Vietnam",,4.2,"['book_store', 'supermarket', 'grocery_or_supermarket', 'food', 'point_of_interest', 'store', 'establishment']"
115,ChIJ3_io66MvdTERjrt36-K0phg,Trên Tầng Thượng,OPERATIONAL,"540/19 Đ. Cách Mạng Tháng 8, P.11, Quận 3, Thành phố Hồ Chí Minh 70000, Vietnam",,4.1,"['cafe', 'bar', 'restaurant', 'food', 'point_of_interest', 'store', 'establishment']"
116,ChIJv32dks0udTERF9Pi3AXNAAA,Bưu điện Chí Hoà,OPERATIONAL,"695 Đ. Cách Mạng Tháng 8, Phường 6, Quận 3, Thành phố Hồ Chí Minh, Vietnam",,3.4,"['post_office', 'finance', 'point_of_interest', 'establishment']"
118,ChIJ7dERtSUvdTERbxMvTbnSdeg,Starbucks CMT8,OPERATIONAL,"241Bis Đ. Cách Mạng Tháng 8, Phường 4, Quận 3, Thành phố Hồ Chí Minh 700000, Vietnam",3.0,4.3,"['cafe', 'food', 'point_of_interest', 'store', 'establishment']"
119,ChIJE3no9lMvdTERYg9nCKx_-dI,Highlands Coffee 601 CMT8,OPERATIONAL,"601 Đ. Cách Mạng Tháng 8, Phường 15, Quận 10, Thành phố Hồ Chí Minh, Vietnam",2.0,4.3,"['cafe', 'food', 'point_of_interest', 'store', 'establishment']"
120,ChIJfxihCYIvdTERyMuk8tIkmKY,Thuê Xe Máy Sài Gòn,OPERATIONAL,"531bis Đ. Cách Mạng Tháng 8, Phường 13, Quận 10, Thành phố Hồ Chí Minh, Vietnam",,0.0,"['point_of_interest', 'establishment']"
124,ChIJIa6Gkc0udTERqT1iUSrq6sM,Tân Bình Process Server,OPERATIONAL,"717 Đ. Cách Mạng Tháng 8, Phường 6, Tân Bình, Thành phố Hồ Chí Minh, Vietnam",,5.0,"['lawyer', 'point_of_interest', 'establishment']"
134,ChIJ-7N3e9EudTERfOjpOpH0ldw,Hoa Hung Evangelical Church,OPERATIONAL,"625d Đ. Cách Mạng Tháng 8, Phường 15, Quận 10, Thành phố Hồ Chí Minh, Vietnam",,4.7,"['church', 'place_of_worship', 'point_of_interest', 'establishment']"
136,ChIJi-tqgtIudTERDRyqwwAlggA,An Lac Church,OPERATIONAL,"15/2 Đ. Cách Mạng Tháng 8, Phường 5, Tân Bình, Thành phố Hồ Chí Minh, Vietnam",,4.6,"['church', 'place_of_worship', 'point_of_interest', 'establishment']"
139,ChIJU6dzrtYudTERqnTBcLJeJXM,Chi Nhánh Công Ty Cổ Phần Vận Tải Đường Sắt Sài Gòn Xí Nghiệp Toa Xe Sài Gòn,OPERATIONAL,"45 Đ. Cách Mạng Tháng 8, Phường 11, Quận 3, Thành phố Hồ Chí Minh, Vietnam",,5.0,"['bus_station', 'transit_station', 'point_of_interest', 'establishment']"
147,ChIJuagr2iUvdTER6-3BhHh8D3o,Công Trường Dân Chủ - 126 Cách Mạng Tháng Tám,OPERATIONAL,"CMT8, Võ Thị Sáu, Quận 3, Thành phố Hồ Chí Minh, Vietnam",,4.2,"['bus_station', 'transit_station', 'point_of_interest', 'establishment']"
148,ChIJ30kUbCgvdTERNemkuhb2rSU,Công Ty TNHH Một Thành Viên Vận Tải Nerium International,OPERATIONAL,"210/5, Đường Cách Mạng Tháng 8, Phường 10, Quận 3, Thành phố Hồ Chí Minh, Vietnam",,3.0,"['transit_station', 'point_of_interest', 'establishment']"
168,ChIJRxiDbh8vdTERzm1-XF3iJZA,Cơm Cháy Chà Bông CHẤT,OPERATIONAL,"375 Đ. Cách Mạng Tháng 8, Phường 13, Quận 10, Thành phố Hồ Chí Minh, Vietnam",,4.6,"['grocery_or_supermarket', 'food', 'point_of_interest', 'store', 'establishment']"
169,ChIJb3kvedEudTERDK9yZBUDUs0,Hoàng Hà mobile - CMT8 HCM,OPERATIONAL,"621D Đ. Cách Mạng Tháng 8, Phường 15, Quận 10, Thành phố Hồ Chí Minh, Vietnam",,4.2,"['point_of_interest', 'store', 'establishment']"
172,ChIJj0jvovEvdTERJ2YN0bhWHhQ,Gorishop CMT8,OPERATIONAL,"22 Đ. Cách Mạng Tháng 8, Phường 15, Quận 10, Thành phố Hồ Chí Minh 700000, Vietnam",,4.2,"['clothing_store', 'point_of_interest', 'store', 'establishment']"
173,ChIJ6bUIi80udTERvLABxluV_8o,ĐÔNG HẢI,OPERATIONAL,"737 Đ. Cách Mạng Tháng 8, Phường 6, Tân Bình, Thành phố Hồ Chí Minh 70000, Vietnam",,5.0,"['shoe_store', 'point_of_interest', 'store', 'establishment']"
174,ChIJ5QvI87ovdTER05qXS8w5B3A,LADO,OPERATIONAL,"446 Đ. Cách Mạng Tháng 8, Phường 11, Quận 3, Thành phố Hồ Chí Minh 700000, Vietnam",,5.0,"['clothing_store', 'point_of_interest', 'store', 'establishment']"
175,ChIJ_3l1dR8vdTERU8m7v1f7ELU,Vitamin House,OPERATIONAL,"563 Đ. Cách Mạng Tháng 8, Phường 15, Quận 10, Thành phố Hồ Chí Minh, Vietnam",,3.9,"['liquor_store', 'food', 'point_of_interest', 'store', 'establishment']"
176,ChIJ2wnK5dcudTERXN50an6FoEQ,Mi Shop,OPERATIONAL,"401 Đ. Cách Mạng Tháng 8, Phường 13, Quận 10, Thành phố Hồ Chí Minh, Vietnam",,4.0,"['point_of_interest', 'store', 'establishment']"
177,ChIJd8IvGNIudTERHlaV9uF1NNE,Siêu Thị Điện Máy Nội Thất Chợ Lớn,OPERATIONAL,"590 Đ. Cách Mạng Tháng 8, Phường 11, Quận 3, Thành phố Hồ Chí Minh, Vietnam",,4.1,"['electronics_store', 'point_of_interest', 'store', 'establishment']"
178,ChIJhZE8ftEudTERzn-0fcn3Nx4,HACOM QUẬN 3 HỒ CHÍ MINH,OPERATIONAL,"478 Đ. Cách Mạng Tháng 8, Phường 11, Quận 3, Thành phố Hồ Chí Minh, Vietnam",,3.6,"['electronics_store', 'point_of_interest', 'store', 'establishment']"
179,ChIJ43j2DNIudTERodN6miP5OLk,SKECHERS – Cách Mạng Tháng 8,OPERATIONAL,"648 Đ. Cách Mạng Tháng 8, Phường 11, Quận 3, Thành phố Hồ Chí Minh 700000, Vietnam",,4.6,"['shoe_store', 'point_of_interest', 'store', 'establishment']"
180,ChIJdWnslY0vdTERu01cpnXNG-E,Shop Small.G,OPERATIONAL,"Hẻm, 19 Đ. Cách Mạng Tháng 8, Phường 11, Quận 3, Thành phố Hồ Chí Minh 700925, Vietnam",,4.1,"['clothing_store', 'point_of_interest', 'store', 'establishment']"
181,ChIJLSmgXMsudTERnOqdQP5E8gE,"MIA.vn CMT8 - Siêu thị vali kéo du lịch, Balo, túi xách, phụ kiện",OPERATIONAL,"631 Đ. Cách Mạng Tháng 8, Phường 15, Quận 10, Thành phố Hồ Chí Minh 700000, Vietnam",,4.8,"['point_of_interest', 'store', 'establishment']"
182,ChIJzyFg99EvdTER1BKpIAkUQvA,Mô Hình Tĩnh Việt Nam,OPERATIONAL,"609 Đ. Cách Mạng Tháng 8, Phường 15, Quận 10, Thành phố Hồ Chí Minh, Vietnam",,5.0,"['point_of_interest', 'store', 'establishment']"
183,ChIJMaEm13YvdTERSpRkqOUH2tY,Gomhang,OPERATIONAL,"704 Đ. Cách Mạng Tháng 8, Phường 5, Tân Bình, Thành phố Hồ Chí Minh, Vietnam",,3.9,"['point_of_interest', 'health', 'establishment']"
187,ChIJV8L5bAEvdTERVMewRPFLxXg,Cơm Tấm 390,OPERATIONAL,"392 Đ. Cách Mạng Tháng 8, Phường 15, Quận 10, Thành phố Hồ Chí Minh, Vietnam",,3.0,"['restaurant', 'point_of_interest', 'food', 'establishment']"
189,ChIJJ0rYANcudTEReoCfL9RPEVo,Địa Chỉ,OPERATIONAL,"495A Đ. Cách Mạng Tháng 8, Phường 13, Quận 10, Thành phố Hồ Chí Minh, Vietnam",,0.0,"['store', 'point_of_interest', 'establishment']"
190,ChIJaZs21-0pdTERnGHIoL-5nyw,Cách Mạng Tháng 8,OPERATIONAL,"318 Cách Mạng Tháng 8, Phường 13, Tân Bình, Thành phố Hồ Chí Minh, Vietnam",,4.8,"['store', 'point_of_interest', 'establishment']"
191,ChIJX9y-RMUvdTERfKoAyDl0hdw,Ăn Vặt Su Xoắn,OPERATIONAL,"285/15 Đ. Cách Mạng Tháng 8, Phường 12, Quận 10, Thành phố Hồ Chí Minh 700000, Vietnam",,4.4,"['restaurant', 'point_of_interest', 'food', 'establishment']"
192,ChIJq6rBwdEudTER_W8bn3AWiEQ,Chucha Shoes,OPERATIONAL,"601/8 Đ. Cách Mạng Tháng 8, Phường 15, Quận 10, Thành phố Hồ Chí Minh, Vietnam",,4.0,"['shoe_store', 'store', 'point_of_interest', 'establishment']"
194,ChIJSapW2tYudTERKGdCtiggJuk,Súp Cua Yến Nhi,OPERATIONAL,"539A Đ. Cách Mạng Tháng 8, Phường 15, Quận 10, Thành phố Hồ Chí Minh, Vietnam",,4.1,"['restaurant', 'point_of_interest', 'food', 'establishment']"
195,ChIJo_TA-1UvdTERqZ4yufKyHBs,Masara Store CMT8 - MASARA.VN,OPERATIONAL,"206A Đ. Cách Mạng Tháng 8, Phường 10, Quận 3, Thành phố Hồ Chí Minh 70000, Vietnam",,4.1,"['clothing_store', 'store', 'point_of_interest', 'establishment']"
199,ChIJoVGRzzovdTER_seYV2tswRk,Kênh Mobile,OPERATIONAL,"372/1 Đ. Cách Mạng Tháng 8, Phường 10, Quận 3, Thành phố Hồ Chí Minh, Vietnam",,4.6,"['store', 'point_of_interest', 'establishment']"
201,ChIJ21lnYzEvdTERmy9r46fLZjA,Catsa Cách Mạng Tháng 8,OPERATIONAL,"442 Đ. Cách Mạng Tháng 8, Phường 11, Quận 3, Thành phố Hồ Chí Minh 700000, Vietnam",,4.5,"['clothing_store', 'store', 'point_of_interest', 'establishment']"
202,ChIJI_gRWWovdTERFFBGav7mOc0,"WWW.THEBASIC.VN - 788 CMT8, F.5 TÂN BÌNH",OPERATIONAL,"788 Đ. Cách Mạng Tháng 8, Phường 5, Tân Bình, Thành phố Hồ Chí Minh 700000, Vietnam",,3.9,"['shoe_store', 'store', 'point_of_interest', 'establishment']"
203,ChIJubJBThQvdTERpBz0rvgtBtI,Siêu Thị Pangoo Mart,OPERATIONAL,"406 Đ. Cách Mạng Tháng 8, Phường 11, Quận 3, Thành phố Hồ Chí Minh 70000, Vietnam",,5.0,"['store', 'point_of_interest', 'establishment']"
205,ChIJ10OMZvsvdTERO0iVB0T_Fo8,Juno Cách Mạng Tháng 8,OPERATIONAL,"598 600 Đ. Cách Mạng Tháng 8, Phường 11, Quận 3, Thành phố Hồ Chí Minh 72400, Vietnam",,4.4,"['clothing_store', 'store', 'point_of_interest', 'establishment']"
207,ChIJZ4P14NYudTERd71qPubtTpg,Huy Thanh Jewelry,OPERATIONAL,"484 - 486 Đ. Cách Mạng Tháng 8, Phường 11, Quận 03, Thành phố Hồ Chí Minh 700000, Vietnam",,4.8,"['jewelry_store', 'store', 'point_of_interest', 'establishment']"
208,ChIJ-3J6DQkvdTERLV036X2r8Hk,Cửa Hàng Sữa Xanh,OPERATIONAL,"601/6 Đ. Cách Mạng Tháng 8, Phường 15, Quận 10, Thành phố Hồ Chí Minh, Vietnam",,4.2,"['store', 'health', 'food', 'point_of_interest', 'establishment']"
209,ChIJ5_0c0wgvdTERKJH620m8WiE,Mì xào giòn Cô Thủy,OPERATIONAL,"527 Đ. Cách Mạng Tháng 8, Phường 13, Quận 10, Thành phố Hồ Chí Minh, Vietnam",,3.9,"['restaurant', 'food', 'point_of_interest', 'establishment']"
211,ChIJ-eC7sdcudTER9298ge_5B-4,Xám Store,OPERATIONAL,"354 Đ. Cách Mạng Tháng 8, Phường 10, Quận 3, Thành phố Hồ Chí Minh, Vietnam",,4.6,"['clothing_store', 'store', 'point_of_interest', 'establishment']"
212,ChIJ7bVecygvdTERkvoKwsITzi0,Guardian,OPERATIONAL,"226 Đ. Cách Mạng Tháng 8, Phường 10, Quận 3, Thành phố Hồ Chí Minh, Vietnam",,4.2,"['store', 'point_of_interest', 'establishment']"
213,ChIJF3aiIakvdTERvA0Y4M47pBY,Ghế massage Toshiko,OPERATIONAL,"577 Đ. Cách Mạng Tháng 8, P.15, Quận 10, Thành phố Hồ Chí Minh 700000, Vietnam",,4.2,"['store', 'point_of_interest', 'establishment']"
214,ChIJG7zx1NondTER08KHphCP-8k,Tôm Hùm Alaska - Kingcrab MrD,OPERATIONAL,"363 Đ. Cách Mạng Tháng 8, Phường 13, Quận 3, Thành phố Hồ Chí Minh 70000, Vietnam",,4.4,"['grocery_or_supermarket', 'store', 'health', 'restaurant', 'food', 'point_of_interest', 'establishment']"
215,ChIJAXnJD2ovdTERaGxbLNrhJRw,DR99S - Dr. Martens Authentic,OPERATIONAL,"344/2B Đ. Cách Mạng Tháng 8, Phường 10, Quận 3, Thành phố Hồ Chí Minh 700000, Vietnam",,5.0,"['shoe_store', 'store', 'point_of_interest', 'establishment']"
216,ChIJ_e9NKdIudTER4EM__gh9LXk,Supermarket electronics Green - District 3,OPERATIONAL,"542 Đ. Cách Mạng Tháng 8, Phường 11, Quận 3, Thành phố Hồ Chí Minh 70000, Vietnam",,4.4,"['electronics_store', 'home_goods_store', 'store', 'point_of_interest', 'establishment']"
218,ChIJXf3e2KIvdTER-6QxW4K0Lvc,Điện Gia Dụng Thanh Sơn,OPERATIONAL,"831 Đ. Cách Mạng Tháng 8, Phường 7, Tân Bình, Thành phố Hồ Chí Minh, Vietnam",,5.0,"['electronics_store', 'store', 'point_of_interest', 'establishment']"
219,ChIJF1JznjwvdTERLp-xCS5OjT8,Cửa hàng trải nghiệm Samsung 91B Cách Mạng Tháng 8,OPERATIONAL,"91B Đ. Cách Mạng Tháng 8, Phường Phạm Ngũ Lão, Quận 1, Thành phố Hồ Chí Minh, Vietnam",,0.0,"['electronics_store', 'store', 'point_of_interest', 'establishment']"
220,ChIJ4yWjyk4vdTERCbtGxRcMJ-Q,Điện Máy Sỉ,OPERATIONAL,"292 Đ. Cách Mạng Tháng 8, Phường 10, Quận 3, Thành phố Hồ Chí Minh 700000, Vietnam",,0.0,"['electronics_store', 'store', 'point_of_interest', 'establishment']"
221,ChIJqSIbc5svdTER7g8x-w-fSf4,Lio BOOM Atus ATVS Miou Thuốc lá điện tử Gía rẻ Shop Vapechinhang,OPERATIONAL,"495 Đ. Cách Mạng Tháng 8, Phường 13, Quận 10, Thành phố Hồ Chí Minh, Vietnam",,4.6,"['store', 'point_of_interest', 'establishment']"
222,ChIJf7iRjbAvdTERzBKAGb_ULRM,HiFuture Việt Nam Official,OPERATIONAL,"232-234 Đ. Cách Mạng Tháng 8, Phường 10, Quận 3, Thành phố Hồ Chí Minh, Vietnam",,5.0,"['electronics_store', 'store', 'point_of_interest', 'establishment']"
223,ChIJZWOyXzsvdTERuZK5Lq3cu7c,Phong Vũ,OPERATIONAL,"125 Đ. Cách Mạng Tháng 8, Phường Phạm Ngũ Lão, Quận 1, Thành phố Hồ Chí Minh, Vietnam",,3.3,"['electronics_store', 'store', 'point_of_interest', 'establishment']"
224,ChIJlRy1O_EvdTERNydKLsZ2pRI,Dyson Sài Gòn,OPERATIONAL,"521/28 Đ. Cách Mạng Tháng 8, Phường 13, Quận 10, Thành phố Hồ Chí Minh, Vietnam",,5.0,"['electronics_store', 'store', 'point_of_interest', 'establishment']"
225,ChIJk1iEHOMvdTERWplQr34xoJU,Shop 689.VN,OPERATIONAL,"199/18 Đ. Cách Mạng Tháng 8, Phường 4, Quận 3, Thành phố Hồ Chí Minh 700000, Vietnam",,4.9,"['point_of_interest', 'establishment']"
227,ChIJGyDg1CcvdTERbPKhpe4bpfY,FPT Shop,OPERATIONAL,"192k Đ. Cách Mạng Tháng 8, Phường 10, Quận 3, Thành phố Hồ Chí Minh, Vietnam",,4.2,"['store', 'point_of_interest', 'establishment']"
229,ChIJa19y7e8odTERSukXqsGGTqo,Cửa Hàng Laptop Phương Doanh - www.muabanlaptopcu.vn,OPERATIONAL,"658/4 Đ. Cách Mạng Tháng 8, Phường 6, Quận 3, Thành phố Hồ Chí Minh, Vietnam",,4.3,"['electronics_store', 'point_of_interest', 'store', 'establishment']"
231,ChIJXfFAmOwvdTERTh7cJdvs2Js,Phương Tín Laptop,OPERATIONAL,"493/17H Đ. Cách Mạng Tháng 8, Phường 13, Quận 10, Thành phố Hồ Chí Minh, Vietnam",,5.0,"['electronics_store', 'point_of_interest', 'store', 'establishment']"
232,ChIJCwafWQovdTER3eUhdSGNFNk,HT Vape Pod CMT8 - Vape HCM Sài Gòn chính hãng.,OPERATIONAL,"899 Đ. Cách Mạng Tháng 8, Phường 7, Tân Bình, Thành phố Hồ Chí Minh 700000, Vietnam",,5.0,"['point_of_interest', 'store', 'establishment']"
233,ChIJ1c1CS18vdTERpnkTrpalX3o,VapePro.vn - VAPEPRO 252 CMT8,OPERATIONAL,"252 Đ. Cách Mạng Tháng 8, Phường 10, Quận 3, Thành phố Hồ Chí Minh 10000, Vietnam",,4.1,"['point_of_interest', 'store', 'establishment']"
234,ChIJjyPKsiQvdTERcCtUP9DG1W4,FPT Shop,OPERATIONAL,"149 Đ. Cách Mạng Tháng 8, Phường 5, Quận 3, Thành phố Hồ Chí Minh, Vietnam",,4.4,"['point_of_interest', 'store', 'establishment']"
235,ChIJDUVwBbcvdTER4Z9n_iJNL8M,Kho Farm49.vn,OPERATIONAL,"269 Đ. Cách Mạng Tháng 8, Phường 15, Quận 11, Thành phố Hồ Chí Minh, Vietnam",,0.0,"['grocery_or_supermarket', 'store', 'food', 'point_of_interest', 'establishment']"
236,ChIJO4lz3hIvdTERIS8WwFJIpzw,Phở - Bò kho - Bún Bò 629,OPERATIONAL,"629/12 Đ. Cách Mạng Tháng 8, Phường 15, Quận 10, Thành phố Hồ Chí Minh, Vietnam",,5.0,"['restaurant', 'food', 'point_of_interest', 'establishment']"
238,ChIJRW6FlbUvdTERcA3GJGOR2us,"Phở Yến , Hủ Tiếu Bò Kho",OPERATIONAL,"Hẻm, 947/36 Đ. Cách Mạng Tháng 8, Phường 7, Tân Bình, Thành phố Hồ Chí Minh, Vietnam",,4.4,"['restaurant', 'food', 'point_of_interest', 'establishment']"
240,ChIJy71HZdEudTERBvNTdt6jt5M,Hủ Tiếu Nam Vang Đạt Thành,OPERATIONAL,"607 Đ. Cách Mạng Tháng 8, Phường 15, Quận 10, Thành phố Hồ Chí Minh, Vietnam",2.0,4.0,"['restaurant', 'food', 'point_of_interest', 'establishment']"
241,ChIJ9QpPSXMvdTER_yx9xU4jT1c,Đồ Da Tâm Anh 1071 CMT8 HCM,OPERATIONAL,"1071 Đ. Cách Mạng Tháng 8, Phường 7, Tân Bình, Thành phố Hồ Chí Minh 70000, Vietnam",,4.4,"['store', 'point_of_interest', 'establishment']"
245,ChIJl0WLsisvdTER-_ZHTUqR5TA,Yến Sào Khánh Hòa Xuất Khẩu Đi Mỹ - Yến Sào Cao Cấp Xuất Khẩu,OPERATIONAL,"719 Đ. Cách Mạng Tháng 8, Phường 6, Tân Bình, Thành phố Hồ Chí Minh 700000, Vietnam",,5.0,"['store', 'point_of_interest', 'establishment']"
247,ChIJATCtYN8udTERC-wSFJ3_VMM,Hachi Hachi CMT8,OPERATIONAL,"81 Đ. Cách Mạng Tháng 8, Phường Bến Thành, Quận 1, Thành phố Hồ Chí Minh 700000, Vietnam",,4.3,"['grocery_or_supermarket', 'store', 'food', 'point_of_interest', 'establishment']"
250,ChIJDXmYqc0udTERfOD0_Srbrgk,Jogger Store,OPERATIONAL,"776/3 Đ. Cách Mạng Tháng 8, Phường 5, Tân Bình, Thành phố Hồ Chí Minh 700000, Vietnam",,4.4,"['clothing_store', 'store', 'point_of_interest', 'establishment']"
253,ChIJf5pzKUgpdTERYkj9AmrDJl0,YG SHOP Tân Bình,OPERATIONAL,"718 Đ. Cách Mạng Tháng 8, Phường 5, Tân Bình, Thành phố Hồ Chí Minh 72150, Vietnam",,4.3,"['clothing_store', 'store', 'point_of_interest', 'establishment']"
255,ChIJ3fPfNssudTERe9j-WH8rq-Y,ENNI Thế Giới Thời Trang Xuất Khẩu,OPERATIONAL,"1025/20B Đ. Cách Mạng Tháng 8, Phường 7, Tân Bình, Thành phố Hồ Chí Minh, Vietnam",,4.3,"['clothing_store', 'store', 'point_of_interest', 'establishment']"
257,ChIJz_n5YhkvdTERwAL4MUHar8c,Three O’clock,OPERATIONAL,"551 Đ. Cách Mạng Tháng 8, Phường 11, Quận 10, Thành phố Hồ Chí Minh, Vietnam",,4.5,"['cafe', 'food', 'store', 'point_of_interest', 'establishment']"
259,ChIJwfxAu88udTER4cif8Ca5FXE,Saigon Sneaker Store (saigonsneakerstore.com),OPERATIONAL,"938 Đ. Cách Mạng Tháng 8, Phường 5, Tân Bình, Thành phố Hồ Chí Minh 700000, Vietnam",,2.8,"['store', 'point_of_interest', 'establishment']"
260,ChIJfTcMknsvdTERE5yTJ_QpAnU,Highlands Coffee,OPERATIONAL,"90 Đ. Cách Mạng Tháng 8, Phường 6, Quận 3, Thành phố Hồ Chí Minh, Vietnam",2.0,4.3,"['cafe', 'food', 'store', 'point_of_interest', 'establishment']"
261,ChIJoV2asYkvdTERUcGW8xYGa1w,Quà tết 2024 - Hộp quà tết cao cấp Happybox,OPERATIONAL,"1073/21 Đ. Cách Mạng Tháng 8, Phường 7, Tân Bình, Thành phố Hồ Chí Minh 700000, Vietnam",,4.4,"['store', 'point_of_interest', 'establishment']"
262,ChIJFf8kuSQvdTERGQWgRhmhSzU,KaT Jewelry CMT8 Quận 3,OPERATIONAL,"179A Đ. Cách Mạng Tháng 8, Phường 5, Quận 3, Thành phố Hồ Chí Minh 70000, Vietnam",,4.2,"['jewelry_store', 'store', 'point_of_interest', 'establishment']"
263,ChIJaZzcqtAudTER3XMYfQxiNaM,Street Style Shop,OPERATIONAL,"927/27B Đ. Cách Mạng Tháng 8, Phường 7, Tân Bình, Thành phố Hồ Chí Minh 700000, Vietnam",,4.5,"['shoe_store', 'clothing_store', 'store', 'point_of_interest', 'establishment']"
264,ChIJF1HC8CQvdTERH2DWgJBTwRA,FamilyMart Cach Mang Thang 8,OPERATIONAL,"199 Đ. Cách Mạng Tháng 8, Phường 4, Quận 3, Thành phố Hồ Chí Minh, Vietnam",,2.1,"['convenience_store', 'store', 'food', 'point_of_interest', 'establishment']"
266,ChIJxzNCg8sudTERpRIqgCVtBJc,Mỹ phẩm HERA,OPERATIONAL,"1042 Đ. Cách Mạng Tháng 8, Phường 4, Tân Bình, Thành phố Hồ Chí Minh 700000, Vietnam",,5.0,"['store', 'point_of_interest', 'establishment']"
267,ChIJ9XO02L0vdTERBYjwHutFJY8,Hàng Tiêu Dùng Mekoong,OPERATIONAL,"439 Đ. Cách Mạng Tháng 8, Phường 13, Quận 10, Thành phố Hồ Chí Minh, Vietnam",,0.0,"['store', 'food', 'point_of_interest', 'establishment']"
268,ChIJG3P6e9EudTERUAE7d5M_zms,Vinamilk - Giấc Mơ Sữa Việt,OPERATIONAL,"617A Đ. Cách Mạng Tháng 8, Phường 15, Quận 10, Thành phố Hồ Chí Minh, Vietnam",,3.5,"['store', 'food', 'point_of_interest', 'establishment']"
269,ChIJjz21IjwvdTERm-cOSOLFMig,Thế Giới Nước Hoa - 6 CMT8,OPERATIONAL,"6 Đ. Cách Mạng Tháng 8, Phường Bến Thành, Quận 1, Thành phố Hồ Chí Minh 700000, Vietnam",,3.9,"['clothing_store', 'store', 'point_of_interest', 'establishment']"
271,ChIJfaQnEYMvdTER0tDOrY1La5o,Shop DanGun,OPERATIONAL,"DanGun, 922/48 Đ. Cách Mạng Tháng 8, Phường 5, Tân Bình, Thành phố Hồ Chí Minh, Vietnam",,4.0,"['store', 'point_of_interest', 'establishment']"
281,ChIJZR7ZncwudTERapXucWMgxXM,Hong Thanh Shoes Shop,OPERATIONAL,"939 Đ. Cách Mạng Tháng 8, Phường 7, Tân Bình, Thành phố Hồ Chí Minh, Vietnam",,4.1,"['shoe_store', 'store', 'point_of_interest', 'establishment']"
283,ChIJjwU-WM4udTERIlA8gbzUQVg,Change,OPERATIONAL,"1062 Đ. Cách Mạng Tháng 8, Phường 4, Tân Bình, Thành phố Hồ Chí Minh, Vietnam",,3.5,"['shoe_store', 'store', 'point_of_interest', 'establishment']"
284,ChIJUZ8IV2gvdTERGKwuKWrkoiU,Ruby Store (Giày Sneaker),OPERATIONAL,"436/37 Đ. Cách Mạng Tháng 8, Phường 11, Quận 3, Thành phố Hồ Chí Minh 700000, Vietnam",,4.9,"['shoe_store', 'store', 'point_of_interest', 'establishment']"
285,ChIJpfHQr9cudTERP-rtRxJDS6w,Shop Giày Da Màu,OPERATIONAL,"356 Đ. Cách Mạng Tháng 8, Phường 10, Quận 3, Thành phố Hồ Chí Minh, Vietnam",,3.7,"['shoe_store', 'store', 'point_of_interest', 'establishment']"
288,ChIJNeWwftEudTER63ixhl3gQ1g,ĐÔNG HẢI,OPERATIONAL,"25-27 Đ. Cách Mạng Tháng 8, Phường Bến Thành, Quận 1, Thành phố Hồ Chí Minh 70000, Vietnam",,5.0,"['shoe_store', 'store', 'point_of_interest', 'establishment']"
289,ChIJKa6CnzIvdTERbBWdwSt6Q9E,Giày cao gót Trinnie,OPERATIONAL,"805 Đ. Cách Mạng Tháng 8, Phường 7, Quận 11, Thành phố Hồ Chí Minh, Vietnam",,2.5,"['shoe_store', 'store', 'point_of_interest', 'establishment']"
290,ChIJn5VLrOAvdTERprOeKxL5xDc,MIDO Sneaker Store,OPERATIONAL,"609/12 Đ. Cách Mạng Tháng 8, Phường 15, Quận 10, Thành phố Hồ Chí Minh, Vietnam",,5.0,"['shoe_store', 'store', 'point_of_interest', 'establishment']"
292,ChIJg3O95NYudTERFaulDIT0-wo,Shop Giày All-Star,OPERATIONAL,"378 Đ. Cách Mạng Tháng 8, Phường 10, Quận 3, Thành phố Hồ Chí Minh 700000, Vietnam",,0.0,"['shoe_store', 'store', 'point_of_interest', 'establishment']"
293,ChIJCa02M0QvdTERrMRMskKSA-4,Fox Sneaker,OPERATIONAL,"423 Đ. Cách Mạng Tháng 8, Phường 13, Quận 10, Thành phố Hồ Chí Minh, Vietnam",,3.7,"['shoe_store', 'store', 'point_of_interest', 'establishment']"
295,ChIJlUySR8sudTERs9Zw1R_iYbc,LP SHOP,OPERATIONAL,"1064 Đ. Cách Mạng Tháng 8, Phường 7, Tân Bình, Thành phố Hồ Chí Minh, Vietnam",,4.8,"['shoe_store', 'store', 'point_of_interest', 'establishment']"
296,ChIJoWYmsz0vdTERBz4WmBojdIg,Sneaker Buzz,OPERATIONAL,"762 Đ. Cách Mạng Tháng 8, Phường 5, Tân Bình, Thành phố Hồ Chí Minh 70000, Vietnam",,3.7,"['shoe_store', 'store', 'point_of_interest', 'establishment']"
299,ChIJSRRA3q0vdTERgzoJ74j9CbA,Tiệm Giày 1045,OPERATIONAL,"1045 Đ. Cách Mạng Tháng 8, Phường 7, Tân Bình, Thành phố Hồ Chí Minh, Vietnam",,0.0,"['shoe_store', 'store', 'point_of_interest', 'establishment']"
300,ChIJ4QI-aTwvdTERh5d3a6Pb588,Shop Giày Dứa,OPERATIONAL,"81 Đ. Cách Mạng Tháng 8, Phường Phạm Ngũ Lão, Tân Bình, Thành phố Hồ Chí Minh 700000, Vietnam",,0.0,"['shoe_store', 'store', 'point_of_interest', 'establishment']"
301,ChIJtcfYjcwudTERUBSbbA2b7TE,Shop Giày 6pm,OPERATIONAL,"885 Đ. Cách Mạng Tháng 8, Phường 7, Tân Bình, Thành phố Hồ Chí Minh 70000, Vietnam",,3.5,"['store', 'point_of_interest', 'establishment']"
302,ChIJ6T5Ds6YvdTERu60xq2N6H38,Trạm Tabo 2 - Giày chính hãng,OPERATIONAL,"Hẻm 387 Đ. Cách Mạng Tháng 8, Phường 13, Quận 10, Thành phố Hồ Chí Minh 70000, Vietnam",,4.3,"['shoe_store', 'store', 'point_of_interest', 'establishment']"
303,ChIJXwOYdoUvdTERMuzu3DsrfY8,Bansidaygiay.vn,OPERATIONAL,"472 Đ. Cách Mạng Tháng 8, Phường 10, Quận 3, Thành phố Hồ Chí Minh, Vietnam",,0.0,"['shoe_store', 'store', 'point_of_interest', 'establishment']"
304,ChIJtVHjlC4vdTERdDHrfqlciyo,Giày nam Westman,OPERATIONAL,"952 Đ. Cách Mạng Tháng 8, Phường 5, Quận 11, Thành phố Hồ Chí Minh, Vietnam",,0.0,"['shoe_store', 'store', 'point_of_interest', 'establishment']"
327,ChIJMUJZKzUpdTERlL5Jmo3w1rY,TiTi Flowers Shop,OPERATIONAL,"1079 Đ. Cách Mạng Tháng 8, Phường 7, Tân Bình, Thành phố Hồ Chí Minh, Vietnam",,5.0,"['florist', 'store', 'point_of_interest', 'establishment']"
328,ChIJwVjZpmUpdTERciOglX59M-c,Shop hoa tươi 333,OPERATIONAL,"1123 Đ. Cách Mạng Tháng 8, Phường 7, Tân Bình, Thành phố Hồ Chí Minh, Vietnam",,2.0,"['florist', 'store', 'point_of_interest', 'establishment']"
329,ChIJ8SpyINAvdTERfQkjoc2FZVc,30 Flower Shop,OPERATIONAL,"130/17a Đ. Cách Mạng Tháng 8, Phường 10, Quận 3, Thành phố Hồ Chí Minh, Vietnam",,5.0,"['florist', 'store', 'point_of_interest', 'establishment']"
330,ChIJs72gtCUvdTERHLLK92I2gl8,Cửa Hàng Hoa Tươi Xinh Xinh,OPERATIONAL,"239 Đ. Cách Mạng Tháng 8, Phường 4, Quận 3, Thành phố Hồ Chí Minh, Vietnam",,0.0,"['florist', 'store', 'point_of_interest', 'establishment']"
331,ChIJ88OBwpQvdTERIVzmfl7o000,Flowers to go,OPERATIONAL,"258/5 Đ. Cách Mạng Tháng 8, Phường 10, Quận 3, Thành phố Hồ Chí Minh 700000, Vietnam",,4.0,"['florist', 'store', 'point_of_interest', 'establishment']"
332,ChIJ5fgSpeQvdTERb-_kwinJBpo,Shop Hoa Tươi Quận 3 - Hoa Đám Tang Quận 3 TPHCM,OPERATIONAL,"171 Đ. Cách Mạng Tháng 8, Phường 05, Quận 3, Thành phố Hồ Chí Minh, Vietnam",,5.0,"['point_of_interest', 'establishment']"
334,ChIJdd6Oy38vdTERhuiRyvt9zNs,Tạp Hóa Bintty Groceries,OPERATIONAL,"31A Đ. Cách Mạng Tháng 8, Phường 13, Quận 10, Thành phố Hồ Chí Minh, Vietnam",,0.0,"['store', 'point_of_interest', 'establishment']"
335,ChIJfxxF_bsvdTERT0SgglUmT74,nước hoa mini,OPERATIONAL,"266/4 Đ. Cách Mạng Tháng 8, Phường 10, Quận 3, Thành phố Hồ Chí Minh 70000, Vietnam",,5.0,"['clothing_store', 'store', 'point_of_interest', 'establishment']"
336,ChIJofv-stwvdTERoNvQlhKMl-k,Yến Sào Khánh Hòa Yến Vàng,OPERATIONAL,"342C Đ. Cách Mạng Tháng 8, Phường 10, Quận 3, Thành phố Hồ Chí Minh 700000, Vietnam",,5.0,"['shopping_mall', 'grocery_or_supermarket', 'health', 'store', 'food', 'point_of_interest', 'establishment']"
337,ChIJ6SXGCtIudTER-D4njzJV-K8,Tạp Hóa Vĩnh Phúc,OPERATIONAL,"654 Đ. Cách Mạng Tháng 8, Phường 11, Quận 3, Thành phố Hồ Chí Minh, Vietnam",,0.0,"['store', 'point_of_interest', 'establishment']"
340,ChIJcbsCursodTERIK6crh9WKHw,LOTUS SHOP,OPERATIONAL,"686/3 Đ. Cách Mạng Tháng 8, Phường 5, Tân Bình, Thành phố Hồ Chí Minh 70000, Vietnam",,4.5,"['store', 'clothing_store', 'point_of_interest', 'establishment']"
345,ChIJWQn6X8sudTERjw9Dr6GcsaU,Yến sào Cần Giờ Trang Nhi,OPERATIONAL,"947/3 Đ. Cách Mạng Tháng 8, Phường 7, Tân Bình, Thành phố Hồ Chí Minh 760000, Vietnam",,4.7,"['grocery_or_supermarket', 'health', 'food', 'point_of_interest', 'store', 'establishment']"
347,ChIJ4QsSNF8vdTERXuN-QrAWgEw,Cặm Cụi,OPERATIONAL,"Đ. Cách Mạng Tháng 8, Phường 13, Thành phố Hồ Chí Minh, 70000, Vietnam",,0.0,"['point_of_interest', 'store', 'establishment']"
348,ChIJk8jtPDwvdTERseXXC3_whPg,LinhPerfume,OPERATIONAL,"12Ter Đ. Cách Mạng Tháng 8, Phường Bến Thành, Quận 1, Thành phố Hồ Chí Minh, Vietnam",,4.3,"['clothing_store', 'point_of_interest', 'store', 'establishment']"
350,ChIJhfQxPeYudTERB1JkK1p2m-8,Yugioh Saigon Shop,OPERATIONAL,"595/018 Đ. Cách Mạng Tháng 8, Phường 15, Quận 10, Thành phố Hồ Chí Minh, Vietnam",,4.9,"['point_of_interest', 'store', 'establishment']"
353,ChIJX0-CkDIvdTER08LxLzkkRAU,Tạp Hoá Mỹ - Tech and more,OPERATIONAL,"308/1 Đ. Cách Mạng Tháng 8, Phường 10, Quận 3, Thành phố Hồ Chí Minh 700000, Vietnam",,5.0,"['point_of_interest', 'store', 'establishment']"
355,ChIJNRo3UucvdTERErbOhfnvRUQ,Miniso Cách Mạng Tháng Tám,OPERATIONAL,"442 Đ. Cách Mạng Tháng 8, Phường 11, Quận 3, Thành phố Hồ Chí Minh, Vietnam",,4.1,"['point_of_interest', 'store', 'establishment']"
358,ChIJMeJUbSsvdTERMGSuxpEx-hU,Shop Thực phẩm Nga,OPERATIONAL,"374B Đ. Cách Mạng Tháng 8, Phường 10, Quận 3, Thành phố Hồ Chí Minh, Vietnam",,4.0,"['grocery_or_supermarket', 'food', 'point_of_interest', 'store', 'establishment']"
363,ChIJNYS1ySUvdTERNJHAZc8tk3s,Cty CP Nhiên liệu Sài Gòn - Cửa hàng xăng dầu số 13,OPERATIONAL,"118 Đ. Cách Mạng Tháng 8, Võ Thị Sáu, Quận 3, Thành phố Hồ Chí Minh, Vietnam",,3.9,"['gas_station', 'point_of_interest', 'establishment']"
364,ChIJ8epli80udTERTYvB3Y52aLI,Tam Ky Restaurant,OPERATIONAL,"687 Đ. Cách Mạng Tháng 8, Phường 5, Tân Bình, Thành phố Hồ Chí Minh, Vietnam",,3.8,"['point_of_interest', 'food', 'establishment']"
365,ChIJaWfK29ApdTERVo8w5mFBkyM,Quán ăn đêm Hai Chị Em,OPERATIONAL,"20/15 Đ. Cách Mạng Tháng 8, Phường 5, Tân Bình, Thành phố Hồ Chí Minh, Vietnam",,0.0,"['restaurant', 'point_of_interest', 'food', 'establishment']"
373,ChIJnezslTspdTER38EL46TPjFA,CHÁO ẾCH SINGAPORE THẤM GIA VỊ,OPERATIONAL,"TP, 1216 Đ. Cách Mạng Tháng 8, Phường 4, Tân Bình, Thành phố Hồ Chí Minh 70000, Vietnam",,4.5,"['restaurant', 'point_of_interest', 'food', 'establishment']"
377,ChIJC4vXoSkvdTERtIbpo2uUC-A,Ăn Vặt Anh Mập,OPERATIONAL,"1054 Đ. Cách Mạng Tháng 8, Phường 4, Tân Bình, Thành phố Hồ Chí Minh, Vietnam",,0.0,"['meal_takeaway', 'restaurant', 'point_of_interest', 'food', 'establishment']"
379,ChIJf-1mCc0udTER6F_XewWgGio,Ah! Ngon Deli,OPERATIONAL,"Hẻm, 766/25 Đ. Cách Mạng Tháng 8, Phường 5, Tân Bình, Thành phố Hồ Chí Minh, Vietnam",2.0,3.8,"['restaurant', 'food', 'point_of_interest', 'establishment']"
380,ChIJyYklKPsvdTERgVVvKv9gkXY,XÔI GÀ CÔ HỒNG CMT8,OPERATIONAL,"836 Đ. Cách Mạng Tháng 8, Phường 5, Tân Bình, Thành phố Hồ Chí Minh, Vietnam",,3.4,"['restaurant', 'food', 'point_of_interest', 'establishment']"
382,ChIJ09qrvQ0vdTERfVXW_8NlZSI,Quán Phá Lâu Bò 601B,OPERATIONAL,"601 Đ. Cách Mạng Tháng 8, Phường 15, Quận 10, Thành phố Hồ Chí Minh, Vietnam",,5.0,"['restaurant', 'food', 'point_of_interest', 'establishment']"
389,ChIJJ2aXEykvdTERinA_PqiRVvE,BÚN MỌC HƯƠNG NAM,OPERATIONAL,"713 Đ. Cách Mạng Tháng 8, Phường 6, Tân Bình, Thành phố Hồ Chí Minh 700000, Vietnam",,4.0,"['restaurant', 'food', 'point_of_interest', 'establishment']"
392,ChIJL1Aj404vdTERaWH66tZdZXY,Ốc 15K | ỐC NGON CMT8 | ỐC NGON QUẬN 10,OPERATIONAL,"601/2 Đ. Cách Mạng Tháng 8, Phường 11, Quận 10, Thành phố Hồ Chí Minh, Vietnam",,3.7,"['restaurant', 'food', 'point_of_interest', 'establishment']"
394,ChIJ38DC3AQvdTER-rNdcqV03c4,HỦ TIẾU MỰC PHẠM GIA,OPERATIONAL,"638 Đ. Cách Mạng Tháng 8, Phường 11, Quận 3, Thành phố Hồ Chí Minh 700000, Vietnam",,4.4,"['restaurant', 'food', 'point_of_interest', 'establishment']"
395,ChIJNcBJN2QvdTERpix9IM5AXvk,PHÒ MÃ - 927/8 CMT8,OPERATIONAL,"927/8 Đ. Cách Mạng Tháng 8, Phường 7, Tân Bình, Thành phố Hồ Chí Minh, Vietnam",,4.2,"['restaurant', 'food', 'point_of_interest', 'establishment']"
400,ChIJ8RkvzCEvdTER_dHGviWTfTM,KFC August Revolution Road,OPERATIONAL,"540 Đ. Cách Mạng Tháng 8, Phường 11, Quận 3, Thành phố Hồ Chí Minh, Vietnam",2.0,3.4,"['restaurant', 'food', 'point_of_interest', 'establishment']"
401,ChIJwyuP5pcvdTERnZqsb_qfyks,Quán Hàn Quốc Mì Cay Itada,OPERATIONAL,"1026 Đ. Cách Mạng Tháng 8, Phường 5, Tân Bình, Thành phố Hồ Chí Minh, Vietnam",,3.9,"['restaurant', 'food', 'point_of_interest', 'establishment']"
406,ChIJH0wrUBAvdTERqBw3ONwHDGM,Bánh Canh Bà U,OPERATIONAL,"749 Đ. Cách Mạng Tháng 8, Phường 06, Tân Bình, Thành phố Hồ Chí Minh, Vietnam",,4.4,"['restaurant', 'food', 'point_of_interest', 'establishment']"
408,ChIJ_Zm2viIvdTERfZCztfMmYxw,Cơm Phở Chay Nhân Duyên - CN Tân Bình,OPERATIONAL,"668 Đ. Cách Mạng Tháng 8, Phường 5, Tân Bình, Thành phố Hồ Chí Minh 70000, Vietnam",,4.8,"['restaurant', 'food', 'point_of_interest', 'establishment']"
409,ChIJ9SxwMSYvdTERFHtrtvZBLq0,Cửa Hàng Vlxd Tới Phương Thảo,OPERATIONAL,"283 Đ. Cách Mạng Tháng 8, Phường 12, Quận 10, Thành phố Hồ Chí Minh, Vietnam",,0.0,"['point_of_interest', 'store', 'establishment']"
410,ChIJ9zLh4dcudTERIJ4cUWr3EKQ,Đại Lý Sơn Cao Cấp Huy Phúc,OPERATIONAL,"284 Đ. Cách Mạng Tháng 8, Phường 10, Quận 3, Thành phố Hồ Chí Minh, Vietnam",,4.8,"['home_goods_store', 'store', 'point_of_interest', 'establishment']"
415,ChIJIfSwwCQvdTERN8JSnNMyltc,Mat Viet Eyeglasses,OPERATIONAL,"183B Đ. Cách Mạng Tháng 8, Phường 5, Quận 3, Thành phố Hồ Chí Minh 700000, Vietnam",,4.2,"['store', 'point_of_interest', 'establishment']"
432,ChIJ97UHLTsvdTERfuEsTET56l4,Đài tưởng niệm Bồ tát Thích Quảng Đức,OPERATIONAL,"185 Đ. Cách Mạng Tháng 8, Phường 6, Quận 3, Thành phố Hồ Chí Minh, Vietnam",,4.6,"['tourist_attraction', 'point_of_interest', 'establishment']"
441,ChIJY_yNEcsudTERSaWOHOpgpAs,Physiotherapists - Rehabilitation HCMC,OPERATIONAL,"Đ. Cách Mạng Tháng 8, Phường 6, Tân Bình, Thành phố Hồ Chí Minh 700000, Vietnam",,5.0,"['physiotherapist', 'health', 'point_of_interest', 'establishment']"
446,ChIJLXEv8CQvdTERaFY_H4O-GhU,Trung Tâm Mắt Kính Sài Gòn,OPERATIONAL,"86 Đ. Cách Mạng Tháng 8, Phường 6, Quận 3, Thành phố Hồ Chí Minh, Vietnam",,2.2,"['health', 'store', 'point_of_interest', 'establishment']"
450,ChIJV2Q-1dMudTERXileGkrw3qo,Yamaha Town Cach Mang Thang 8,OPERATIONAL,"627 Đ. Cách Mạng Tháng 8, Phường 15, Quận 10, Thành phố Hồ Chí Minh 700000, Vietnam",,4.3,"['car_repair', 'store', 'point_of_interest', 'establishment']"
451,ChIJy0YyaCgvdTERaetTgnre20k,VECHAI Beer Garden,OPERATIONAL,"210/22B Đ. Cách Mạng Tháng 8, P.10, Quận 3, Thành phố Hồ Chí Minh 700000, Vietnam",3.0,4.3,"['bar', 'restaurant', 'point_of_interest', 'food', 'establishment']"
454,ChIJ_5RTc0IvdTER27sO53BAuGQ,The Observatory,OPERATIONAL,"85 Đ. Cách Mạng Tháng 8, Phường Phạm Ngũ Lão, Quận 1, Thành phố Hồ Chí Minh, Vietnam",2.0,4.0,"['bar', 'point_of_interest', 'establishment']"
455,ChIJAQBFVzsvdTERskvaaSgcMpQ,Karaoke Icool,OPERATIONAL,"129A Đ. Cách Mạng Tháng 8, Phường 5, Quận 3, Thành phố Hồ Chí Minh 70000, Vietnam",,4.3,"['night_club', 'bar', 'point_of_interest', 'establishment']"
458,ChIJ3VyT5RcvdTERSQ1TfZSLDm8,Mía Thơm Sáu Râu - Chi Nhánh 2,OPERATIONAL,"306C Đ. Cách Mạng Tháng 8, Phường 10, Quận 3, Thành phố Hồ Chí Minh, Vietnam",,5.0,"['night_club', 'bar', 'point_of_interest', 'establishment']"
480,ChIJY7e1Qs4udTER8wIaHMBB7mk,Nhà Thuốc Song Ngọc,OPERATIONAL,"680 Đ. Cách Mạng Tháng 8, Phường 5, Tân Bình, Thành phố Hồ Chí Minh, Vietnam",,5.0,"['pharmacy', 'health', 'store', 'point_of_interest', 'establishment']"
481,ChIJDTiBTlAvdTERaKTTNols3jc,Nhà thuốc Pharmacity,OPERATIONAL,"739 Đ. Cách Mạng Tháng 8, Phường 6, Tân Bình, Thành phố Hồ Chí Minh 700000, Vietnam",,4.3,"['drugstore', 'pharmacy', 'health', 'store', 'point_of_interest', 'establishment']"
482,ChIJIeLPnswudTERm7ZikdK2Zyw,Pharmacy Central Vietnam,OPERATIONAL,"524 Đ. Cách Mạng Tháng 8, Phường 4, Tân Bình, Thành phố Hồ Chí Minh, Vietnam",,5.0,"['pharmacy', 'health', 'store', 'point_of_interest', 'establishment']"
483,ChIJFxDMeZ4vdTERU9lkN8_TxgU,Nhà Thuốc FPT Long Châu,OPERATIONAL,"797 Đ. Cách Mạng Tháng 8, Phường 6, Tân Bình, Thành phố Hồ Chí Minh, Vietnam",,3.3,"['pharmacy', 'health', 'store', 'point_of_interest', 'establishment']"
484,ChIJix9iNzUpdTERn93hTRFWNSs,Nhà Thuốc Tây OKOTO,OPERATIONAL,"1228 Đ. Cách Mạng Tháng 8, Phường 4, Tân Bình, Thành phố Hồ Chí Minh, Vietnam",,4.4,"['pharmacy', 'health', 'store', 'point_of_interest', 'establishment']"
485,ChIJxwQF0lMpdTERIfBzFuWaZdQ,Phúc Châu Pharmacy,OPERATIONAL,"1097 Đ. Cách Mạng Tháng 8, Phường 7, Tân Bình, Thành phố Hồ Chí Minh, Vietnam",,2.5,"['pharmacy', 'health', 'store', 'point_of_interest', 'establishment']"
486,ChIJ8UiFCU4vdTERPW5LhoKonvo,"Đông Y Gia Truyền - Phạm Thanh Quốc, Trần Thị Lệ Thanh",OPERATIONAL,"623/20 Đ. Cách Mạng Tháng 8, Phường 15, Quận 10, Thành phố Hồ Chí Minh 700000, Vietnam",,4.0,"['pharmacy', 'store', 'health', 'point_of_interest', 'establishment']"
487,ChIJbeUKydYudTERduZ1k47Ht9E,Nhà Thuốc FPT Long Châu,OPERATIONAL,"424 Đ. Cách Mạng Tháng 8, Phường 10, Quận 3, Thành phố Hồ Chí Minh 700000, Vietnam",,2.8,"['pharmacy', 'store', 'health', 'point_of_interest', 'establishment']"
488,ChIJL47C7bMvdTERiCtf3767jog,Nhà thuốc thanh mộc hương,OPERATIONAL,"540/21 Đ. Cách Mạng Tháng 8, Phường 11, Quận 3, Thành phố Hồ Chí Minh 700000, Vietnam",,5.0,"['pharmacy', 'store', 'health', 'point_of_interest', 'establishment']"
489,ChIJy6xL4bkndTERhLxGSCtm-4A,Gastosic - Hỗ trợ điều trị trào ngược dạ dày thực quản - Nhà thuốc Ba Bảy,OPERATIONAL,"394C Đ. Cách Mạng Tháng 8, Phường 10, Quận 3, Thành phố Hồ Chí Minh, Vietnam",,0.0,"['store', 'point_of_interest', 'establishment']"
490,ChIJUdbuvjovdTERQH8Fd9aGzJI,Giáo Xứ Nam Thái SG,OPERATIONAL,"838 Đ. Cách Mạng Tháng 8, Phường 5, Tân Bình, Thành phố Hồ Chí Minh 72119, Vietnam",,4.8,"['church', 'place_of_worship', 'point_of_interest', 'establishment']"
491,ChIJRQLNgMwudTERlXSCSp5iHR0,An Ton Church,OPERATIONAL,"947/13/3 Đ. Cách Mạng Tháng 8, Phường 7, Tân Bình, Thành phố Hồ Chí Minh, Vietnam",,4.2,"['church', 'place_of_worship', 'point_of_interest', 'establishment']"
493,ChIJHUijemMvdTERwSisFSVv3lo,Hội giáo viên mầm non Sài Gòn,OPERATIONAL,"QMHH+QC9, Đ. Cách Mạng Tháng 8, Phường 12, Quận 3, Thành phố Hồ Chí Minh, Vietnam",,5.0,"['point_of_interest', 'establishment']"
495,ChIJDZbPg9IudTERUdz9kbVY4yY,Institute of Jesus,OPERATIONAL,"686/76 Đ. Cách Mạng Tháng 8, Phường 5, Tân Bình, Thành phố Hồ Chí Minh, Vietnam",,4.4,"['place_of_worship', 'point_of_interest', 'establishment']"
497,ChIJmd_Ow9cudTERUWlx184dZZA,Buu Da Buddhist Temple,OPERATIONAL,"419/11 Đ. Cách Mạng Tháng 8, Phường 13, Quận 10, Thành phố Hồ Chí Minh 70000, Vietnam",,4.5,"['place_of_worship', 'point_of_interest', 'establishment']"
504,ChIJB7WenTwvdTEROAOh1cDBKXg,Công Ty Tnhh Thiết Bị Gia Dụng Phương Gia (Pg Home),OPERATIONAL,"28 Đ. Cách Mạng Tháng 8, Phường Phạm Ngũ Lão, Quận 1, Thành phố Hồ Chí Minh, Vietnam",,0.0,"['home_goods_store', 'point_of_interest', 'store', 'establishment']"
505,ChIJu08Uo4svdTERacy8xNHi74w,Đồ Gia Dụng Mekoong,OPERATIONAL,"439 Đ. Cách Mạng Tháng 8, Phường 13, Quận 10, Thành phố Hồ Chí Minh, Vietnam",,0.0,"['store', 'point_of_interest', 'establishment']"
506,ChIJlf-HCQcvdTER4pMIsT9z9ec,Đồ Nhựa Duy Tân Mekoong,OPERATIONAL,"439 Đ. Cách Mạng Tháng 8, Phường 13, Quận 10, Thành phố Hồ Chí Minh, Vietnam",,5.0,"['home_goods_store', 'point_of_interest', 'store', 'establishment']"
507,ChIJyXh4McsudTERUPMLvnBl-LM,Hung Dang Photo,OPERATIONAL,"686 Đ. Cách Mạng Tháng 8, Phường 7, Quận 11, Thành phố Hồ Chí Minh, Vietnam",,3.0,"['home_goods_store', 'point_of_interest', 'store', 'establishment']"
508,ChIJZekzfaUvdTER13XahM7YkZc,Cửa hàng Nệm Sài Gòn,OPERATIONAL,"529 Đ. Cách Mạng Tháng 8, Phường 13, Quận 10, Thành phố Hồ Chí Minh, Vietnam",,0.0,"['home_goods_store', 'point_of_interest', 'store', 'establishment']"
510,ChIJwRTMr9cudTERzsh3Mbj_dK8,Cửa Hàng Chăn Drap Gối Nệm Hometex,OPERATIONAL,"469 Đ. Cách Mạng Tháng 8, Phường 13, Quận 10, Thành phố Hồ Chí Minh 700000, Vietnam",,5.0,"['furniture_store', 'home_goods_store', 'point_of_interest', 'store', 'establishment']"
512,ChIJuz2xMdUvdTERacWm4QeGB1U,"Duco Deco,r",OPERATIONAL,"623/8C Đ. Cách Mạng Tháng 8, Phường 15, Quận 10, Thành phố Hồ Chí Minh 70000, Vietnam",,0.0,"['furniture_store', 'home_goods_store', 'point_of_interest', 'store', 'establishment']"
513,ChIJVYYCnAgvdTER3Lwm0zbKHLM,RÈM MÀN HAPPY HOUSE,OPERATIONAL,"540/2 Đ. Cách Mạng Tháng 8, Phường 11, Quận 3, Thành phố Hồ Chí Minh 72411, Vietnam",,5.0,"['home_goods_store', 'point_of_interest', 'store', 'establishment']"
514,ChIJd-PuEyMvdTERBv4-6TtsOw4,Phụ kiện trang trí sinh nhật Glow Party Store Quận 10,OPERATIONAL,"387/1 Đ. Cách Mạng Tháng 8, Phường 13, Quận 10, Thành phố Hồ Chí Minh 700000, Vietnam",,4.8,"['home_goods_store', 'point_of_interest', 'store', 'establishment']"
515,ChIJFxeFhtEudTER03x0mZNPzC4,Led,OPERATIONAL,"629/8 Đ. Cách Mạng Tháng 8, Phường 15, Quận 10, Thành phố Hồ Chí Minh, Vietnam",,5.0,"['home_goods_store', 'store', 'point_of_interest', 'establishment']"
516,ChIJwx0RrHIvdTERchMP7jRLYW4,Vua Nệm,OPERATIONAL,"28 Đ. Cách Mạng Tháng 8, Phường 6, Quận 3, Thành phố Hồ Chí Minh 72400, Vietnam",,4.0,"['furniture_store', 'home_goods_store', 'store', 'point_of_interest', 'establishment']"
517,ChIJPcBbis0udTERU_udpVyg_W8,Cửa Hàng Nệm,OPERATIONAL,"668 Đ. Cách Mạng Tháng 8, Phường 11, Tân Bình, Thành phố Hồ Chí Minh, Vietnam",,4.0,"['home_goods_store', 'store', 'point_of_interest', 'establishment']"
518,ChIJradtKdIudTER-FUAgo1KU1A,Cửa Hàng Bánh Mì Hằng,OPERATIONAL,"544 Đ. Cách Mạng Tháng 8, Phường 11, Quận 3, Thành phố Hồ Chí Minh, Vietnam",,2.5,"['bakery', 'store', 'food', 'point_of_interest', 'establishment']"
519,ChIJS7BofTwvdTERj3HBNDllBus,Bánh Mì Thổ Nhĩ Kỳ Minh Tuấn,OPERATIONAL,"89 Đ. Cách Mạng Tháng 8, Phường Phạm Ngũ Lão, Quận 1, Thành phố Hồ Chí Minh, Vietnam",,4.5,"['restaurant', 'food', 'point_of_interest', 'establishment']"
520,ChIJhTs0tCQvdTERRaAMHyrd8gM,TOUS les JOURS - Cách Mạng Tháng 8,OPERATIONAL,"66B Đ. Cách Mạng Tháng 8, Phường 6, Quận 3, Thành phố Hồ Chí Minh, Vietnam",2.0,4.3,"['bakery', 'store', 'food', 'point_of_interest', 'establishment']"
521,ChIJZ5CTm8wudTER14GH2EA4u8k,ABC Bakery,OPERATIONAL,"1029 Đ. Cách Mạng Tháng 8, Phường 7, Tân Bình, Thành phố Hồ Chí Minh, Vietnam",2.0,4.2,"['bakery', 'store', 'restaurant', 'food', 'point_of_interest', 'establishment']"
522,ChIJozsC47cvdTERYeFZo_U0Q94,"Bánh mì ÔNG HƯNG 5 - Q10, CMT8",OPERATIONAL,"277B Đ. Cách Mạng Tháng 8, Phường 12, Quận 10, Thành phố Hồ Chí Minh 70000, Vietnam",,3.1,"['food', 'point_of_interest', 'establishment']"
523,ChIJmX0e41MvdTERZzgDh6o2IcI,Massage Trị Liệu Đông Y Dưỡng Sinh - Queen Spa 20,OPERATIONAL,"1108 Đ. Cách Mạng Tháng 8, Phường 4, Tân Bình, Thành phố Hồ Chí Minh 700000, Vietnam",,4.8,"['spa', 'point_of_interest', 'establishment']"
524,ChIJG1s1_pUvdTERdD0C1xOKt3k,Spa HỒNG GẤM CMT8,OPERATIONAL,"400/14 Đ. Cách Mạng Tháng 8, Phường 10, Quận 3, Thành phố Hồ Chí Minh, Vietnam",,5.0,"['spa', 'point_of_interest', 'establishment']"
525,ChIJfeLXZOAvdTERPiLGBCV0K_4,Shi Spa,OPERATIONAL,"419/35 Đ. Cách Mạng Tháng 8, Phường 13, Quận 10, Thành phố Hồ Chí Minh, Vietnam",,0.0,"['beauty_salon', 'point_of_interest', 'establishment']"
527,ChIJOxapcW0vdTERY8B0lyo1D4M,Hana Spa,OPERATIONAL,"766/14 Đ. Cách Mạng Tháng 8, Phường 5, Tân Bình, Thành phố Hồ Chí Minh 70000, Vietnam",,4.7,"['spa', 'point_of_interest', 'establishment']"
529,ChIJR4Q8XDcvdTERDztjkm_H6_s,TRIỆT LÔNG VĨNH VIỄN QUẬN 3 - ORGANIC SPA,OPERATIONAL,"276 Đ. Cách Mạng Tháng 8, Phường 10, Quận 3, Thành phố Hồ Chí Minh, Vietnam",,4.9,"['spa', 'point_of_interest', 'establishment']"
531,ChIJd3ggV_EvdTER1h70ThZ1MDQ,Chuyên Gia Xoá Sửa Lông Mày | Phun Xăm Chân Mày Phong Thuỷ | Giá Tốt Bảo Hành Lâu Dài,OPERATIONAL,"472 Đ. Cách Mạng Tháng 8, Phường 11, Quận 3, Thành phố Hồ Chí Minh 100000, Vietnam",,5.0,"['spa', 'point_of_interest', 'establishment']"
532,ChIJYzTa-tYudTERrP-meHkP1Q8,Trị mụn uy tín 99K Quận 3,OPERATIONAL,"372/5 Đ. Cách Mạng Tháng 8, Phường 10, Quận 3, Thành phố Hồ Chí Minh, Vietnam",,4.2,"['beauty_salon', 'spa', 'store', 'point_of_interest', 'establishment']"
534,ChIJ4fnn_vQvdTERQWJuSOJM4aE,Galaxy Sauna,OPERATIONAL,"457/69 Đ. Cách Mạng Tháng 8, Phường 13, Quận 10, Thành phố Hồ Chí Minh 700000, Vietnam",,4.3,"['spa', 'point_of_interest', 'establishment']"
535,ChIJ__97FjwvdTERq1VRC4Xs15A,Massage Bach Kim,OPERATIONAL,"12D Đ. Cách Mạng Tháng 8, Phường Bến Thành, Quận 1, Thành phố Hồ Chí Minh 700000, Vietnam",,5.0,"['spa', 'point_of_interest', 'establishment']"
536,ChIJy3kKVOQvdTERPJan9q45zfQ,Gội đầu dưỡng sinh Nhà Linn | GỘI ĐẦU DƯỠNG SINH QUẬN 10,OPERATIONAL,"493/60 Đ. Cách Mạng Tháng 8, Phường 13, Quận 10, Thành phố Hồ Chí Minh, Vietnam",,5.0,"['spa', 'point_of_interest', 'establishment']"
537,ChIJKzX_9HQvdTER4cvr_wDfT-g,Lisa Nail & Spa - Tiệm Nail Quận 3 - Gội Đầu Dưỡng Sinh,OPERATIONAL,"198 Đ. Cách Mạng Tháng 8, Phường 10, Quận 3, Thành phố Hồ Chí Minh, Vietnam",,4.9,"['beauty_salon', 'spa', 'point_of_interest', 'establishment']"
538,ChIJYZGVY2YvdTERrPrXmkyHlmc,LEE BEAUTY SALON | HỚT TÓC RÁY TAI NAM-NỮ GỘI ĐẦU DƯỠNG SINH,OPERATIONAL,"164 Đ. Cách Mạng Tháng 8, P 10, Quận 3, Thành phố Hồ Chí Minh 700000, Vietnam",,4.9,"['spa', 'point_of_interest', 'establishment']"
539,ChIJdYsjAVQvdTERKjpKCnkE15s,Linn Hair Spa,OPERATIONAL,"493 43 Đ. Cách Mạng Tháng 8, Phường 13, Quận 10, Thành phố Hồ Chí Minh, Vietnam",,4.6,"['spa', 'point_of_interest', 'establishment']"
540,ChIJfc2zlRcvdTER1Om9_ebV6kE,Massage FYou,OPERATIONAL,"81 Đ. Cách Mạng Tháng 8, Phường Phạm Ngũ Lão, Quận 1, Thành phố Hồ Chí Minh 700000, Vietnam",,3.9,"['spa', 'point_of_interest', 'establishment']"
541,ChIJ3RLwjlQvdTERQ8EA9uWnuGE,LaviE Beauty,OPERATIONAL,"Đ. Cách Mạng Tháng 8, Phường 11, Quận 3, Thành phố Hồ Chí Minh, Vietnam",,5.0,"['beauty_salon', 'spa', 'point_of_interest', 'establishment']"
542,ChIJvWoFir0vdTERLTdzHHY0N8w,ZENmed - Dưỡng Sinh Viện,OPERATIONAL,"33 Đ. Cách Mạng Tháng 8, Phường 12, Quận 10, Thành phố Hồ Chí Minh 70000, Vietnam",,5.0,"['spa', 'health', 'point_of_interest', 'establishment']"
548,ChIJAYCAECgvdTERFJC91NNHGzE,Quyên beauty- spa- 266/4 cách mạng tháng 8 p.10 Q.3,OPERATIONAL,"266/4 Đ. Cách Mạng Tháng 8, Phường 10, Quận 3, Thành phố Hồ Chí Minh 70000, Vietnam",,5.0,"['beauty_salon', 'health', 'point_of_interest', 'establishment']"
549,ChIJfTWDjO0vdTERajmyyPmgm9c,NEM HOUSE,OPERATIONAL,"493A/72, Đ. Cách Mạng Tháng 8, Phường 13, Quận 10, Thành phố Hồ Chí Minh 700000, Vietnam",,5.0,"['beauty_salon', 'spa', 'point_of_interest', 'establishment']"
552,ChIJw8npR4svdTERw_GRRMm1f0c,Spa Queen,OPERATIONAL,"246 Đ. Cách Mạng Tháng 8, Phường 10, Quận 3, Thành phố Hồ Chí Minh 700000, Vietnam",,5.0,"['hair_care', 'beauty_salon', 'spa', 'health', 'point_of_interest', 'store', 'establishment']"
554,ChIJWesETiQvdTERlrgVJ-P-W4k,Nam A Bank - Head Office,OPERATIONAL,"201-203 Đ. Cách Mạng Tháng 8, Phường 4, Quận 3, Thành phố Hồ Chí Minh, Vietnam",,3.6,"['bank', 'finance', 'point_of_interest', 'establishment']"
555,ChIJX9WbTDsvdTERenHpFu61WnE,VietBank Hồ Chí Minh - Trụ sở chính,OPERATIONAL,"62A Đ. Cách Mạng Tháng 8, Phường 6, Quận 3, Thành phố Hồ Chí Minh 700000, Vietnam",,3.8,"['bank', 'finance', 'point_of_interest', 'establishment']"
556,ChIJYSC0rCUvdTERUpYqv3Ip6OE,KienlongBank Sài Gòn,OPERATIONAL,"98-108A Đ. Cách Mạng Tháng 8, Võ Thị Sáu, Quận 3, Thành phố Hồ Chí Minh 722469, Vietnam",,3.5,"['bank', 'finance', 'point_of_interest', 'establishment']"
557,ChIJJ9IX0ycvdTERE0-Fy5WpIC0,Vietcombank,OPERATIONAL,"283C Đ. Cách Mạng Tháng 8, Phường 12, Quận 10, Thành phố Hồ Chí Minh, Vietnam",,2.2,"['bank', 'finance', 'point_of_interest', 'establishment']"
558,ChIJgYPKnj4vdTERqL-3hF53kiI,VPBANK HÒA HƯNG,OPERATIONAL,"Số 611 Đ. Cách Mạng Tháng 8, Phường 15, Quận 10, Thành phố Hồ Chí Minh, Vietnam",,2.9,"['bank', 'finance', 'point_of_interest', 'establishment']"
559,ChIJHWfxUeIvdTERcBIeXfY7-rc,ACB - PGD Lê Ngô Cát,OPERATIONAL,"197A Đ. Cách Mạng Tháng 8, Phường 4, Quận 3, Thành phố Hồ Chí Minh, Vietnam",,3.6,"['bank', 'finance', 'point_of_interest', 'establishment']"
560,ChIJ4yXnPzwvdTER3GN3okopqig,Ngân Hàng TMCP Kỹ Thương Việt Nam (Techcombank) – Techcombank Cách mạng tháng 8,OPERATIONAL,"285 Đ. Cách Mạng Tháng 8, Phường 12, Quận 10, Thành phố Hồ Chí Minh 700000, Vietnam",,3.0,"['bank', 'atm', 'finance', 'point_of_interest', 'establishment']"
561,ChIJtVbC6CQvdTERaJySqIELLNA,Vietcombank,OPERATIONAL,"76 Đ. Cách Mạng Tháng 8, Phường 6, Quận 3, Thành phố Hồ Chí Minh, Vietnam",,3.3,"['bank', 'finance', 'point_of_interest', 'establishment']"
562,ChIJH-sQRtEudTER5INsLgwxp44,ACB Building,OPERATIONAL,"444 Đ. Cách Mạng Tháng 8, Phường 11, Quận 3, Thành phố Hồ Chí Minh, Vietnam",,4.1,"['bank', 'finance', 'point_of_interest', 'establishment']"
563,ChIJHSNeBBYvdTERiaLbD5cWY28,Western Union Đống Đa,OPERATIONAL,"16 Đ. Cách Mạng Tháng 8, Phường Bến Thành, Quận 1, Thành phố Hồ Chí Minh 700000, Vietnam",,4.8,"['bank', 'finance', 'point_of_interest', 'establishment']"
564,ChIJnRShI9IudTER19ihYHqHYYE,International Bank - ATM VIB,OPERATIONAL,"Công ty Cao Phong, 590 Đ. Cách Mạng Tháng 8, Phường 11, Quận 3, Thành phố Hồ Chí Minh, Vietnam",,1.0,"['atm', 'finance', 'point_of_interest', 'establishment']"
565,ChIJR82drQcvdTER9TSthCige2U,ATM - KienlongBank Sài Gòn,OPERATIONAL,"98-108A Đ. Cách Mạng Tháng 8, Võ Thị Sáu, Quận 3, Thành phố Hồ Chí Minh 722469, Vietnam",,0.0,"['atm', 'finance', 'point_of_interest', 'establishment']"
566,ChIJHy4AGSgvdTERwWqa5MbjD5c,VPBANK KỲ HÒA,OPERATIONAL,"276C Đ. Cách Mạng Tháng 8, Phường 10, Quận 3, Thành phố Hồ Chí Minh, Vietnam",,3.4,"['bank', 'finance', 'point_of_interest', 'establishment']"
567,ChIJ0cacDCgvdTERVQzwyGdo5rA,ATM Sacombank - PGD CMT8,OPERATIONAL,"236-238 Đ. Cách Mạng Tháng 8, Phường 10, Quận 3, Thành phố Hồ Chí Minh, Vietnam",,0.0,"['atm', 'finance', 'point_of_interest', 'establishment']"
568,ChIJiRDS_LYvdTER46p5cY7sABQ,TPBank LiveBank 204 Cách mạng tháng Tám Quận 3,OPERATIONAL,"204 Đ. Cách Mạng Tháng 8, Phường 10, Quận 3, Thành phố Hồ Chí Minh, Vietnam",,3.7,"['atm', 'bank', 'finance', 'point_of_interest', 'establishment']"
569,ChIJdVbQcigvdTER1VlHckNn3W0,Sacombank ATM,OPERATIONAL,"232 Đ. Cách Mạng Tháng 8, Phường 10, Quận 3, Thành phố Hồ Chí Minh, Vietnam",,3.0,"['atm', 'finance', 'point_of_interest', 'establishment']"
571,ChIJJyfdSNEudTER1hp10LkGJYM,ATM ACB,OPERATIONAL,"444a Đ. Cách Mạng Tháng 8, Phường 11, Quận 3, Thành phố Hồ Chí Minh, Vietnam",,3.5,"['atm', 'finance', 'point_of_interest', 'establishment']"
583,ChIJb4qhiRYvdTERK5_-09g5ZkI,SÀI GÒN barbershop| CẮT TÓC BARBER TÂN BÌNH | ĐÀO TẠO BARBER TÂN BÌNH |,OPERATIONAL,"973 Đ. Cách Mạng Tháng 8, Phường 7, Tân Bình, Thành phố Hồ Chí Minh, Vietnam",,4.7,"['hair_care', 'point_of_interest', 'establishment']"
584,ChIJ1T_2js0udTERHw9qTXxTnzU,Beauty Salon Phương Tokyo,OPERATIONAL,"686/5 Đ. Cách Mạng Tháng 8, Phường 5, Quận TB, Thành phố Hồ Chí Minh 70000, Vietnam",,4.1,"['hair_care', 'point_of_interest', 'establishment']"
585,ChIJ7RswQLwvdTERYHT594or4cE,ALAN HAIR STUDIO,OPERATIONAL,"849 Đ. Cách Mạng Tháng 8, phường 6, Tân Bình, Thành phố Hồ Chí Minh, Vietnam",,4.7,"['hair_care', 'point_of_interest', 'establishment']"
586,ChIJV_VJqyEvdTERRi_kv_VYGe4,Salon Đức Cường,OPERATIONAL,"167 Đ. Cách Mạng Tháng 8, Phường 5, Quận 3, Thành phố Hồ Chí Minh, Vietnam",,4.2,"['hair_care', 'point_of_interest', 'establishment']"
587,ChIJj_p2g_IvdTERsGYBfL-ZJ0M,Dylan Vu Nối Tóc,OPERATIONAL,"494 Đ. Cách Mạng Tháng 8, Phường 11, Quận 3, Thành phố Hồ Chí Minh, Vietnam",,4.9,"['hair_care', 'health', 'point_of_interest', 'establishment']"
588,ChIJzUy1pNcudTERpZF61B32pfw,Nối Tóc Huy Blue,OPERATIONAL,"463/1 Đ. Cách Mạng Tháng 8, Phường 13, Quận 10, Thành phố Hồ Chí Minh, Vietnam",,3.9,"['hair_care', 'point_of_interest', 'establishment']"
589,ChIJ9ZJqczIvdTERdjHinSgMwlY,Bfresh Hair Studio,OPERATIONAL,"285/62 Đ. Cách Mạng Tháng 8, Phường 12, Quận 10, Thành phố Hồ Chí Minh 700000, Vietnam",,5.0,"['hair_care', 'health', 'point_of_interest', 'establishment']"
590,ChIJdZ1Gj80udTERTO-5WwLYcvQ,HAIR SALON NHUNG,OPERATIONAL,"686/11 Đ. Cách Mạng Tháng 8, Phường 5, Tân Bình, Thành phố Hồ Chí Minh 700000, Vietnam",,4.3,"['hair_care', 'point_of_interest', 'establishment']"
591,ChIJP4QC_NYudTERzNXfYhOCXao,Salon Tóc Hà Huê,OPERATIONAL,"380b Đ. Cách Mạng Tháng 8, Phường 10, Quận 3, Thành phố Hồ Chí Minh 700000, Vietnam",,3.4,"['hair_care', 'point_of_interest', 'establishment']"
592,ChIJ8dtuqDQpdTERe99-E3aIaCo,Hair Salon Mỹ Nguyễn,OPERATIONAL,"1036/79a Đ. Cách Mạng Tháng 8, Phường 4, Tân Bình, Thành phố Hồ Chí Minh, Vietnam",,4.5,"['hair_care', 'point_of_interest', 'establishment']"
593,ChIJ8SxIJj0vdTERX8RRd31kAqo,Basic Barbershop CN2,OPERATIONAL,"430 Đ. Cách Mạng Tháng 8, Phường 11, Quận 3, Thành phố Hồ Chí Minh 700000, Vietnam",,5.0,"['hair_care', 'health', 'point_of_interest', 'establishment']"
597,ChIJcTeaYbkvdTER42i6aIRjsNc,FIVE HAIR,OPERATIONAL,"686/3 Đ. Cách Mạng Tháng 8, Phường 5, Tân Bình, Thành phố Hồ Chí Minh, Vietnam",,2.5,"['hair_care', 'health', 'point_of_interest', 'establishment']"
601,ChIJN1dbkvcvdTERgmjFmzFBpSQ,Trinh Nguyen,OPERATIONAL,"1014/5h Đ. Cách Mạng Tháng 8, Phường 5, Tân Bình, Thành phố Hồ Chí Minh, Vietnam",,0.0,"['hair_care', 'point_of_interest', 'establishment']"
602,ChIJy9n7F24vdTERopKNApVF48E,Salon Hà Thanh - Dầu gội dưỡng tóc cao cấp,OPERATIONAL,"686 Đ. Cách Mạng Tháng 8, Phường 5, Tân Bình, Thành phố Hồ Chí Minh, Vietnam",,0.0,"['hair_care', 'point_of_interest', 'establishment']"
606,ChIJbbeYuMsvdTERPqUQ8U_DGqU,Uốn tóc Xíu,OPERATIONAL,"20/7B Đ. Cách Mạng Tháng 8, Phường 5, Tân Bình, Thành phố Hồ Chí Minh, Vietnam",,0.0,"['hair_care', 'point_of_interest', 'establishment']"
616,ChIJp9v9jswudTERDSejB-Ugj7Q,Cửa Hàng Vàng Bạc PNJ,OPERATIONAL,"879 Đ. Cách Mạng Tháng 8, Phường 7, Tân Bình, Thành phố Hồ Chí Minh, Vietnam",,4.1,"['jewelry_store', 'point_of_interest', 'store', 'establishment']"
617,ChIJcx5VAM0udTERc5DR7Zvl_Zo,Cửa Hàng Trang Sức PNJ 132 CMT8,OPERATIONAL,"132 Đ. Cách Mạng Tháng 8, Phường 10, Quận 3, Thành phố Hồ Chí Minh, Vietnam",,4.4,"['jewelry_store', 'point_of_interest', 'store', 'establishment']"
619,ChIJLzZr_8wudTER8VsKNjMAiAA,Bảo Tín K&K,OPERATIONAL,"865 – 867 Đ. Cách Mạng Tháng 8, Phường 7, Tân Bình, Thành phố Hồ Chí Minh, Vietnam",,4.3,"['jewelry_store', 'finance', 'point_of_interest', 'store', 'establishment']"
620,ChIJ5we94MwudTERwqWDeYjaekQ,Shop Jewelry T & L,OPERATIONAL,"793 Đ. Cách Mạng Tháng 8, Phường 6, Tân Bình, Thành phố Hồ Chí Minh, Vietnam",,4.8,"['jewelry_store', 'point_of_interest', 'store', 'establishment']"
621,ChIJGWTry9YudTERRFs6ZhxOwuk,Tiệm Vàng Kim Nhân,OPERATIONAL,"551 Đ. Cách Mạng Tháng 8, Phường 15, Quận 10, Thành phố Hồ Chí Minh, Vietnam",,4.7,"['jewelry_store', 'point_of_interest', 'store', 'establishment']"
623,ChIJ0YHnEtIudTERgAnGeE5ZK_I,Bookstore Daruma,OPERATIONAL,"590 Đ. Cách Mạng Tháng 8, Phường 11, Quận 3, Thành phố Hồ Chí Minh, Vietnam",,4.8,"['book_store', 'home_goods_store', 'store', 'point_of_interest', 'establishment']"
631,ChIJy_ozbxArdTERZr-7wvy_ukc,Hàng Úc Xách Tay - Xuất Xứ Úc,OPERATIONAL,"595/5A Đ. Cách Mạng Tháng 8, Phường 15, Quận 10, Thành phố Hồ Chí Minh, Vietnam",,5.0,"['store', 'point_of_interest', 'establishment']"
636,ChIJnzgvJ3gpdTERJO1eP2Asia8,Lata - 690 Cách Mạng Tháng 8,OPERATIONAL,"690 Đ. Cách Mạng Tháng 8, Phường 6, Tân Bình, Thành phố Hồ Chí Minh 70000, Vietnam",,4.0,"['store', 'point_of_interest', 'establishment']"
641,ChIJsfIkUDsvdTERW6B0vIg4dgo,Pet Mart CMT8 - Cửa Hàng Thú Cưng,OPERATIONAL,"892 Đ. Cách Mạng Tháng 8, Phường 7, Tân Bình, Thành phố Hồ Chí Minh 736073, Vietnam",,2.3,"['pharmacy', 'pet_store', 'veterinary_care', 'health', 'store', 'food', 'point_of_interest', 'establishment']"
675,ChIJiQFxb98udTER3QcdmS30U7U,Bệnh Viện Thẩm Mỹ Kangnam Hàn Quốc,OPERATIONAL,"666 Đ. Cách Mạng Tháng 8, Phường 5, Tân Bình, Thành phố Hồ Chí Minh, Vietnam",,4.0,"['beauty_salon', 'doctor', 'health', 'point_of_interest', 'establishment']"
713,ChIJiWMc6ScvdTERRhb-S97ZMrc,Lan Anh Sports Club,OPERATIONAL,"291 Đ. Cách Mạng Tháng 8, Phường 12, Quận 10, Thành phố Hồ Chí Minh, Vietnam",,4.2,"['gym', 'health', 'restaurant', 'point_of_interest', 'food', 'establishment']"
724,ChIJndF8hp0vdTEREw_onMEwc-Q,Shop Mẹ Và Bé - shopmevabe.com.vn,OPERATIONAL,"947/4/1 Đ. Cách Mạng Tháng 8, Phường 5, Tân Bình, Thành phố Hồ Chí Minh 70000, Vietnam",,5.0,"['shopping_mall', 'point_of_interest', 'establishment']"
725,ChIJxe-p0soudTERzh88W1awh5E,Xách Tay Hoàng Gia - AppleMall.vn,OPERATIONAL,"1085 Đ. Cách Mạng Tháng 8, Phường 7, Tân Bình, Thành phố Hồ Chí Minh 70000, Vietnam",,4.6,"['shopping_mall', 'point_of_interest', 'establishment']"
726,ChIJ8QQp2w4pdTERn-getO7oBe0,Mẹ và bé Mart,OPERATIONAL,"947/4 Đ. Cách Mạng Tháng 8, Phường 7, Tân Bình, Thành phố Hồ Chí Minh 710000, Vietnam",,0.0,"['shopping_mall', 'point_of_interest', 'establishment']"
728,ChIJ93M6gNEudTERvmSE_ZfRmbI,4MEN 798 Cach Mang Thang Tam,OPERATIONAL,"798 Đ. Cách Mạng Tháng 8, Phường 5, Tân Bình, Thành phố Hồ Chí Minh, Vietnam",,4.2,"['clothing_store', 'point_of_interest', 'store', 'establishment']"
729,ChIJoQzOJygvdTER23nsC-BFKBw,ANNA clothing,OPERATIONAL,"292/26 Đ. Cách Mạng Tháng 8, Phường 10, Quận 3, Thành phố Hồ Chí Minh, Vietnam",,3.9,"['clothing_store', 'point_of_interest', 'store', 'establishment']"
730,ChIJDdty4NcudTERtvF9gjr2PHY,Fmstyle SaiGon,OPERATIONAL,"286 Đ. Cách Mạng Tháng 8, Phường 10, Quận 3, Thành phố Hồ Chí Minh, Vietnam",,4.0,"['clothing_store', 'point_of_interest', 'store', 'establishment']"
731,ChIJbcFzrmkvdTERbLougp2osOY,CHAMCOS,OPERATIONAL,"595/020, Lô 96 Đ. Cách Mạng Tháng 8, Phường 15, Thành phố Hồ Chí Minh, Vietnam",,5.0,"['point_of_interest', 'store', 'establishment']"
735,ChIJBQnCsyQvdTER9riWbkG5vos,Shop quần áo Nam và phụ kiện Fami Q3,OPERATIONAL,"165 Đ. Cách Mạng Tháng 8, Phường 5, Quận 3, Thành phố Hồ Chí Minh, Vietnam",,4.2,"['clothing_store', 'point_of_interest', 'store', 'establishment']"
738,ChIJKeonOc8vdTERW8CVUG8SrQk,Hasaki Beauty,OPERATIONAL,"723 Đ. Cách Mạng Tháng 8, Phường 6, Tân Bình, Thành phố Hồ Chí Minh, Vietnam",,4.0,"['point_of_interest', 'store', 'establishment']"
741,ChIJB9O3FyYvdTER_dqe06oCS7Y,Shop Thời Trang Nam Owen,OPERATIONAL,"130C Đ. Cách Mạng Tháng 8, Phường 10, Quận 3, Thành phố Hồ Chí Minh, Vietnam",,3.5,"['clothing_store', 'point_of_interest', 'store', 'establishment']"
742,ChIJBR2jDc8vdTERXdWocWND4PU,Lep',OPERATIONAL,"200A Đ. Cách Mạng Tháng 8, Phường 10, Quận 3, Thành phố Hồ Chí Minh 70000, Vietnam",,4.0,"['clothing_store', 'point_of_interest', 'store', 'establishment']"
745,ChIJPcDgMY0vdTERj2L7O9n1FzU,PEAK Sport Tân Bình - 1000 CMT8,OPERATIONAL,"1000 Đ. Cách Mạng Tháng 8, Phường 5, Tân Bình, Thành phố Hồ Chí Minh 700000, Vietnam",,4.9,"['point_of_interest', 'store', 'establishment']"
747,ChIJT1Ds_8wudTERXdTgTPWCuBU,Đại lý Việt Tiến Quận Tân Bình TpHCM,OPERATIONAL,"818 Đ. Cách Mạng Tháng 8, Phường 5, Tân Bình, Thành phố Hồ Chí Minh 700000, Vietnam",,4.7,"['clothing_store', 'point_of_interest', 'store', 'establishment']"
748,ChIJn83IE1ModTER_XoEbBkg0Ec,Hệ Thống Cửa Hàng Mẹ và Bé Bibo Mart - Thế Giới Đồ Sơ Sinh,OPERATIONAL,"412C Đ. Cách Mạng Tháng 8, Phường 10, Quận 3, Thành phố Hồ Chí Minh, Vietnam",,3.8,"['clothing_store', 'furniture_store', 'home_goods_store', 'store', 'point_of_interest', 'establishment']"
751,ChIJ2TGe0OQvdTERJ53KjyoP7B0,Orita,OPERATIONAL,"27 Đ. Cách Mạng Tháng 8, Phường 13, Quận 10, Thành phố Hồ Chí Minh, Vietnam",,3.0,"['store', 'point_of_interest', 'establishment']"
766,ChIJ55txODUpdTERt9Cri7Pvggc,Phòng Tập Gym & Yoga S'Life CMT8,OPERATIONAL,"686/20 Đ. Cách Mạng Tháng 8, Phường 7, Tân Bình, Thành phố Hồ Chí Minh 70000, Vietnam",,4.4,"['gym', 'health', 'point_of_interest', 'establishment']"
768,ChIJkQIASjsvdTERcjvbhDN_SQw,California Fitness & Yoga District 3,OPERATIONAL,"Toà nhà Lim Tower II, 62A Đ. Cách Mạng Tháng 8, Phường 6, Quận 3, Thành phố Hồ Chí Minh 700000, Vietnam",,3.8,"['gym', 'health', 'point_of_interest', 'establishment']"
770,ChIJny3dpWQvdTERrX_ZmqpWG2s,Top Pilates,OPERATIONAL,"Tầng 2 và 3, Ziuka Tower, 85 Đ. Cách Mạng Tháng 8, Phường Bến Thành, Quận 1, Thành phố Hồ Chí Minh 700000, Vietnam",,5.0,"['gym', 'health', 'point_of_interest', 'establishment']"
771,ChIJo1mAi7IvdTER3ARkut9xaZA,FIT LIFE Private Gym,OPERATIONAL,"463B/62 Đ. Cách Mạng Tháng 8, Phường 13, Quận 10, Thành phố Hồ Chí Minh, Vietnam",,5.0,"['gym', 'health', 'point_of_interest', 'establishment']"
773,ChIJI3STpxAvdTER3123WVA3Y34,YATA YOGA - Yoga And Trainer Academy,OPERATIONAL,"590/13 Đ. Cách Mạng Tháng 8, Phường 11, Quận 3, Thành phố Hồ Chí Minh 700000, Vietnam",,4.7,"['gym', 'health', 'point_of_interest', 'establishment']"
775,ChIJmYuOFjQvdTERozcuenIRZoU,The Shadow Dance Studio,OPERATIONAL,"766/83/19 Đ. Cách Mạng Tháng 8, Phường 5, Tân Bình, Thành phố Hồ Chí Minh, Vietnam",,5.0,"['gym', 'health', 'point_of_interest', 'establishment']"
776,ChIJ34KWq68vdTERxexodaZ-n_U,Sweat Home Fitness & Yoga Studio,OPERATIONAL,"540/11 Đ. Cách Mạng Tháng 8, Phường 11, Quận 3, Thành phố Hồ Chí Minh, Vietnam",,5.0,"['gym', 'health', 'point_of_interest', 'establishment']"
788,ChIJ70b3scQudTERnhYcveszp0s,Shine Yoga,OPERATIONAL,"126 Cách Mạng Tháng 8, Võ Thị Sáu, Quận 3, Thành phố Hồ Chí Minh 70000, Vietnam",,5.0,"['gym', 'health', 'point_of_interest', 'establishment']"
813,ChIJZzbAAl0vdTERgVOrasVlwXQ,RI-O Nail&More | Làm Nail Quận 1 | Chà gót chân | Gội Đầu Dưỡng Sinh Quận 1,OPERATIONAL,"49 Đ. Cách Mạng Tháng 8, Phường Phạm Ngũ Lão, Quận 1, Thành phố Hồ Chí Minh, Vietnam",,5.0,"['beauty_salon', 'point_of_interest', 'establishment']"
819,ChIJ3bPdJkwvdTERfTJh36l9MtQ,Phun Xăm Điêu Khắc Chân Mày Phong Thuỷ | Master Nyna Hà Thanh,OPERATIONAL,"472/16 Cách Mạng Tháng 8, Phường 11, Quận 3, Thành phố Hồ Chí Minh 100000, Vietnam",,5.0,"['beauty_salon', 'point_of_interest', 'establishment']"
827,ChIJNR1GTmEvdTERJBIheiAqXPY,Việt Nam Med,OPERATIONAL,"590 Đ. Cách Mạng Tháng 8, Phường 11, Quận 3, Thành phố Hồ Chí Minh 70000, Vietnam",,0.0,"['spa', 'health', 'point_of_interest', 'establishment']"
828,ChIJ9dGwLjUpdTERCaDAC4-X0hU,Cửa hàng dụng cụ y khoa thẩm mỹ Tuấn Kiệt,OPERATIONAL,"1172 Đ. Cách Mạng Tháng 8, Phường 4, Tân Bình, Thành phố Hồ Chí Minh, Vietnam",,4.5,"['store', 'point_of_interest', 'establishment']"
829,ChIJ55_kkF8pdTER2iDjUPt_qZE,Dụng Cụ Y Khoa Và Thẩm Mỹ An Khang,OPERATIONAL,"1234 Đ. Cách Mạng Tháng 8, Phường 4, Tân Bình, Thành phố Hồ Chí Minh 700000, Vietnam",,4.5,"['store', 'point_of_interest', 'establishment']"
831,ChIJj4nTDCgvdTERYE3cGUxdAP8,Akey Shop,OPERATIONAL,"333 Đ. Cách Mạng Tháng 8, Phường 12, Quận 10, Thành phố Hồ Chí Minh, Vietnam",,4.3,"['store', 'point_of_interest', 'establishment']"
833,ChIJJT6xy9YudTERkOwC2h5Q6Dg,SHOP Vali - Balo - Bags Van Phuc,OPERATIONAL,"1158 Đ. Cách Mạng Tháng 8, Phường 4, Tân Bình, Thành phố Hồ Chí Minh 70000, Vietnam",,4.5,"['point_of_interest', 'store', 'establishment']"
834,ChIJP8tNSkwvdTERL3CIZ-Nzyrg,Kính Mắt Việt Nam - VinaOptic 199A Cách Mạng Tháng 8,OPERATIONAL,"199A Đ. Cách Mạng Tháng 8, Phường 4, Quận 3, Thành phố Hồ Chí Minh 700000, Vietnam",,5.0,"['point_of_interest', 'store', 'establishment']"
836,ChIJe2Wymu0ndTERfkB1GTF9kPc,Khẩu Trang N99 - Khẩu Trang Cao Cấp,OPERATIONAL,"595/5 Đ. Cách Mạng Tháng 8, Phường 15, Quận 10, Thành phố Hồ Chí Minh 700000, Vietnam",,5.0,"['point_of_interest', 'store', 'establishment']"
837,ChIJ1-9EVCQvdTERVMLv-Eq8x5g,Kính Nhật - Japan Optical,OPERATIONAL,"96 Đ. Cách Mạng Tháng 8, Võ Thị Sáu, Quận 3, Thành phố Hồ Chí Minh, Vietnam",,4.4,"['health', 'point_of_interest', 'store', 'establishment']"
839,ChIJCU3Yr9cudTERRJkElp-yYQ0,APPLE Dental Clinic,OPERATIONAL,"475 Đ. Cách Mạng Tháng 8, Phường 13, Quận 10, Thành phố Hồ Chí Minh, Vietnam",,4.6,"['health', 'point_of_interest', 'establishment']"
846,ChIJ8Zn1AtcudTERTxzUFUHbkO0,Tiktak Cafe,OPERATIONAL,"503 Đ. Cách Mạng Tháng 8, Phường 13, Quận 10, Thành phố Hồ Chí Minh, Vietnam",,4.2,"['cafe', 'point_of_interest', 'food', 'store', 'establishment']"
849,ChIJ-1CFqEcvdTERsWoTm_RD6HI,Vải Hương,OPERATIONAL,"1090 Đ. Cách Mạng Tháng 8, Phường 4, Tân Bình, Thành phố Hồ Chí Minh 70000, Vietnam",,5.0,"['home_goods_store', 'point_of_interest', 'store', 'establishment']"
855,ChIJGVtakaAvdTERt9MW5hPNUbg,Tiệm sửa xe SINH,OPERATIONAL,"49 Đ. Cách Mạng Tháng 8, Phường 11, Quận 3, Thành phố Hồ Chí Minh, Vietnam",,5.0,"['car_repair', 'point_of_interest', 'establishment']"
856,ChIJH7fJDbUvdTERHP4PvkLqgyY,Sửa xe máy.cứu hộ xe máy,OPERATIONAL,"874 Cách Mạng Tháng 8, Phường 5, Tân Bình, Thành phố Hồ Chí Minh 700000, Vietnam",,5.0,"['car_repair', 'point_of_interest', 'establishment']"
857,ChIJdXIq8swudTERHUFtbKzLkAk,Lốp xe máy airblade,OPERATIONAL,"874 Đ. Cách Mạng Tháng 8, Phường 7, Tân Bình, Thành phố Hồ Chí Minh, Vietnam",,1.0,"['car_repair', 'point_of_interest', 'establishment']"
858,ChIJHf6C4EgvdTER1vEKnW6nyXs,Kính xe hơi quận 10,OPERATIONAL,"hẻm 521 Đ. Cách Mạng Tháng 8, Phường 13, Quận 10, Thành phố Hồ Chí Minh 700000, Vietnam",,5.0,"['car_repair', 'point_of_interest', 'establishment']"
884,ChIJ30r42NMvdTERdotnUxp5HLA,Phuc Long Coffee & Tea,OPERATIONAL,"130 Đ. Cách Mạng Tháng 8, Phường 8, Quận 3, Thành phố Hồ Chí Minh, Vietnam",2.0,3.8,"['cafe', 'food', 'point_of_interest', 'establishment']"
896,ChIJxzXn6NcudTERIQ6TX2uAZgc,Hoa Hung Post Office,OPERATIONAL,"411 Đ. Cách Mạng Tháng 8, Phường 13, Quận 10, Thành phố Hồ Chí Minh, Vietnam",,3.7,"['post_office', 'finance', 'point_of_interest', 'establishment']"
897,ChIJy2FGplsvdTERYKcuiAnypMI,Bưu Điện Việt Nam,OPERATIONAL,"697 Đ. Cách Mạng Tháng 8, Phường 6, Tân Bình, Thành phố Hồ Chí Minh, Vietnam",,0.0,"['post_office', 'finance', 'point_of_interest', 'establishment']"
903,ChIJ6Ux73mrZdDERRXdrq08fQq8,"Quay phim, Chụp hình phóng sự cưới uy tín ở TPHCM | Lavender Wedding",OPERATIONAL,"590/c2 Đ. Cách Mạng Tháng 8, Phường 11, Quận 3, Thành phố Hồ Chí Minh 70000, Vietnam",,5.0,"['point_of_interest', 'establishment']"
923,ChIJS0TENGrZdDERQkKJ0479468,Chụp hình ngoại cảnh đẹp ở TPHCM | Lavender Studio,OPERATIONAL,"588/ c2 Đ. Cách Mạng Tháng 8, Phường 11, Quận 3, Thành phố Hồ Chí Minh 700000, Vietnam",,4.7,"['point_of_interest', 'establishment']"
929,ChIJ75ZJaz4vdTER2mfP4F3qi2s,Công ty cổ phần địa ốc Olympic,OPERATIONAL,"493/88B Đ. Cách Mạng Tháng 8, Phường 13, Quận 10, Thành phố Hồ Chí Minh 700000, Vietnam",,5.0,"['finance', 'point_of_interest', 'establishment']"
932,ChIJ0_GlqdcudTERmOnaKKMpbWc,Đại Lý Nệm Thanh Thúy,OPERATIONAL,"475 Đ. Cách Mạng Tháng 8, Phường 13, Quận 10, Thành phố Hồ Chí Minh, Vietnam",,5.0,"['furniture_store', 'home_goods_store', 'store', 'point_of_interest', 'establishment']"
934,ChIJEQYwaTwvdTERHKH3X8pxaI8,Poly Rattan Furniture,OPERATIONAL,"35/21 Đ. Cách Mạng Tháng 8, Phường 15, Quận 10, Thành phố Hồ Chí Minh, Vietnam",,0.0,"['furniture_store', 'home_goods_store', 'store', 'point_of_interest', 'establishment']"
935,ChIJUWTnVqUvdTER2vm8Ivh60og,Bàn Thờ Mekoong,OPERATIONAL,"1022 Đ. Cách Mạng Tháng 8, Phường 5, Tân Bình, Thành phố Hồ Chí Minh, Vietnam",,5.0,"['furniture_store', 'home_goods_store', 'store', 'point_of_interest', 'establishment']"
941,ChIJQz9K1zYvdTER1FISMQ3zRA0,Lắp Mạng Viettel Quận 3 - Internet Cáp Quang Viettel,OPERATIONAL,"644A Đ. Cách Mạng Tháng 8, Phường 11, Quận 3, Thành phố Hồ Chí Minh, Vietnam",,3.3,"['furniture_store', 'home_goods_store', 'store', 'point_of_interest', 'establishment']"
942,ChIJnfyPRssudTERHvh8_duneBM,Cửa Hàng Võng Xếp Trường Sơn,OPERATIONAL,"1052 Đ. Cách Mạng Tháng 8, Phường 4, Tân Bình, Thành phố Hồ Chí Minh, Vietnam",,4.7,"['furniture_store', 'home_goods_store', 'store', 'point_of_interest', 'establishment']"
948,ChIJ7WXfQnEvdTERBS3aHx4AlhU,Tranh Dán Tường 3D Sài Gòn,OPERATIONAL,"575/33b, Đ. Cách Mạng Tháng 8, Phường 15, Quận 10, Thành phố Hồ Chí Minh 70000, Vietnam",,4.5,"['home_goods_store', 'point_of_interest', 'store', 'establishment']"
953,ChIJo8BNl8wudTERQ_40oc1TNH8,Nha Khoa Nam Á,OPERATIONAL,"1016 Đ. Cách Mạng Tháng 8, Phường 5, Tân Bình, Thành phố Hồ Chí Minh, Vietnam",,5.0,"['dentist', 'point_of_interest', 'health', 'establishment']"
954,ChIJa2lnoNgudTERk2OIILOyjZ4,Nha Khoa Lam Anh,OPERATIONAL,"329 Đ. Cách Mạng Tháng 8, Phường 12, Quận 10, Thành phố Hồ Chí Minh 740418, Vietnam",,4.0,"['point_of_interest', 'health', 'establishment']"
956,ChIJ___6LSYvdTERwb1802NZjuc,Nha Khoa Kim - Phòng Khám Nha Khoa Uy Tín Quận 10,OPERATIONAL,"285 Đ. Cách Mạng Tháng 8, Phường 12, Quận 10, Thành phố Hồ Chí Minh 700000, Vietnam",,4.4,"['point_of_interest', 'health', 'establishment']"
957,ChIJ-emIpc0udTERCOs4A225YNc,Blue Sky Dental - Nha khoa Thiên Thanh,OPERATIONAL,"763 Đ. Cách Mạng Tháng 8, Phường 6, Tân Bình, Thành phố Hồ Chí Minh 700000, Vietnam",,5.0,"['point_of_interest', 'health', 'establishment']"
959,ChIJPb3AfkUvdTERE4wE3wSqeQY,Công ty TNHH Angel Yacht,OPERATIONAL,"429 Đ. Cách Mạng Tháng 8, P. Phú Thuận, TP, Thành phố Hồ Chí Minh 700000, Vietnam",,5.0,"['travel_agency', 'point_of_interest', 'establishment']"
960,ChIJf4JMguEvdTEREK3ROFmN8gE,Công ty cổ phần Quốc tế 247 VN,OPERATIONAL,"179 EF, Đ. Cách Mạng Tháng 8, Phường 05, Quận 3, Thành phố Hồ Chí Minh, Vietnam",,5.0,"['travel_agency', 'point_of_interest', 'establishment']"
961,ChIJwWcjRNEudTEREErr1Q6F-qc,Đại Lý Bảo Ngọc,OPERATIONAL,"458 Đ. Cách Mạng Tháng 8, Phường 11, Quận 3, Thành phố Hồ Chí Minh, Vietnam",,5.0,"['point_of_interest', 'store', 'establishment']"
962,ChIJPw_XdGAvdTERVfWE8oe1lso,"Đại lý Đạt Phú Ba lô cặp học sinh Va li, CMT8 Tân Bình TP HCM",OPERATIONAL,"688 Đ. Cách Mạng Tháng 8, Phường 6, Tân Bình, Thành phố Hồ Chí Minh, Vietnam",,5.0,"['point_of_interest', 'store', 'establishment']"
1002,ChIJ9eLfYrwvdTERW7DMcFcZ2kM,LB Eyewear - CMT8 - Mắt Kính Tân Bình,OPERATIONAL,"682 Đ. Cách Mạng Tháng 8, Phường 5, Tân Bình, Thành phố Hồ Chí Minh, Vietnam",,4.5,"['store', 'point_of_interest', 'establishment']"
1008,ChIJCYqIxQgvdTER3dCtKt6rZs0,Siêu Thị Quà Tặng Mekoong,OPERATIONAL,"439 Đ. Cách Mạng Tháng 8, Phường 13, Quận 10, Thành phố Hồ Chí Minh, Vietnam",,0.0,"['store', 'point_of_interest', 'establishment']"
1020,ChIJvYOCKj4vdTERqojElz3XRhk,Gyomu Japan Supermarket,OPERATIONAL,"62A Đ. Cách Mạng Tháng 8, Phường 6, Quận 3, Thành phố Hồ Chí Minh, Vietnam",,4.3,"['grocery_or_supermarket', 'store', 'food', 'point_of_interest', 'establishment']"
1028,ChIJ868jzRovdTERWH9HePbCDSI,Sửa chữa macbook Tín Nhân,OPERATIONAL,"285/51 Đ. Cách Mạng Tháng 8, Phường 12, Quận 10, Thành phố Hồ Chí Minh 700000, Vietnam",,5.0,"['point_of_interest', 'establishment']"
1029,ChIJny5OPTMvdTERrXGl4XzXRhA,Trung Tâm Bảo Hành Ủy Quyền Apple - Topcare,OPERATIONAL,"759 Đ. Cách Mạng Tháng 8, Phường 6, Tân Bình, Thành phố Hồ Chí Minh 70000, Vietnam",,4.8,"['point_of_interest', 'establishment']"
1031,ChIJTWzfBtcudTERd7wKoc1B3x4,Sửa Máy Ảnh 24H,OPERATIONAL,"493/2b Đ. Cách Mạng Tháng 8, Phường 13, Quận 10, Thành phố Hồ Chí Minh, Vietnam",,3.9,"['electronics_store', 'store', 'point_of_interest', 'establishment']"
1033,ChIJU84KUDsvdTERjxu1FInmDjU,Trung Tâm Sửa Chữa Applesaigon1,OPERATIONAL,"50 Đ. Cách Mạng Tháng 8, Phường 6, Quận 3, Thành phố Hồ Chí Minh 700000, Vietnam",,5.0,"['point_of_interest', 'establishment']"
1034,ChIJuaadDfAvdTERzg8WNKtLCcE,Alosuamaytinh- Sửa chữa laptop NHANH - UY TÍN - tại TP HCM,OPERATIONAL,"179 Đ. Cách Mạng Tháng 8, Phường 5, Quận 3, Thành phố Hồ Chí Minh, Vietnam",,5.0,"['point_of_interest', 'establishment']"
1042,ChIJGThaU3svdTERRdCxXekSojs,Photocopy - In Ấn - Chụp Hình Thẻ Minh Phúc,OPERATIONAL,"381D Đ. Cách Mạng Tháng 8, P.13, Quận 10, Thành phố Hồ Chí Minh 740200, Vietnam",,5.0,"['point_of_interest', 'establishment']"
1043,ChIJhbhK7KIvdTERvqe2up0mkaA,Nhà Pi Pet Shop,OPERATIONAL,"416 Đ. Cách Mạng Tháng 8, Phường 11, Quận 3, Thành phố Hồ Chí Minh 700000, Vietnam",,5.0,"['pet_store', 'store', 'point_of_interest', 'establishment']"
1044,ChIJVzfzcNAvdTERXIAH5Kj3SEo,Pet Center,OPERATIONAL,"42 Đ. Cách Mạng Tháng 8, Phường 6, Quận 3, Thành phố Hồ Chí Minh, Vietnam",,3.8,"['point_of_interest', 'establishment']"
1051,ChIJpTVXCOgvdTERuS853Hokc-w,Giặt Sấy Bà Già,OPERATIONAL,"590/E5, Đ. Cách Mạng Tháng 8, Phường 11, Quận 3, Thành phố Hồ Chí Minh, Vietnam",,5.0,"['laundry', 'point_of_interest', 'establishment']"
1054,ChIJNYWd2fkvdTEREawSrBSaP4Q,Tiệm Giặt Ủi KAVA. Vệ Sinh Giày,OPERATIONAL,"766/8 Đ. Cách Mạng Tháng 8, Phường 5, Tân Bình, Thành phố Hồ Chí Minh, Vietnam",,5.0,"['laundry', 'point_of_interest', 'establishment']"
1062,ChIJO1nartYudTERNh1qsjA2p8k,Giặt Sấy Công Cộng,OPERATIONAL,"436/57 Đ. Cách Mạng Tháng 8, Phường 11, Quận 3, Thành phố Hồ Chí Minh 700000, Vietnam",,1.0,"['laundry', 'point_of_interest', 'establishment']"
1075,ChIJ8T9FQtEudTERlEssrukThE4,Quán Ăn 257,OPERATIONAL,"601 Đ. Cách Mạng Tháng 8, Phường 15, Quận 10, Thành phố Hồ Chí Minh, Vietnam",,0.0,"['restaurant', 'food', 'point_of_interest', 'establishment']"
1084,ChIJ1YUb40cvdTERzEHKToPcQCQ,Bún Bò O Hương | Bún Bò Cách Mạng Tháng Tám | Bún Bò Quận 3,OPERATIONAL,"444/2/2 Đ. Cách Mạng Tháng 8, Phường 11, Quận 3, Thành phố Hồ Chí Minh, Vietnam",,4.8,"['restaurant', 'food', 'point_of_interest', 'establishment']"
1085,ChIJzQD1r9cudTERh5Jz4ut-hqk,Quán Mì Hòa Ký,OPERATIONAL,"521 Đ. Cách Mạng Tháng 8, Phường 13, Quận 10, Thành phố Hồ Chí Minh, Vietnam",,4.2,"['store', 'restaurant', 'food', 'point_of_interest', 'establishment']"
1087,ChIJ4RhaYbwvdTERWN0ohagrhwM,Bếp Nhà Tôi- Món Ngon Nam Bộ,OPERATIONAL,"322 Đ. Cách Mạng Tháng 8, Phường 15, Quận 11, Thành phố Hồ Chí Minh, Vietnam",,0.0,"['restaurant', 'food', 'point_of_interest', 'establishment']"
1090,ChIJ6wyJk34vdTERKUBUGj1eIVE,Cơm Liễn,OPERATIONAL,"132C Đ. Cách Mạng Tháng 8, Phường 10, Quận 3, Thành phố Hồ Chí Minh, Vietnam",,3.2,"['restaurant', 'food', 'point_of_interest', 'establishment']"
1092,ChIJsxdfX08vdTERaRf4ONBF-GQ,Bao Pự | Bánh Bao Ngon Quận 10,OPERATIONAL,"350 Đ. Cách Mạng Tháng 8, Phường 10, Quận 10, Thành phố Hồ Chí Minh, Vietnam",,5.0,"['restaurant', 'food', 'point_of_interest', 'establishment']"
1099,ChIJBcBn49cudTERj2RMj5evNbE,Quán Phở Trâm,OPERATIONAL,"389c Đ. Cách Mạng Tháng 8, Phường 13, Quận 10, Thành phố Hồ Chí Minh, Vietnam",,0.0,"['restaurant', 'food', 'point_of_interest', 'establishment']"
1100,ChIJ5yaipOMvdTER-hZ8kWPbshE,Anh Út - Mì Quảng Trộn - Mì Quảng Ngon,OPERATIONAL,"609/20B Đ. Cách Mạng Tháng 8, Phường 15, Quận 10, Thành phố Hồ Chí Minh 700000, Vietnam",,4.8,"['restaurant', 'meal_takeaway', 'meal_delivery', 'food', 'point_of_interest', 'establishment']"
1109,ChIJo6-NOfIpdTERG9zChKA9w3s,Quán cà phê,OPERATIONAL,"1192 Đ. Cách Mạng Tháng 8, Phường 7, Tân Bình, Thành phố Hồ Chí Minh, Vietnam",,4.0,"['cafe', 'food', 'point_of_interest', 'store', 'establishment']"
1110,ChIJtfBFAUYvdTER5SjmyhC2BIc,Thép Cà Phê,OPERATIONAL,"590|13, Đ. Cách Mạng Tháng 8, Phường 11, Quận 3, Thành phố Hồ Chí Minh 70000, Vietnam",,3.7,"['cafe', 'food', 'point_of_interest', 'establishment']"
1111,ChIJE_BzRaovdTEReCIulleKMQ8,E-Coffee Trung Nguyên,OPERATIONAL,"766/9 Đ. Cách Mạng Tháng 8, Phường 5, Tân Bình, Thành phố Hồ Chí Minh, Vietnam",,4.5,"['cafe', 'food', 'point_of_interest', 'establishment']"
1112,ChIJ5W2-NAQvdTERtQdrVDPD3wM,MaChiCo - Cách Mạng Tháng 8,OPERATIONAL,"781 Đ. Cách Mạng Tháng 8, Phường 6, Tân Bình, Thành phố Hồ Chí Minh, Vietnam",,5.0,"['cafe', 'food', 'point_of_interest', 'store', 'establishment']"
1113,ChIJ1yGudQMvdTERdjPazj7cI34,H - COFFEE,OPERATIONAL,"283/1 Đ. Cách Mạng Tháng 8, Phường 12, Quận 10, Thành phố Hồ Chí Minh, Vietnam",,4.5,"['cafe', 'food', 'point_of_interest', 'store', 'establishment']"
1114,ChIJFyO_DT8vdTER4XCYrN-lJuY,Coffee 609,OPERATIONAL,"609c Đ. Cách Mạng Tháng 8, Phường 15, Quận 10, Thành phố Hồ Chí Minh, Vietnam",,5.0,"['cafe', 'food', 'point_of_interest', 'store', 'establishment']"
1116,ChIJfThG-CQvdTERROrfBC6Jlu0,Cà Phê Tân,OPERATIONAL,"199 Đ. Cách Mạng Tháng 8, Phường 4, Quận 3, Thành phố Hồ Chí Minh, Vietnam",,4.5,"['cafe', 'food', 'point_of_interest', 'establishment']"
1117,ChIJ91VaG9IudTERtq5wRJheBuE,Cafe Thuy Truc garden,OPERATIONAL,"Đ. Cách Mạng Tháng 8, Phường 15, Quận 10, Thành phố Hồ Chí Minh, Vietnam",,3.9,"['cafe', 'restaurant', 'food', 'point_of_interest', 'store', 'establishment']"
1118,ChIJM1K-VLkvdTERhU71Ab_rkAs,Coffee Day,OPERATIONAL,"436/24 Đ. Cách Mạng Tháng 8, Phường 11, Quận 3, Thành phố Hồ Chí Minh, Vietnam",,4.0,"['cafe', 'food', 'point_of_interest', 'store', 'establishment']"
1119,ChIJo3yBQdsvdTERFpJVBBR3h6M,Bo’ Cafe & Drinks,OPERATIONAL,"590 8 Đ. Cách Mạng Tháng 8, Phường 11, Quận 3, Thành phố Hồ Chí Minh, Vietnam",,4.9,"['cafe', 'food', 'point_of_interest', 'establishment']"
1127,ChIJhVP6F8wvdTERRHAyYLyouv4,Legend Coffee,OPERATIONAL,"87A Đ. Cách Mạng Tháng 8, Phường Phạm Ngũ Lão, Quận 1, Thành phố Hồ Chí Minh, Vietnam",,4.2,"['cafe', 'food', 'point_of_interest', 'establishment']"
1128,ChIJvVHbH2kvdTERN8unEsKnTZQ,Caf É Essentials,OPERATIONAL,"93 Đ. Cách Mạng Tháng 8, Phường Phạm Ngũ Lão, Quận 1, Thành phố Hồ Chí Minh, Vietnam",,3.6,"['cafe', 'store', 'food', 'point_of_interest', 'establishment']"
1129,ChIJ9aCCMTQvdTERjsbt7tlYld8,GUTA CAFE - 199 CMT8,OPERATIONAL,"199 Đ. Cách Mạng Tháng 8, Phường 4, Quận 3, Thành phố Hồ Chí Minh, Vietnam",2.0,4.5,"['cafe', 'store', 'food', 'point_of_interest', 'establishment']"
1130,ChIJ8YZUSvIvdTERomRRO09UuQU,Day Dreams Yugioh Coffee,OPERATIONAL,"648 Đ. Cách Mạng Tháng 8, Phường 11, Quận 3, Thành phố Hồ Chí Minh, Vietnam",,4.7,"['cafe', 'food', 'point_of_interest', 'establishment']"
1133,ChIJj3EW4ywvdTERHOaT_mQZogQ,Cà Phê Muối Chú Long,OPERATIONAL,"194 Đ. Cách Mạng Tháng 8, Phường 12, Quận 3, Thành phố Hồ Chí Minh, Vietnam",,2.9,"['cafe', 'store', 'food', 'point_of_interest', 'establishment']"
1135,ChIJC3uopswudTERPFHxZTyW_TA,TikTak - Trà sữa & Trà đào,OPERATIONAL,"320/497 Đ. Cách Mạng Tháng 8, Phường 5, Tân Bình, Thành phố Hồ Chí Minh, Vietnam",,3.9,"['cafe', 'food', 'point_of_interest', 'establishment']"
1136,ChIJ6U6o1NQvdTERFSQNS09LGtA,Robica Coffee,OPERATIONAL,"277b Đ. Cách Mạng Tháng 8, Phường 12, Quận 10, Thành phố Hồ Chí Minh, Vietnam",,5.0,"['cafe', 'store', 'food', 'point_of_interest', 'establishment']"
1138,ChIJf9iy2-UvdTERZS_6pwX7EYc,Lộc Phát 199,OPERATIONAL,"199/3 Đ. Cách Mạng Tháng 8, Phường 4, Quận 3, Thành phố Hồ Chí Minh, Vietnam",,5.0,"['cafe', 'food', 'point_of_interest', 'establishment']"
1139,ChIJgfoV2q8vdTERXg3JiOxqBAs,The Alley,OPERATIONAL,"409 Đ. Cách Mạng Tháng 8, Phường 13, Quận 10, Thành phố Hồ Chí Minh, Vietnam",2.0,4.1,"['cafe', 'food', 'point_of_interest', 'establishment']"
1142,ChIJw1C8-s0vdTER6nwHoce1M0k,Fashion Shop Ngọc Vy,OPERATIONAL,"435 Đ. Cách Mạng Tháng 8, Phường 13, Quận 10, Thành phố Hồ Chí Minh, Vietnam",,5.0,"['clothing_store', 'point_of_interest', 'store', 'establishment']"
1143,ChIJZQS6DSgvdTERFoj97ui-MFk,Shop EA,OPERATIONAL,"250 Đ. Cách Mạng Tháng 8, Phường 10, Quận 3, Thành phố Hồ Chí Minh, Vietnam",,4.5,"['clothing_store', 'point_of_interest', 'store', 'establishment']"
1144,ChIJNyCpftEudTER-z3aGBpWGxk,Shop Thời Trang Gpt,OPERATIONAL,"512 Đ. Cách Mạng Tháng 8, Phường 11, Quận 3, Thành phố Hồ Chí Minh, Vietnam",,4.4,"['clothing_store', 'point_of_interest', 'store', 'establishment']"
1145,ChIJ6-2_Q9EudTERnXjmT6KTUWk,Công Ty Tnhh Mtv Thời Trang Kapo - Shop Thời Trang Kapo,OPERATIONAL,"468 Đ. Cách Mạng Tháng 8, Phường 11, Quận 10, Thành phố Hồ Chí Minh, Vietnam",,3.6,"['clothing_store', 'point_of_interest', 'store', 'establishment']"
1146,ChIJ-evxGlwvdTER_xx7vvgcbeM,Heli Store - Dickies Việt Nam,OPERATIONAL,"575/21 Đ. Cách Mạng Tháng 8, Phường 15, Quận 10, Thành phố Hồ Chí Minh, Vietnam",,4.9,"['clothing_store', 'point_of_interest', 'store', 'establishment']"
1147,ChIJk_jMV7QvdTER6VzVe74roJY,THE MOON UNISEX,OPERATIONAL,"412 Đ. Cách Mạng Tháng 8, Phường 10, Quận 3, Thành phố Hồ Chí Minh, Vietnam",,0.0,"['clothing_store', 'point_of_interest', 'store', 'establishment']"
1148,ChIJo9qLP2EvdTERznimGRtF6Ao,Sờn Boutique,OPERATIONAL,"590/E13 Đ. Cách Mạng Tháng 8, Phường 11, Quận 3, Thành phố Hồ Chí Minh 700000, Vietnam",,4.9,"['clothing_store', 'point_of_interest', 'store', 'establishment']"
1151,ChIJba4IZ7ovdTERh7HFuX8mowk,Rich Store,OPERATIONAL,"656 Đ. Cách Mạng Tháng 8, Phường 11, Quận 3, Thành phố Hồ Chí Minh, Vietnam",,5.0,"['clothing_store', 'point_of_interest', 'store', 'establishment']"
1152,ChIJf7GE1okvdTERVxApPxWPO4g,SHOP PHẠM TUẤN HIỆP,OPERATIONAL,"336 Đ. Cách Mạng Tháng 8, Phường 10, Quận 3, Thành phố Hồ Chí Minh, Vietnam",,5.0,"['clothing_store', 'point_of_interest', 'store', 'establishment']"
1153,ChIJZ9T-MlUvdTERatvwMANjUU0,THE GMEN STORE,OPERATIONAL,"629 Đ. Cách Mạng Tháng 8, Phường 15, Quận 10, Thành phố Hồ Chí Minh, Vietnam",,4.5,"['clothing_store', 'point_of_interest', 'store', 'establishment']"
1154,ChIJQ38zDigvdTER4hiBOt3LYjM,Milano Store,OPERATIONAL,"381 Đ. Cách Mạng Tháng 8, P.13, Quận 10, Thành phố Hồ Chí Minh 70000, Vietnam",,4.0,"['clothing_store', 'point_of_interest', 'store', 'establishment']"
1155,ChIJ3e9Co80udTERQu-1u0USiy0,Shop Thời Trang Nữ Ngọc Quyên,OPERATIONAL,"753 Đ. Cách Mạng Tháng 8, Phường 6, Tân Bình, Thành phố Hồ Chí Minh, Vietnam",,3.5,"['clothing_store', 'point_of_interest', 'store', 'establishment']"
1156,ChIJzfGSNNEudTER47MlKFyW_nE,Katus Store,OPERATIONAL,"1036/25 Đ. Cách Mạng Tháng 8, Phường 4, Tân Bình, Thành phố Hồ Chí Minh 70000, Vietnam",,4.3,"['clothing_store', 'point_of_interest', 'store', 'establishment']"
1157,ChIJc8pQAC0vdTERXaTWx8qIF40,Phenomenal.bb,OPERATIONAL,"36, Đ. Đỗ Thị Lời/436/36 Đ. Cách Mạng Tháng 8, Quận 3, Thành phố Hồ Chí Minh, Vietnam",,4.7,"['clothing_store', 'point_of_interest', 'store', 'establishment']"
1158,ChIJbwmouNcudTERJ-VE1NcUJAE,Mr. li shop,OPERATIONAL,"615 Đ. Cách Mạng Tháng 8, Phường 15, Quận 10, Thành phố Hồ Chí Minh, Vietnam",,3.0,"['clothing_store', 'point_of_interest', 'store', 'establishment']"
1159,ChIJv--Nu1IvdTERBmjl0ITs8HE,Hí Shop,OPERATIONAL,"62 Đ. Cách Mạng Tháng 8, Phường 13, Quận 10, Thành phố Hồ Chí Minh 700000, Vietnam",,0.0,"['clothing_store', 'point_of_interest', 'store', 'establishment']"
1160,ChIJiabJeIUvdTEROtPuOckDNVg,CƯƠNG Store - CMT8 - HCM,OPERATIONAL,"397 Đ. Cách Mạng Tháng 8, Phường 13, Quận 10, Thành phố Hồ Chí Minh 700000, Vietnam",,4.0,"['clothing_store', 'point_of_interest', 'store', 'establishment']"
1162,ChIJv5HyGNEudTER6FkM-jFKzQ4,PT2000,OPERATIONAL,"603 Đ. Cách Mạng Tháng 8, Phường 15, Quận 10, Thành phố Hồ Chí Minh 700000, Vietnam",,4.2,"['clothing_store', 'point_of_interest', 'store', 'establishment']"
1165,ChIJ19K8l-4vdTER3aYoERYukSU,RẬP Cách Mạng Tháng Tám,OPERATIONAL,"130A Đ. Cách Mạng Tháng 8, Phường 10, Quận 3, Thành phố Hồ Chí Minh, Vietnam",,4.5,"['clothing_store', 'point_of_interest', 'store', 'establishment']"
1166,ChIJ4Vg3FiYvdTERwsOPiw1qz6w,Thời trang công sở K&K Fashion CMT8,OPERATIONAL,"132A Đ. Cách Mạng Tháng 8, Phường 10, Quận 3, Thành phố Hồ Chí Minh, Vietnam",,4.2,"['clothing_store', 'point_of_interest', 'store', 'establishment']"
1168,ChIJl17sw9cudTERmt_WolEt12Q,THỜI TRANG =Z=,OPERATIONAL,"318 Đ. Cách Mạng Tháng 8, Phường 10, Quận 3, Thành phố Hồ Chí Minh 700000, Vietnam",,3.3,"['clothing_store', 'point_of_interest', 'store', 'establishment']"
1169,ChIJ75WMNqIvdTERncB7J3M2jHY,X70.NEW - Spring Seventy,OPERATIONAL,"777 Đ. Cách Mạng Tháng 8, Phường 15, Quận 10, Thành phố Hồ Chí Minh, Vietnam",,4.0,"['clothing_store', 'point_of_interest', 'store', 'establishment']"
1170,ChIJzXUadLIvdTERzFVHONbVnnA,Đầm ngủ Hatu,OPERATIONAL,"492 Đ. Cách Mạng Tháng 8, Phường 11, Quận 3, Thành phố Hồ Chí Minh, Vietnam",,3.0,"['clothing_store', 'point_of_interest', 'store', 'establishment']"
1171,ChIJFXtn4dcudTERz88I09T4smc,HAI fashion,OPERATIONAL,"389B Đ. Cách Mạng Tháng 8, Phường 13, Quận 10, Thành phố Hồ Chí Minh, Vietnam",,5.0,"['clothing_store', 'point_of_interest', 'store', 'establishment']"
1174,ChIJ7WhGbHEvdTER99AMDdieVBk,FM Style 274 Cách Mạng Tháng 8,OPERATIONAL,"274 Đ. Cách Mạng Tháng 8, Phường 10, Quận 3, Thành phố Hồ Chí Minh 72400, Vietnam",,4.5,"['clothing_store', 'store', 'point_of_interest', 'establishment']"
1175,ChIJ_9SgbugvdTEROe0cFmOjNa8,OOTD Store Bigsize Quận 10,OPERATIONAL,"571B Đ. Cách Mạng Tháng 8, Phường 15, Quận 10, Thành phố Hồ Chí Minh, Vietnam",,4.3,"['clothing_store', 'store', 'point_of_interest', 'establishment']"
1176,ChIJLfAIr9cudTERfifs7cWrO2A,Fashion Da Màu,OPERATIONAL,"356c Đ. Cách Mạng Tháng 8, Phường 10, Quận 10, Thành phố Hồ Chí Minh, Vietnam",,0.0,"['clothing_store', 'store', 'point_of_interest', 'establishment']"
1177,ChIJZT-oP9UvdTERy1eUCWu9c-0,Sop X88,OPERATIONAL,"318 Đ. Cách Mạng Tháng 8, Phường 10, Quận 3, Thành phố Hồ Chí Minh, Vietnam",,4.5,"['clothing_store', 'store', 'point_of_interest', 'establishment']"
1178,ChIJDRKqaY8vdTERmmoZLwBNvHg,L'JIN STORE,OPERATIONAL,"531E Đ. Cách Mạng Tháng 8, Phường 13, Quận 10, Thành phố Hồ Chí Minh, Vietnam",,3.5,"['clothing_store', 'store', 'point_of_interest', 'establishment']"
1179,ChIJyRc4VSovdTERxkFVBiwYIig,FOR HER SHOP,OPERATIONAL,"206B Đ. Cách Mạng Tháng 8, Phường 10, Quận 3, Thành phố Hồ Chí Minh 700000, Vietnam",,4.6,"['clothing_store', 'store', 'point_of_interest', 'establishment']"
1180,ChIJYVLEjj8vdTERkhbT1DkIl54,SHOP À CÔTÉ,OPERATIONAL,"463B/6G Đ. Cách Mạng Tháng 8, Phường 13, Quận 10, Thành phố Hồ Chí Minh, Vietnam",,0.0,"['clothing_store', 'store', 'point_of_interest', 'establishment']"
1181,ChIJH1pJdigvdTERoD2QneKfMcc,Wonder House,OPERATIONAL,"305 Đ. Cách Mạng Tháng 8, Phường 12, Quận 10, Thành phố Hồ Chí Minh, Vietnam",,4.1,"['clothing_store', 'store', 'point_of_interest', 'establishment']"
1182,ChIJzaAE24QvdTER5cK-t4zcKI4,RUZA - Cách Mạng Tháng 8,OPERATIONAL,"535 Đ. Cách Mạng Tháng 8, Phường 15, Quận 10, Thành phố Hồ Chí Minh 70000, Vietnam",,0.0,"['clothing_store', 'store', 'point_of_interest', 'establishment']"
1183,ChIJvyWgj1YvdTERVGQeVmCRy_s,HERO STORE,OPERATIONAL,"571/1E Đ. Cách Mạng Tháng 8, Phường 13, Quận 10, Thành phố Hồ Chí Minh 70000, Vietnam",,0.0,"['clothing_store', 'store', 'point_of_interest', 'establishment']"
1185,ChIJ1XYSYVQvdTERBjezGQtnth0,Tiệm Cắt Tóc Nam PHƯƠNG,OPERATIONAL,"Hẻm 285/164, Đ. Cách Mạng Tháng 8, Thành phố Hồ Chí Minh, 700000, Vietnam",,0.0,"['hair_care', 'health', 'point_of_interest', 'establishment']"
1188,ChIJi-qhSNEudTERB139a8KuKKI,Hair Salon Đông Du,OPERATIONAL,"595/19 B CMT8 P.15 Q.10, Thành phố Hồ Chí Minh, Vietnam",,3.8,"['hair_care', 'health', 'point_of_interest', 'establishment']"
1192,ChIJOUnqwiIpdTERs1KJ1WqpLqk,Sweeney Todd Barber Shop - Tiệm Đầu lâu,OPERATIONAL,"ĐỐI DIỆN 457/75, Đ. Cách Mạng Tháng 8, Quận 10, Thành phố Hồ Chí Minh 700000, Vietnam",,4.9,"['hair_care', 'health', 'point_of_interest', 'establishment']"
1196,ChIJnegXezQvdTERWlpAhZLQB-k,The Cut Station CMT8,OPERATIONAL,"894 Đ. Cách Mạng Tháng 8, Phường 5, Tân Bình, Thành phố Hồ Chí Minh 700000, Vietnam",,4.6,"['hair_care', 'health', 'point_of_interest', 'establishment']"
1206,ChIJOZulw3AvdTEReKx6WHQG8YI,Gcuts Barbershop,OPERATIONAL,"283/48 Đ. Cách Mạng Tháng 8, Phường 12, Quận 10, Thành phố Hồ Chí Minh 70000, Vietnam",,4.8,"['hair_care', 'health', 'point_of_interest', 'establishment']"
1208,ChIJLZknflQvdTER3ABxtFg4MM4,NT Hồng Nails,OPERATIONAL,"493/17b Đ. Cách Mạng Tháng 8, Phường 13, Quận 10, Thành phố Hồ Chí Minh, Vietnam",,5.0,"['beauty_salon', 'hair_care', 'point_of_interest', 'establishment']"
1215,ChIJv1kf8nAvdTER7WPcIKyP5BI,namperfume CMT8,OPERATIONAL,"45-47 Đ. Cách Mạng Tháng 8, Phường Phạm Ngũ Lão, Quận 1, Thành phố Hồ Chí Minh, Vietnam",,4.9,"['clothing_store', 'store', 'point_of_interest', 'establishment']"
1220,ChIJCZzYtmgvdTERwyH9zz_eK_E,Good gas,OPERATIONAL,"531 Đ. Cách Mạng Tháng 8, Phường 13, Quận 10, Thành phố Hồ Chí Minh, Vietnam",,4.3,"['point_of_interest', 'store', 'establishment']"
1221,ChIJpaDE9EAvdTERfcEaU3L4QaE,BẾP NHÀ TRÂM,OPERATIONAL,"595 Đ. Cách Mạng Tháng 8, Phường 15, Quận 10, Thành phố Hồ Chí Minh, Vietnam",,4.3,"['grocery_or_supermarket', 'point_of_interest', 'food', 'store', 'establishment']"
1242,ChIJYYnFggAvdTERzbajnZgENoM,Siêu Thị Chính Hãng Giá Rẻ,OPERATIONAL,"463b/49 Đ. Cách Mạng Tháng 8, Phường 13, Quận 10, Thành phố Hồ Chí Minh, Vietnam",,0.0,"['supermarket', 'grocery_or_supermarket', 'food', 'point_of_interest', 'store', 'establishment']"
1245,ChIJ5dpKvFcvdTERIMWVWvkn-n0,Mela Gourmet,OPERATIONAL,"240 Đ. Cách Mạng Tháng 8, Phường 10, Quận 3, Thành phố Hồ Chí Minh, Vietnam",,0.0,"['supermarket', 'grocery_or_supermarket', 'food', 'point_of_interest', 'store', 'establishment']"
1246,ChIJAUF1XrIvdTERbXD9yiC2wDM,Công Ty Cổ Phần Toà Nhà Thông Minh,OPERATIONAL,"134/1/30 Đ. Cách Mạng Tháng 8, Phường 10, Quận 3, Thành phố Hồ Chí Minh 700000, Vietnam",,5.0,"['supermarket', 'grocery_or_supermarket', 'food', 'point_of_interest', 'store', 'establishment']"
1250,ChIJQ0Z7xbYvdTER3MZai3v6WfE,Siêu thị thiên văn sài gòn,OPERATIONAL,"240/2 Đ. Cách Mạng Tháng 8, Phường 10, Quận 3, Thành phố Hồ Chí Minh 700000, Vietnam",,3.3,"['point_of_interest', 'store', 'establishment']"
1251,ChIJ_RCJ4OkvdTERTfR5Kc5qR2E,Cân tiểu ly điện tử - sieuthikts.com,OPERATIONAL,"240/2 Đ. Cách Mạng Tháng 8, Phường 10, Quận 3, Thành phố Hồ Chí Minh 700000, Vietnam",,3.8,"['electronics_store', 'store', 'point_of_interest', 'establishment']"
1252,ChIJeTJp2jovdTERbUwNI7BW43A,Siêu thị Mẹ bầu và Em bé KidsPlaza Cách mạng tháng 8,OPERATIONAL,"264 Đ. Cách Mạng Tháng 8, Phường 10, Quận 3, Thành phố Hồ Chí Minh 700000, Vietnam",,4.4,"['store', 'point_of_interest', 'establishment']"
1256,ChIJCUp4ZlwvdTERrflihfbgp6E,Công Ty TNHH CÔNG NGHỆ VÀ ĐÀO TẠO AT,OPERATIONAL,"609/16 CMT8-P15-Q10, Thành phố Hồ Chí Minh, Vietnam",,0.0,"['supermarket', 'grocery_or_supermarket', 'store', 'food', 'point_of_interest', 'establishment']"
1259,ChIJG3Jlc3QvdTERiaEQ2OBeZEY,MÁY LỌC NƯỚC KANGAROO HYDROGEN - QUẬN 3,OPERATIONAL,"542 Đ. Cách Mạng Tháng 8, Phường 11, Quận 03, Thành phố Hồ Chí Minh, Vietnam",,5.0,"['supermarket', 'grocery_or_supermarket', 'store', 'food', 'point_of_interest', 'establishment']"
1263,ChIJby8ODigvdTERMrfrvl5GJpA,Cửa Hàng Shop & Go,OPERATIONAL,"256 Đ. Cách Mạng Tháng 8, Phường 10, Quận 3, Thành phố Hồ Chí Minh, Vietnam",,4.0,"['grocery_or_supermarket', 'store', 'food', 'point_of_interest', 'establishment']"
1278,ChIJve6mAc0udTER-WmucYwjkgY,ATM - Vietinbank,OPERATIONAL,"83 Đ. Cách Mạng Tháng 8, Phường 5, Tân Bình, Thành phố Hồ Chí Minh, Vietnam",,3.6,"['atm', 'finance', 'point_of_interest', 'establishment']"
1280,ChIJYZPh6CQvdTERswdRwfgMRok,Vietcombank ATM - PGD Nguyen Thi Minh Khai,OPERATIONAL,"76 Đ. Cách Mạng Tháng 8, Phường 6, Quận 3, Thành phố Hồ Chí Minh, Vietnam",,1.7,"['atm', 'finance', 'point_of_interest', 'establishment']"
1281,ChIJG-llGSgvdTERbpIA5_BIe_w,ATM VPBANK,OPERATIONAL,"276C Đ. Cách Mạng Tháng 8, Phường 10, Quận 3, Thành phố Hồ Chí Minh, Vietnam",,3.6,"['atm', 'finance', 'point_of_interest', 'establishment']"
1285,ChIJn84PHCgvdTERiZ-gQfcyn4s,Dongabank - Atm,OPERATIONAL,"185 Đ. Cách Mạng Tháng 8, Phường 5, Quận 3, Thành phố Hồ Chí Minh, Vietnam",,3.0,"['atm', 'finance', 'point_of_interest', 'establishment']"
